pseudo_id,account_active_days,koen,permission_given_order,previous_subscriptions,previous_campaigns,previous_trials,newsletters_before_order,newsletters_after_order,churn,continued_subscription,early_churn,age,kundetid_gruppe,utm_content,utm_medium,utm_source,antal_sidevisninger,antal_dage_aktiv,andel_restricted,avg_scroll_depth,andel_mobil,andel_social,andel_email,andel_search,laesedage_spredning,andel_weekend,andel_morgen,andel_aften,andel_ios,andel_android,andel_windows,andel_sport,andel_politik,andel_oekonomi,andel_kultur,cluster_label,n_visits,avg_scroll,share_mobile,share_desktop,share_restricted,share_search,share_internal,n_unique_pages
e1efb0bf97224357c9014734fbff2cc3,60,Kvinde,1,0,0,0,0,0,1,0,0,70,0-7 dage,A,content,jp.dk,3,3,0.3333333333333333,0.3333333333333333,0,0,0,0,6,0,0.6666666666666666,0.3333333333333333,0.3333333333333333,0,0,0,0,0,0,Desktop-traditionalisten,3,0.3333333333333333,0,0.6666666666666666,0.3333333333333333,0,0,3
a7d71891dcba30f635b04d7efb287a2e,60,Mand,0,0,0,0,0,0,0,1,0,50,0-7 dage,A,content,jp.dk,17,1,0.29411764705882354,0.3382352941176471,1,0,0,0,0,0,1,0,1,0,0,0,0,0.29411764705882354,0,Mobil-nykommeren,17,0.3382352941176471,1,0,0.29411764705882354,0,0.6470588235294118,17
b614f17cb152704959cdf42349d6a4cb,60,Mand,0,6,1,2,3,3,1,0,0,69,6+ måneder,B,mail,mail,78,13,0.358974358974359,0.27884615384615385,0,0,0,0,30,0,0.358974358974359,0.02564102564102564,0,0,1,0.0641025641025641,0.038461538461538464,0.01282051282051282,0.038461538461538464,Desktop-traditionalisten,78,0.27884615384615385,0,1,0.358974358974359,0,0.5384615384615384,78
5b6a7ea3f7caeadaadd87d90cc4e4780,60,Mand,0,1,1,0,0,0,1,0,0,46,1-6 måneder,Andet,Matrice,jp.dk,947,31,0.2365364308342133,0.2703273495248152,1,0.0010559662090813093,0,0.0021119324181626186,30,0,0.2682154171066526,0.3326293558606125,1,0,0,0.009503695881731784,0.01689545934530095,0.03695881731784583,0.0454065469904963,Power-brugeren (Mest mobil),947,0.2703273495248152,1,0,0.2365364308342133,0.0021119324181626186,0.42344244984160506,946
dcd9d5af27530c8a408dc9233552e69b,60,Kvinde,0,1,0,1,0,0,0,1,1,79,6+ måneder,A,content,jp.dk,119,27,0.3025210084033613,0.46218487394957986,0,0.18487394957983194,0,0,29,0,0.15966386554621848,0.13445378151260504,0.4117647058823529,0,0,0,0.01680672268907563,0.04201680672268908,0.01680672268907563,Desktop-traditionalisten,119,0.46218487394957986,0,0.5882352941176471,0.3025210084033613,0,0.5630252100840336,119
28c7f0fd6c244321b656ee0f6b4f5c25,60,Mand,1,3,1,2,3,3,0,1,0,87,6+ måneder,Andet,mail,mail,10,2,0.7,0.55,0,0,0,0,1,0,0.6,0.4,1,0,0,0,0,0,0,Mobil-nykommeren,10,0.55,0,0,0.7,0,0.6,10
addf8ac99c42c7e9e69884fdd2a6cf4a,60,Kvinde,1,4,1,1,0,0,1,0,0,55,6+ måneder,B,content,jp.dk,421,29,0.30641330166270786,0.31057007125890734,0,0,0,0.33966745843230406,30,0,0.2161520190023753,0.12114014251781473,0,0,0.33016627078384797,0,0.019002375296912115,0.04275534441805225,0.07838479809976247,Desktop-traditionalisten,421,0.31057007125890734,0,1,0.30641330166270786,0.33966745843230406,0.6484560570071259,421
1d9f3d5a9795504ed312e80249efa8c7,60,Mand,0,0,0,0,0,0,0,1,0,50,6+ måneder,B,content,jp.dk,399,27,0.2957393483709273,0.3283208020050125,0.9949874686716792,0,0,0.007518796992481203,30,0,0.17042606516290726,0.3433583959899749,0.08020050125313283,0.9147869674185464,0.005012531328320802,0.002506265664160401,0.007518796992481203,0.047619047619047616,0.03508771929824561,Mobil-nykommeren,399,0.3283208020050125,0.9949874686716792,0.005012531328320802,0.2957393483709273,0.007518796992481203,0.5463659147869674,399
83da59eb70f526294fc5903113df888f,60,Mand,0,1,1,1,0,0,0,1,1,69,6+ måneder,A,mail,mail,23,11,0.4782608695652174,0.4673913043478261,0.5652173913043478,0.4782608695652174,0,0,21,0,0.391304347826087,0.21739130434782608,0.5652173913043478,0,0.43478260869565216,0,0,0,0,Mobil-nykommeren,23,0.4673913043478261,0.5652173913043478,0.43478260869565216,0.4782608695652174,0,0.21739130434782608,23
232433aa3d7e847e0a462e9336be16d7,60,Mand,0,1,1,0,0,0,1,0,0,72,6+ måneder,Ukendt,topticker,jp.dk,551,27,0.279491833030853,0.1987295825771325,1,0,0,0.039927404718693285,30,0,0.19056261343012704,0.17604355716878403,1,0,0,0.0054446460980036296,0.032667876588021776,0.06170598911070781,0.025408348457350273,Power-brugeren (Mest mobil),551,0.1987295825771325,1,0,0.279491833030853,0.039927404718693285,0.9165154264972777,551
660fab39539b87b268e59b0d5cc6be74,60,Kvinde,0,0,0,0,0,0,0,1,1,25,6+ måneder,A,content,jp.dk,5,2,0.2,0.6,0,0,0,0.4,1,0,0.6,0,0,0,0,0,0,0,0,Desktop-traditionalisten,5,0.6,0,1,0.2,0.4,0.4,5
042313fde35eb5e19b2106bf175cd5e9,60,Kvinde,1,0,0,0,0,0,0,1,0,61,0-7 dage,A,content,jp.dk,158,17,0.3924050632911392,0.5221518987341772,1,0,0,0.22151898734177214,28,0,0.21518987341772153,0.4936708860759494,0,1,0,0.006329113924050633,0.05063291139240506,0.06962025316455696,0.10126582278481013,Mobil-nykommeren,158,0.5221518987341772,1,0,0.3924050632911392,0.22151898734177214,0.740506329113924,158
ef8055f337f6e7440116a5bcd1297e6b,60,Mand,0,13,7,7,2,2,0,1,1,70,6+ måneder,A,mail,mail,32,11,0.375,0.46875,0.8125,0,0,0,30,0,0.0625,0.1875,0.8125,0,0,0.28125,0,0.09375,0,Veteranen (Høj historik),32,0.46875,0.8125,0.1875,0.375,0,0.25,32
e209e48b572e7337edd6c072ebab6cc2,60,Ikke oplyst,1,0,0,0,0,0,0,1,0,58,6+ måneder,A,content,jp.dk,299,31,0.25752508361204013,0.30518394648829433,0.7725752508361204,0,0,0,30,0,0.23745819397993312,0.22073578595317725,0,0.7725752508361204,0,0.020066889632107024,0.020066889632107024,0.030100334448160536,0.09698996655518395,Mobil-nykommeren,299,0.30518394648829433,0.7725752508361204,0.22742474916387959,0.25752508361204013,0,0.48494983277591974,299
088f15f5143f6bdf5f317f30bcafe199,60,Mand,0,0,0,0,0,0,0,1,0,55,0-7 dage,A,content,jp.dk,307,25,0.2768729641693811,0.22394136807817588,1,0,0,0,30,0,0.2931596091205212,0.2931596091205212,1,0,0,0.013029315960912053,0.006514657980456026,0.07166123778501629,0.06514657980456026,Mobil-nykommeren,307,0.22394136807817588,1,0,0.2768729641693811,0,0.6905537459283387,307
8ca62176a2868f3a1c9d4b663d802fba,60,Mand,0,1,1,1,6,6,1,0,0,71,6+ måneder,Andet,email,jp,237,30,0.4810126582278481,0.5084388185654009,0.9831223628691983,0,0,0.004219409282700422,30,0,0.07172995780590717,0.2742616033755274,0.9831223628691983,0,0,0.1350210970464135,0.029535864978902954,0.08016877637130802,0.02531645569620253,Mobil-nykommeren,237,0.5084388185654009,0.9831223628691983,0.016877637130801686,0.4810126582278481,0.004219409282700422,0.39662447257383965,237
0181daedf475221291df382a21589255,60,Mand,0,0,0,0,0,0,0,1,0,29,0-7 dage,A,content,jp.dk,55,5,0.10909090909090909,0.18636363636363637,0.03636363636363636,0,0,0.09090909090909091,21,0,0.2909090909090909,0,0.03636363636363636,0,0.9636363636363636,0,0,0.10909090909090909,0.01818181818181818,Desktop-traditionalisten,55,0.18636363636363637,0.03636363636363636,0.9636363636363636,0.10909090909090909,0.09090909090909091,0.41818181818181815,55
bbb361a9cc76e407add75eb772b1ee6e,60,Mand,0,0,0,0,0,0,1,0,0,35,6+ måneder,A,content,jp.dk,1,1,1,1,0,0,0,0,0,0,1,0,0,0,0,0,0,0,1,Desktop-traditionalisten,1,1,0,1,1,0,0,1
c7bdb7da31ed15bcc2b8dcee4686c508,60,Mand,0,0,0,0,0,0,0,1,1,51,0-7 dage,Andet,mail,mail,10,5,0.5,0.425,1,0.2,0,0,22,0,0.5,0.2,1,0,0,0,0,0,0,Mobil-nykommeren,10,0.425,1,0,0.5,0,0,10
cea6e8cff201b5805f306ac32de5c6b3,60,Mand,0,2,2,0,0,0,0,1,0,52,6+ måneder,A,content,jp.dk,13,6,0.3076923076923077,0.19230769230769232,1,0,0,0,27,0,0.07692307692307693,0.23076923076923078,1,0,0,0,0,0.15384615384615385,0,Mobil-nykommeren,13,0.19230769230769232,1,0,0.3076923076923077,0,0.6153846153846154,13
93625aee48370e1661dd32a64c270def,60,Mand,0,5,2,3,3,3,0,1,0,57,6+ måneder,B,content,jp.dk,144,23,0.20833333333333334,0.296875,0,0.013888888888888888,0,0.006944444444444444,30,0,0.020833333333333332,0.3958333333333333,0,0,0.9444444444444444,0.020833333333333332,0.020833333333333332,0.0625,0.05555555555555555,Desktop-traditionalisten,144,0.296875,0,1,0.20833333333333334,0.006944444444444444,0.8472222222222222,144
94b676c80fe51500f9b72c7222d01021,60,Mand,1,0,0,0,0,0,0,1,0,59,0-7 dage,Andet,Matrice,App,36,12,0.3888888888888889,0.4236111111111111,1,0,0,0,30,0,0.6111111111111112,0.05555555555555555,0,1,0,0,0,0.027777777777777776,0.19444444444444445,Mobil-nykommeren,36,0.4236111111111111,1,0,0.3888888888888889,0,0.2222222222222222,36
9c002c13eedc708f9732104b70028094,60,Mand,1,6,3,2,0,0,1,0,0,75,6+ måneder,B,mail,mail,2,2,0.5,0.375,0,0,0,0,7,0,0.5,0,0,0,1,0,0,0,0,Desktop-traditionalisten,2,0.375,0,1,0.5,0,0,2
25567a00c727a5f238f2147e7806428f,60,Kvinde,1,2,2,1,0,0,1,0,0,56,6+ måneder,A,content,jp.dk,21,12,0.6666666666666666,0.5833333333333334,1,0.7142857142857143,0,0,26,0,0.38095238095238093,0.5238095238095238,1,0,0,0,0.047619047619047616,0.19047619047619047,0.09523809523809523,Mobil-nykommeren,21,0.5833333333333334,1,0,0.6666666666666666,0,0.14285714285714285,21
e4c5b02a0d4e20c09552d31e50c13fc4,60,Kvinde,0,0,0,0,0,0,1,0,0,56,6+ måneder,A,content,jp.dk,56,13,0.3392857142857143,0.38839285714285715,0,0,0,0,27,0,0,0.6964285714285714,0,0,0,0,0.07142857142857142,0.16071428571428573,0.05357142857142857,Desktop-traditionalisten,56,0.38839285714285715,0,1,0.3392857142857143,0,0.9285714285714286,56
b944960f6860c84cc00a6c1d854006da,60,Mand,0,0,0,0,4,5,0,1,0,60,6+ måneder,Ukendt,Weblayer,jp.dk,504,31,0.2361111111111111,0.26240079365079366,0.6349206349206349,0,0,0.001984126984126984,30,0,0.20238095238095238,0.12698412698412698,0.6349206349206349,0,0.36507936507936506,0.007936507936507936,0.01984126984126984,0.05357142857142857,0.01984126984126984,Power-brugeren (Mest mobil),504,0.26240079365079366,0.6349206349206349,0.36507936507936506,0.2361111111111111,0.001984126984126984,0.4603174603174603,504
a7e986aac8ad1d94417c528739b94ff3,60,Mand,1,1,1,0,0,0,0,1,0,77,6+ måneder,B,mail,mail,1,1,1,0.75,1,0,0,0,0,0,1,0,0,1,0,0,0,0,0,Mobil-nykommeren,1,0.75,1,0,1,0,1,1
5414c1785bf852a26470a8f4a434f89e,60,Ikke oplyst,0,0,0,0,0,0,0,1,0,35,0-7 dage,A,content,jp.dk,54,11,0.18518518518518517,0.33796296296296297,0.7592592592592593,0,0,0.2962962962962963,29,0,0.037037037037037035,0.09259259259259259,0.7592592592592593,0,0.24074074074074073,0,0,0.07407407407407407,0,Mobil-nykommeren,54,0.33796296296296297,0.7592592592592593,0.24074074074074073,0.18518518518518517,0.2962962962962963,0.5925925925925926,54
673614cb7aa6ff9045d6a6da7911a1eb,60,Mand,0,3,2,0,0,0,0,1,1,61,6+ måneder,Ukendt,Matrice,jp.dk,7,3,0.14285714285714285,0.32142857142857145,1,0,0,0,11,0,0,0.14285714285714285,1,0,0,0,0,0,0,Mobil-nykommeren,7,0.32142857142857145,1,0,0.14285714285714285,0,0.7142857142857143,7
1be6d7824f5784e4439a64918e21e211,60,Kvinde,0,0,0,0,0,0,0,1,1,71,0-7 dage,Andet,Matrice,jp.dk,0,0,0,0,0,0,0,0,0,0,0,0,0,0,0,0,0,0,0,Spøgelses-brugeren (Lav aktivitet),0,0,0,0,0,0,0,0
d5d12b6ce3e1654989aaee9f47de2a62,9,Mand,1,0,0,0,0,0,1,0,0,71,6+ måneder,Andet,Matrice,jp.dk,0,0,0,0,0,0,0,0,0,0,0,0,0,0,0,0,0,0,0,Spøgelses-brugeren (Lav aktivitet),0,0,0,0,0,0,0,0
51c2d08fe703a913e16ff2fa55176d2a,60,Kvinde,0,1,1,0,0,0,0,1,0,54,6+ måneder,B,mail,mail,85,22,0.21176470588235294,0.23823529411764705,0.09411764705882353,0,0,0,30,0,0.058823529411764705,0.49411764705882355,0.09411764705882353,0,0,0,0,0.09411764705882353,0.03529411764705882,Desktop-traditionalisten,85,0.23823529411764705,0.09411764705882353,0.9058823529411765,0.21176470588235294,0,0.3411764705882353,85
5bf87d92442082440339d43d7996e983,60,Mand,1,7,6,1,2,2,0,1,0,56,6+ måneder,B,content,jp.dk,555,30,0.3099099099099099,0.31486486486486487,0.6972972972972973,0,0,0,30,0,0.3567567567567568,0.34054054054054056,0.6972972972972973,0,0,0.0018018018018018018,0.010810810810810811,0.04864864864864865,0.018018018018018018,Power-brugeren (Mest mobil),555,0.31486486486486487,0.6972972972972973,0.3027027027027027,0.3099099099099099,0,0.8756756756756757,555
bd131313a490d54ccf4d7dd7c72f8b96,60,Kvinde,1,0,0,0,0,0,0,1,1,69,6+ måneder,Andet,Matrice,jp.dk,40,8,0.125,0.3,0,0,0,0.05,22,0,0.325,0.1,0,0,1,0,0,0.025,0,Desktop-traditionalisten,40,0.3,0,1,0.125,0.05,0.475,40
323922e8476497ef1c3cd0573b121c58,60,Mand,0,11,6,4,1,1,0,1,0,70,6+ måneder,A,mail,mail,161,27,0.2919254658385093,0.2608695652173913,0.9503105590062112,0,0,0,30,0,0.19875776397515527,0.3416149068322981,0,0.9503105590062112,0.049689440993788817,0,0.031055900621118012,0.055900621118012424,0.018633540372670808,Veteranen (Høj historik),161,0.2608695652173913,0.9503105590062112,0.049689440993788817,0.2919254658385093,0,0.4409937888198758,161
bb23615e32aca66b3af9ec1042ddb8be,60,Kvinde,0,0,0,0,0,0,1,0,0,40,6+ måneder,A,content,jp.dk,13,3,0.5384615384615384,0.40384615384615385,0.15384615384615385,0,0,0,15,0,0,0.07692307692307693,0.15384615384615385,0,0.8461538461538461,0,0,0,0,Desktop-traditionalisten,13,0.40384615384615385,0.15384615384615385,0.8461538461538461,0.5384615384615384,0,0.23076923076923078,13
1520c6ce0859197137f8c2ba4e316b33,60,Kvinde,0,0,0,0,0,0,0,1,0,59,6+ måneder,Andet,Matrice,jp.dk,112,21,0.42857142857142855,0.47098214285714285,0,0,0,0.044642857142857144,30,0,0.6875,0.25,0,0,1,0,0.017857142857142856,0.05357142857142857,0.08928571428571429,Desktop-traditionalisten,112,0.47098214285714285,0,1,0.42857142857142855,0.044642857142857144,0.7321428571428571,112
e2035d51088ce9d756f789c0272280e5,60,Mand,1,3,1,2,0,0,0,1,1,89,6+ måneder,Andet,mail,mail,0,0,0,0,0,0,0,0,0,0,0,0,0,0,0,0,0,0,0,Spøgelses-brugeren (Lav aktivitet),0,0,0,0,0,0,0,0
1d5478a63294ca8ce41f80f797e23696,60,Mand,0,14,7,9,0,0,1,0,0,82,6+ måneder,Andet,mail,mail,45,8,0.3111111111111111,0.2833333333333333,0,0,0,0,30,0,0.06666666666666667,0.5333333333333333,0,0,1,0,0,0,0,Veteranen (Høj historik),45,0.2833333333333333,0,1,0.3111111111111111,0,0.8,44
af67fd7c157c69d9d9ee61096189a7f3,60,Kvinde,1,0,0,0,0,0,1,0,0,62,6+ måneder,Andet,Matrice,jp.dk,43,8,0.20930232558139536,0.20930232558139536,0.4186046511627907,0,0,0.20930232558139536,20,0,0.32558139534883723,0.27906976744186046,0.4186046511627907,0,0,0,0.09302325581395349,0.023255813953488372,0,Desktop-traditionalisten,43,0.20930232558139536,0.4186046511627907,0.5813953488372093,0.20930232558139536,0.20930232558139536,0.5581395348837209,42
883b095032e3de2ea29c0f37082e116f,60,Kvinde,0,1,0,1,0,0,0,1,0,59,6+ måneder,A,content,jp.dk,1,1,1,0.75,0,0,0,0,0,0,0,0,0,0,1,0,0,0,1,Desktop-traditionalisten,1,0.75,0,1,1,0,0,1
86bada2394a6cbe10af2ec8e80297326,60,Mand,0,4,2,2,0,0,1,0,0,63,6+ måneder,Andet,mail,mail,17,4,0.35294117647058826,0.5882352941176471,0,0,0,0,25,0,0,0,0,0,0,0,0.058823529411764705,0.11764705882352941,0,Desktop-traditionalisten,17,0.5882352941176471,0,1,0.35294117647058826,0,0.23529411764705882,17
8450867c34d2e1b804617f92fedc6d49,60,Kvinde,1,4,3,2,1,1,1,0,0,67,6+ måneder,Andet,email,jp,19,2,0.3684210526315789,0.4342105263157895,0.05263157894736842,0,0,0,4,0,0,0,0.05263157894736842,0,0.3157894736842105,0,0.05263157894736842,0.10526315789473684,0.15789473684210525,Desktop-traditionalisten,19,0.4342105263157895,0.05263157894736842,0.9473684210526315,0.3684210526315789,0,0.7368421052631579,19
fcff08f9900492e80d3bc88cd2816a0b,60,Kvinde,0,0,0,0,1,1,0,1,1,65,6+ måneder,A,content,jp.dk,19,7,0.631578947368421,0.5131578947368421,1,0,0,0,18,0,0.631578947368421,0.2631578947368421,0,1,0,0,0,0.05263157894736842,0,Mobil-nykommeren,19,0.5131578947368421,1,0,0.631578947368421,0,0.47368421052631576,19
d4a76a674c30756c5fe2e9b0159d45f9,60,Kvinde,1,9,3,5,5,5,0,1,0,53,6+ måneder,A,content,jp.dk,293,31,0.1945392491467577,0.2158703071672355,0.6313993174061433,0,0,0,30,0,0.18430034129692832,0.4539249146757679,0.23208191126279865,0.6313993174061433,0.13651877133105803,0.010238907849829351,0.027303754266211604,0.04436860068259386,0.023890784982935155,Veteranen (Høj historik),293,0.2158703071672355,0.6313993174061433,0.13651877133105803,0.1945392491467577,0,0.5494880546075085,293
57ad9a7e617c8046eceb938ec43f2890,60,Kvinde,0,0,0,0,0,0,1,0,0,35,0-7 dage,A,content,jp.dk,3,2,1,0.6666666666666666,1,0,0,0,1,0,0.6666666666666666,0.3333333333333333,1,0,0,0,0,0,0,Mobil-nykommeren,3,0.6666666666666666,1,0,1,0,0,3
c9c0ee891e75d4768f4cacb8d505a47b,60,Mand,1,1,1,0,0,2,0,1,0,70,1-6 måneder,Andet,Matrice,jp.dk,59,15,0.3050847457627119,0.3432203389830508,1,0,0,0,29,0,0.576271186440678,0,1,0,0,0,0.05084745762711865,0.15254237288135594,0,Mobil-nykommeren,59,0.3432203389830508,1,0,0.3050847457627119,0,0.6949152542372882,59
f33e5dc74fc7c613e1c5183dca828d52,60,Mand,0,4,2,1,0,0,1,0,0,47,6+ måneder,A,content,jp.dk,344,31,0.27906976744186046,0.29651162790697677,1,0,0,0,30,0,0.33430232558139533,0.06395348837209303,1,0,0,0.0029069767441860465,0.029069767441860465,0.046511627906976744,0.01744186046511628,Power-brugeren (Mest mobil),344,0.29651162790697677,1,0,0.27906976744186046,0,0.4011627906976744,344
17020af801c477dfdca0e0e5632cab42,60,Mand,1,0,0,0,0,0,0,1,0,67,0-7 dage,Ukendt,FB_side,FB,104,18,0.4230769230769231,0.5649038461538461,0,0.3173076923076923,0,0,30,0,0.125,0.5480769230769231,0,0,1,0.07692307692307693,0.028846153846153848,0.057692307692307696,0.019230769230769232,Desktop-traditionalisten,104,0.5649038461538461,0,1,0.4230769230769231,0,0.6057692307692307,104
a9776a8f6473d254f8441d26aa767367,60,Mand,0,4,1,2,0,0,1,0,0,75,6+ måneder,B,content,jp.dk,28,10,0.17857142857142858,0.26785714285714285,0,0,0,0,29,0,0.39285714285714285,0,0,0,0,0,0.03571428571428571,0.03571428571428571,0.03571428571428571,Desktop-traditionalisten,28,0.26785714285714285,0,1,0.17857142857142858,0,0.2857142857142857,28
6ca57084366df9159aab1cda13a41114,60,Kvinde,0,15,9,5,0,0,0,1,1,57,6+ måneder,Ukendt,topticker,jp.dk,0,0,0,0,0,0,0,0,0,0,0,0,0,0,0,0,0,0,0,Spøgelses-brugeren (Lav aktivitet),0,0,0,0,0,0,0,0
514346f9ea73786308ed7465bb307dac,60,Kvinde,0,0,0,0,0,0,1,0,0,42,0-7 dage,Andet,Matrice,jp.dk,4,4,0.25,0.8125,1,0.5,0,0,29,0,0.75,0,1,0,0,0,0,0,0.75,Mobil-nykommeren,4,0.8125,1,0,0.25,0,0,4
cbd25d5f4fe90834708bb6e362dd71ff,60,Kvinde,0,0,0,0,0,0,1,0,0,33,6+ måneder,A,content,jp.dk,1,1,0,1,1,0,0,0,0,0,0,0,1,0,0,0,0,0,1,Mobil-nykommeren,1,1,1,0,0,0,0,1
336d377b414d6aeb1756502907b6ab86,60,Kvinde,1,1,0,0,0,0,0,1,1,76,6+ måneder,A,mail,mail,17,8,0.47058823529411764,0.27941176470588236,1,0.17647058823529413,0,0,29,0,0.23529411764705882,0.29411764705882354,1,0,0,0,0,0.058823529411764705,0,Mobil-nykommeren,17,0.27941176470588236,1,0,0.47058823529411764,0,0.23529411764705882,17
d61fc621115dad0ac2ed28f0b855bd11,60,Mand,1,7,4,3,0,0,0,1,1,69,6+ måneder,Andet,mail,mail,18,2,0.5,0.3333333333333333,0,0,0,0,1,0,0.8333333333333334,0,0,0,0,0,0,0.16666666666666666,0,Desktop-traditionalisten,18,0.3333333333333333,0,1,0.5,0,0.8333333333333334,18
29127e2a7ed2ad5ae7a0b90963270788,60,Mand,0,11,8,5,0,1,0,1,1,57,6+ måneder,Andet,mail,mail,34,10,0.4411764705882353,0.3897058823529412,1,0,0,0.058823529411764705,28,0,0.5,0.14705882352941177,1,0,0,0,0,0,0.058823529411764705,Veteranen (Høj historik),34,0.3897058823529412,1,0,0.4411764705882353,0.058823529411764705,0.3235294117647059,34
85079ecb3a36814ebd6bb872970c41ea,60,Mand,0,9,3,6,0,0,0,1,0,44,6+ måneder,Andet,mail,mail,426,28,0.33568075117370894,0.4471830985915493,0.15258215962441316,0.011737089201877934,0,0,30,0,0.06103286384976526,0.33568075117370894,0,0.15258215962441316,0.8474178403755869,0.002347417840375587,0.02112676056338028,0.09154929577464789,0.02112676056338028,Power-brugeren (Mest mobil),426,0.4471830985915493,0.15258215962441316,0.8474178403755869,0.33568075117370894,0,0.6713615023474179,418
d2acf3cf03a69046e1623fa33ae114b1,60,Mand,0,0,0,0,0,0,0,1,0,38,0-7 dage,B,content,jp.dk,22,7,0,0.06818181818181818,1,0,0,0,28,0,0.45454545454545453,0.2727272727272727,0,1,0,0.045454545454545456,0,0,0,Spøgelses-brugeren (Lav aktivitet),22,0.06818181818181818,1,0,0,0,0.09090909090909091,22
1a2b0c171a74b27b44c0eb3d5c42f083,60,Kvinde,0,0,0,0,0,0,1,0,0,64,0-7 dage,A,content,jp.dk,529,31,0.23251417769376181,0.29584120982986767,0.05860113421550094,0.001890359168241966,0,0.001890359168241966,30,0,0.5708884688090737,0.054820415879017016,0.05860113421550094,0,0,0,0.017013232514177693,0.06994328922495274,0.017013232514177693,Desktop-traditionalisten,529,0.29584120982986767,0.05860113421550094,0.941398865784499,0.23251417769376181,0.001890359168241966,0.4706994328922495,529
c806f370485dca6c667bf0c1000c949e,60,Mand,1,0,0,0,4,4,0,1,0,73,6+ måneder,Andet,mail,mail,0,0,0,0,0,0,0,0,0,0,0,0,0,0,0,0,0,0,0,Spøgelses-brugeren (Lav aktivitet),0,0,0,0,0,0,0,0
7c4436fb02b5ec2e2f2926846b4f1df7,60,Kvinde,0,0,0,0,0,0,1,0,0,20,0-7 dage,A,content,jp.dk,7,2,0.14285714285714285,0.5357142857142857,0,0,0,0,1,0,0.42857142857142855,0.2857142857142857,0,0,0,0,0,0.5714285714285714,0,Desktop-traditionalisten,7,0.5357142857142857,0,1,0.14285714285714285,0,0.14285714285714285,7
dd70d17ba6653dad85b4c6d304785ebb,60,Mand,0,0,0,0,0,0,1,0,0,20,0-7 dage,A,content,jp.dk,10,5,0.5,0.3,0,0,0,0.1,17,0,0,0.1,0,0,0,0,0,0,0,Desktop-traditionalisten,10,0.3,0,1,0.5,0.1,0.2,10
d394a1f873177cca6f4d0c3067edf964,60,Mand,0,20,11,2,0,0,1,0,0,34,6+ måneder,A,content,jp.dk,121,22,0.2809917355371901,0.3739669421487603,0.17355371900826447,0.11570247933884298,0,0.008264462809917356,28,0,0.1322314049586777,0.2727272727272727,0.17355371900826447,0,0.8264462809917356,0,0.03305785123966942,0.12396694214876033,0.01652892561983471,Veteranen (Høj historik),121,0.3739669421487603,0.17355371900826447,0.8264462809917356,0.2809917355371901,0.008264462809917356,0.39669421487603307,121
2ed2e7c7740caace45ef81eba21f0739,60,Ikke oplyst,1,0,0,0,0,0,0,1,0,41,0-7 dage,Andet,Matrice,jp.dk,10,2,0.2,0.325,1,0.1,0,0,1,0,0,0.2,1,0,0,0,0,0.2,0,Mobil-nykommeren,10,0.325,1,0,0.2,0,0.4,10
e293d3ecc73fa3a96ec0e0ae898c6f70,60,Mand,1,3,3,0,3,4,1,0,0,69,6+ måneder,Andet,ppc,adwords,3,3,0.3333333333333333,0.5833333333333334,1,0,0.6666666666666666,0.3333333333333333,10,0,0.6666666666666666,0.3333333333333333,0,1,0,0,0,0.3333333333333333,0,Mobil-nykommeren,3,0.5833333333333334,1,0,0.3333333333333333,0.3333333333333333,0,3
c98ca624535336c5a0b8cb324f657306,4,Mand,0,3,2,0,3,3,1,0,0,82,6+ måneder,Andet,mail,mail,0,0,0,0,0,0,0,0,0,0,0,0,0,0,0,0,0,0,0,Spøgelses-brugeren (Lav aktivitet),0,0,0,0,0,0,0,0
4edef8642d9ac7a2431d6157da2283a5,60,Mand,1,24,7,13,4,4,0,1,0,77,6+ måneder,Andet,mail,mail,1231,31,0.26807473598700243,0.3064581640942323,0,0,0,0,30,0,0.1957757920389927,0.1876523151909017,0,0,1,0.007311129163281885,0.020308692120227456,0.04224207961007311,0.034930950446791224,Veteranen (Høj historik),1231,0.3064581640942323,0,1,0.26807473598700243,0,0.7855402112103981,1231
2c32c80e711319c80b09ba09c6809d26,60,Kvinde,0,0,0,0,0,0,1,0,0,53,6+ måneder,A,content,jp.dk,30,5,0.5333333333333333,0.4583333333333333,0.43333333333333335,0,0,0.1,21,0,0.2,0.7666666666666667,0,0.43333333333333335,0.5666666666666667,0,0.06666666666666667,0.06666666666666667,0.1,Desktop-traditionalisten,30,0.4583333333333333,0.43333333333333335,0.5666666666666667,0.5333333333333333,0.1,0.6333333333333333,30
b3743cd8f717c4b7c1f68f572f1af0d5,60,Kvinde,0,0,0,0,0,0,1,0,0,48,0-7 dage,A,content,jp.dk,4,1,0.5,0.75,1,0,0,0.25,0,0,0,0,0,1,0,0,0,0,0,Mobil-nykommeren,4,0.75,1,0,0.5,0.25,0,4
9a521d66e5b717f7f3fd33bda2026c9d,60,Mand,0,0,0,0,0,0,0,1,0,62,0-7 dage,A,content,jp.dk,48,18,0.16666666666666666,0.15625,0,0,0,0,29,0,0.3958333333333333,0.0625,0,0,0.0625,0,0,0.0625,0.041666666666666664,Desktop-traditionalisten,48,0.15625,0,1,0.16666666666666666,0,0.20833333333333334,48
07e66a948735615a86d845bd1a71c5cb,60,Kvinde,1,0,0,0,0,0,1,0,0,78,6+ måneder,B,mail,mail,125,16,0.368,0.396,1,0,0,0,28,0,0.536,0.048,1,0,0,0.008,0.024,0.056,0.096,Mobil-nykommeren,125,0.396,1,0,0.368,0,0.72,125
3ccfb60c0dcc940bdf0b4b93fe782108,60,Kvinde,1,4,2,2,0,0,1,0,0,63,6+ måneder,Andet,mail,mail,11,4,0.18181818181818182,0.20454545454545456,0.5454545454545454,0,0,0,6,0,0.5454545454545454,0,1,0,0,0,0,0,0,Spøgelses-brugeren (Lav aktivitet),11,0.20454545454545456,0.5454545454545454,0,0.18181818181818182,0,0.36363636363636365,11
2a0fd6364ffb8b6e44ac73c1772ed2f6,60,Kvinde,0,0,0,0,0,0,0,1,1,63,6+ måneder,A,content,jp.dk,12,2,0.75,0.375,1,0,0,0,13,0,0,0.4166666666666667,0,1,0,0,0,0,0.08333333333333333,Mobil-nykommeren,12,0.375,1,0,0.75,0,0.8333333333333334,12
e847ea728b05af68539b431924d9d824,60,Mand,1,3,1,0,0,0,0,1,0,67,6+ måneder,Andet,mail,mail,751,30,0.1877496671105193,0.20938748335552596,0,0,0,0,30,0,0.24101198402130491,0.2796271637816245,0,0,0,0.002663115845539281,0.009320905459387484,0.0492676431424767,0.014647137150466045,Power-brugeren (Mest mobil),751,0.20938748335552596,0,1,0.1877496671105193,0,0.4580559254327563,751
66f57e32e0c74a2c96496546c59b27d6,60,Ikke oplyst,0,1,0,1,0,0,1,0,0,53,6+ måneder,B,content,jp.dk,254,29,0.22440944881889763,0.21358267716535434,1,0,0,0,30,0,0.08661417322834646,0.16929133858267717,1,0,0,0,0.011811023622047244,0.05511811023622047,0.007874015748031496,Mobil-nykommeren,254,0.21358267716535434,1,0,0.22440944881889763,0,0.4448818897637795,254
bf5844c314a6cbd3e5d74142a2f254bc,60,Kvinde,0,11,9,3,0,0,1,0,0,47,6+ måneder,A,content,jp.dk,298,28,0.2785234899328859,0.34731543624161076,0.6812080536912751,0.003355704697986577,0,0,30,0,0.31543624161073824,0.16778523489932887,0,0.6812080536912751,0.3187919463087248,0,0.003355704697986577,0.06375838926174497,0.03691275167785235,Veteranen (Høj historik),298,0.34731543624161076,0.6812080536912751,0.3187919463087248,0.2785234899328859,0,0.4798657718120805,298
333be8d71beacb6ec8d9caf47393d755,60,Mand,0,0,0,0,0,0,1,0,0,47,6+ måneder,A,content,jp.dk,85,15,0.29411764705882354,0.3,0,0,0,0,30,0,0.27058823529411763,0.058823529411764705,0,0,0.8588235294117647,0,0.023529411764705882,0.08235294117647059,0.023529411764705882,Desktop-traditionalisten,85,0.3,0,1,0.29411764705882354,0,0.4823529411764706,85
c2f05fb7a4757702550100feac09b80f,60,Kvinde,1,0,0,0,0,0,0,1,0,63,0-7 dage,B,content,jp.dk,17,5,0.29411764705882354,0.4117647058823529,1,0.058823529411764705,0,0.11764705882352941,7,0,0.058823529411764705,0.7647058823529411,1,0,0,0,0,0.5294117647058824,0,Mobil-nykommeren,17,0.4117647058823529,1,0,0.29411764705882354,0.11764705882352941,0.47058823529411764,17
d11308b020d39d9cf932704c9298d801,60,Kvinde,1,3,2,1,0,0,0,1,1,71,6+ måneder,B,mail,mail,245,26,0.2693877551020408,0.2938775510204082,0,0,0,0.2938775510204082,30,0,0.37142857142857144,0.14285714285714285,0,0,0,0,0.02857142857142857,0.05714285714285714,0.00816326530612245,Desktop-traditionalisten,245,0.2938775510204082,0,1,0.2693877551020408,0.2938775510204082,0.5469387755102041,244
40ce8c05d7acddc08d648c853f6c9a6a,60,Mand,0,0,0,0,0,0,1,0,0,59,0-7 dage,Andet,Matrice,jp.dk,63,7,0.31746031746031744,0.32936507936507936,0.6349206349206349,0,0,0.015873015873015872,27,0,0.2857142857142857,0.2698412698412698,0.6349206349206349,0,0.36507936507936506,0,0.015873015873015872,0.14285714285714285,0,Mobil-nykommeren,63,0.32936507936507936,0.6349206349206349,0.36507936507936506,0.31746031746031744,0.015873015873015872,0.7142857142857143,63
7a9fad27ae8841708385b2827b7bf92e,60,Mand,0,0,0,0,0,0,0,1,0,56,0-7 dage,Ukendt,Weblayer,jp.dk,281,31,0.2277580071174377,0.23309608540925267,0.09252669039145907,0,0,0,30,0,0.3309608540925267,0.31316725978647686,0,0.09252669039145907,0.9074733096085409,0.0071174377224199285,0,0.06405693950177936,0.05338078291814947,Desktop-traditionalisten,281,0.23309608540925267,0.09252669039145907,0.9074733096085409,0.2277580071174377,0,0.4092526690391459,281
55c6473e7caafd070a35a8907e348548,60,Mand,1,0,0,0,0,0,0,1,0,55,0-7 dage,Andet,Matrice,jp.dk,26,7,0.5384615384615384,0.36538461538461536,0.6538461538461539,0.07692307692307693,0,0,25,0,0.38461538461538464,0.15384615384615385,0.6538461538461539,0,0,0,0.07692307692307693,0.07692307692307693,0,Mobil-nykommeren,26,0.36538461538461536,0.6538461538461539,0.34615384615384615,0.5384615384615384,0,0,26
5f3f0dee1e07a275c13edeab81b5dc24,60,Mand,0,4,3,2,0,0,0,1,0,71,6+ måneder,B,mail,mail,510,31,0.3058823529411765,0.3980392156862745,0.1,0,0,0.00196078431372549,30,0,0.3568627450980392,0.21764705882352942,1,0,0,0.0058823529411764705,0.027450980392156862,0.060784313725490195,0.03529411764705882,Power-brugeren (Mest mobil),510,0.3980392156862745,0.1,0,0.3058823529411765,0.00196078431372549,0.615686274509804,510
415b000eecde4a9893f1b5573fc7881a,60,Mand,1,1,1,0,6,7,0,1,0,69,6+ måneder,Andet,mail,mail,40,10,0.45,0.7,0,0,0,0,28,0,0.15,0.075,0,0,1,0,0.025,0.1,0.025,Desktop-traditionalisten,40,0.7,0,1,0.45,0,0.6,40
c57715723b559d41744bb899bb494e69,60,Kvinde,0,0,0,0,0,0,1,0,0,55,6+ måneder,B,content,jp.dk,11,5,0.45454545454545453,0.4772727272727273,1,0.18181818181818182,0,0.09090909090909091,21,0,0.2727272727272727,0.36363636363636365,1,0,0,0.09090909090909091,0,0.09090909090909091,0,Mobil-nykommeren,11,0.4772727272727273,1,0,0.45454545454545453,0.09090909090909091,0.36363636363636365,11
f5e6f879f932f35a75797f0bb053c7c1,60,Mand,0,0,0,0,0,0,1,0,0,50,0-7 dage,Andet,Matrice,jp.dk,59,5,0.2542372881355932,0.3516949152542373,1,0,0,0,6,0,0.2033898305084746,0.3050847457627119,0,1,0,0,0,0.03389830508474576,0,Mobil-nykommeren,59,0.3516949152542373,1,0,0.2542372881355932,0,0.7288135593220338,59
11665511250f1af62935a7df84ac6d54,60,Mand,1,0,0,0,0,0,0,1,0,69,6+ måneder,Andet,Matrice,jp.dk,58,8,0.39655172413793105,0.43103448275862066,1,0,0,0,25,0,0,0.5689655172413793,1,0,0,0.13793103448275862,0,0.034482758620689655,0.017241379310344827,Mobil-nykommeren,58,0.43103448275862066,1,0,0.39655172413793105,0,0.6551724137931034,58
564ef54581efe26367b066edef38e432,60,Mand,1,0,0,0,0,0,0,1,1,42,0-7 dage,B,content,jp.dk,59,14,0.3050847457627119,0.1864406779661017,0.9661016949152542,0.03389830508474576,0,0,29,0,0.2711864406779661,0.0847457627118644,0.9661016949152542,0,0.03389830508474576,0,0,0.0847457627118644,0.05084745762711865,Mobil-nykommeren,59,0.1864406779661017,0.9661016949152542,0.03389830508474576,0.3050847457627119,0,0.4915254237288136,59
3d5b0a78f46ce3493d06c63115065930,60,Mand,1,2,2,0,0,2,1,0,0,82,6+ måneder,Andet,Matrice,jp.dk,4,2,0,0.0625,0,0,0,0,28,0,0.25,0,0,0,0,0,0.25,0,0,Spøgelses-brugeren (Lav aktivitet),4,0.0625,0,1,0,0,0.25,4
cf78ae59afd3ba595b9bbe3634e8861a,60,Mand,0,0,0,0,3,3,0,1,1,72,6+ måneder,A,content,jp.dk,72,14,0.5138888888888888,0.6458333333333334,0,0.041666666666666664,0,0,24,0,0.08333333333333333,0.125,0.2638888888888889,0,0,0,0.05555555555555555,0.08333333333333333,0.08333333333333333,Desktop-traditionalisten,72,0.6458333333333334,0,0.7361111111111112,0.5138888888888888,0,0.375,72
23a6f8a1edbc18b9f0f6371e1a325529,60,Mand,1,5,2,0,0,0,0,1,0,42,6+ måneder,Andet,Matrice,jp.dk,193,29,0.2694300518134715,0.3238341968911917,0.26424870466321243,0.0051813471502590676,0,0,30,0,0.11917098445595854,0.5492227979274611,0.9689119170984456,0,0.031088082901554404,0,0.025906735751295335,0.05699481865284974,0,Mobil-nykommeren,193,0.3238341968911917,0.26424870466321243,0.031088082901554404,0.2694300518134715,0,0.7150259067357513,193
43dea564b7e1ee3780f2b2542dcb7b4f,60,Mand,0,3,3,0,0,0,0,1,0,52,6+ måneder,A,content,jp.dk,1,1,1,0.75,1,0,0,0,0,0,0,0,1,0,0,0,0,0,0,Mobil-nykommeren,1,0.75,1,0,1,0,0,1
46458fa96e84938d9c665cfc72fbb2a9,60,Mand,1,3,1,2,2,2,0,1,0,57,6+ måneder,B,mail,mail,430,31,0.2813953488372093,0.30697674418604654,0.7186046511627907,0,0,0.004651162790697674,30,0,0.16279069767441862,0.39767441860465114,0.7186046511627907,0,0,0.004651162790697674,0.011627906976744186,0.04883720930232558,0.013953488372093023,Power-brugeren (Mest mobil),430,0.30697674418604654,0.7186046511627907,0.2813953488372093,0.2813953488372093,0.004651162790697674,0.5906976744186047,429
8a8a1e0958061656cc7c89651411c6eb,60,Mand,0,4,3,0,0,0,0,1,0,67,6+ måneder,B,content,jp.dk,487,30,0.41478439425051333,0.5816221765913757,0.063655030800821355,0,0,0,30,0,0.3675564681724846,0.24229979466119098,0,0.063655030800821355,0.9363449691991786,0.039014373716632446,0.026694045174537988,0.06570841889117043,0.09650924024640657,Desktop-traditionalisten,487,0.5816221765913757,0.063655030800821355,0.9363449691991786,0.41478439425051333,0,0.675564681724846,484
4519ba6ddcb93581ea7a4732319794a9,60,Mand,0,2,2,0,0,0,0,1,0,48,6+ måneder,Ukendt,Matrice,jp.dk,257,28,0.22178988326848248,0.14883268482490272,1,0,0,0,29,0,0.22178988326848248,0.36186770428015563,1,0,0,0.038910505836575876,0.01556420233463035,0.07003891050583658,0.0622568093385214,Mobil-nykommeren,257,0.14883268482490272,1,0,0.22178988326848248,0,0.4280155642023346,257
ba2390d524198acc3e1d5775c5003449,60,Mand,1,0,0,0,0,0,0,1,0,49,0-7 dage,A,content,jp.dk,26,5,0.3076923076923077,0.4326923076923077,0.7307692307692307,0.15384615384615385,0,0,22,0,0.5,0.23076923076923078,0.7307692307692307,0,0,0.07692307692307693,0,0.2692307692307692,0,Mobil-nykommeren,26,0.4326923076923077,0.7307692307692307,0.2692307692307692,0.3076923076923077,0,0.5769230769230769,26
3153c33ed1f578782ed8f49986d4cff4,60,Kvinde,0,0,0,0,0,0,1,0,0,66,0-7 dage,B,content,jp.dk,64,8,0.234375,0.27734375,0,0,0,0,29,0,0.140625,0.3125,0,0,0,0,0.140625,0.046875,0.0625,Desktop-traditionalisten,64,0.27734375,0,1,0.234375,0,0.546875,64
16f60feab4be66bbce8e014e9f6f1a04,60,Mand,0,3,1,1,1,1,1,0,0,62,6+ måneder,Andet,Matrice,jp.dk,468,29,0.24358974358974358,0.16826923076923078,0.7649572649572649,0,0,0.002136752136752137,30,0,0.4423076923076923,0.19230769230769232,0.13034188034188035,0.6346153846153846,0,0.029914529914529916,0.027777777777777776,0.053418803418803416,0.010683760683760684,Power-brugeren (Mest mobil),468,0.16826923076923078,0.7649572649572649,0.23504273504273504,0.24358974358974358,0.002136752136752137,0.5064102564102564,466
bc6682848d7c1b202333e98041418be1,60,Mand,0,6,2,4,0,0,1,0,0,75,6+ måneder,Andet,Matrice,jp.dk,497,31,0.22132796780684105,0.23189134808853118,0.4024144869215292,0,0,0,30,0,0.4305835010060362,0.1750503018108652,0,0.4024144869215292,0.5975855130784709,0.006036217303822937,0.03219315895372234,0.022132796780684104,0.030181086519114688,Power-brugeren (Mest mobil),497,0.23189134808853118,0.4024144869215292,0.5975855130784709,0.22132796780684105,0,0.4869215291750503,497
b3b579ba18e6e9824560f6dca3d35195,60,Mand,1,3,2,1,0,0,1,0,0,78,6+ måneder,Andet,mail,mail,114,11,0.3684210526315789,0.22587719298245615,0,0,0,0.14035087719298245,27,0,0.5,0.07017543859649122,0,0,0,0.008771929824561403,0.008771929824561403,0.11403508771929824,0,Desktop-traditionalisten,114,0.22587719298245615,0,1,0.3684210526315789,0.14035087719298245,0.5614035087719298,114
44242123a235ab7886549f81d4a074ec,60,Kvinde,0,0,0,0,0,0,1,0,0,47,0-7 dage,A,content,jp.dk,4,1,0,0.375,1,0,0,0,0,0,0,1,1,0,0,0,0,0,0,Mobil-nykommeren,4,0.375,1,0,0,0,0.25,4
51ce53646dd16a73ab3d68ba73a4de42,60,Mand,1,0,0,0,0,0,0,1,0,51,6+ måneder,Ukendt,Weblayer,jp.dk,0,0,0,0,0,0,0,0,0,0,0,0,0,0,0,0,0,0,0,Spøgelses-brugeren (Lav aktivitet),0,0,0,0,0,0,0,0
0e2c28fe864fd90012aede0054822295,60,Mand,0,6,2,6,2,4,0,1,1,76,6+ måneder,Andet,mail,mail,149,17,0.3959731543624161,0.4815436241610738,0.38926174496644295,0,0,0,30,0,0,0.4429530201342282,0,0.38926174496644295,0.610738255033557,0,0.053691275167785234,0.0738255033557047,0.03355704697986577,Veteranen (Høj historik),149,0.4815436241610738,0.38926174496644295,0.610738255033557,0.3959731543624161,0,0.5436241610738255,149
ff7c3d8147aca626a7efaa9120e040eb,60,Kvinde,1,5,3,2,1,1,1,0,0,58,6+ måneder,A,content,jp.dk,46,13,0.2608695652173913,0.3858695652173913,1,0,0,0,29,0,0.45652173913043476,0.15217391304347827,1,0,0,0,0.021739130434782608,0.08695652173913043,0.043478260869565216,Mobil-nykommeren,46,0.3858695652173913,1,0,0.2608695652173913,0,0.5217391304347826,46
01cad508503a8d700c051addb5ca5e24,60,Mand,0,1,1,0,0,0,0,1,1,51,6+ måneder,A,content,jp.dk,525,31,0.17904761904761904,0.23047619047619047,0.21523809523809523,0,0,0,30,0,0.18476190476190477,0.2571428571428571,0,0.21523809523809523,0,0,0.007619047619047619,0.015238095238095238,0.0380952380952381,Power-brugeren (Mest mobil),525,0.23047619047619047,0.21523809523809523,0.7847619047619048,0.17904761904761904,0,0.3352380952380952,525
b35b31660d9b152e2ad1b2997ebd2663,60,Mand,0,3,3,0,0,0,1,0,0,75,6+ måneder,A,mail,mail,9,4,0.3333333333333333,0.5,0,0,0,0,16,0,0,0.1111111111111111,0,0,1,0,0,0,0,Desktop-traditionalisten,9,0.5,0,1,0.3333333333333333,0,0.4444444444444444,9
78167da6625acebf472eb64674915054,60,Mand,0,0,0,0,0,0,0,1,0,52,0-7 dage,Ukendt,topticker,jp.dk,274,26,0.38321167883211676,0.4023722627737226,0.3357664233576642,0,0,0.0036496350364963502,30,0,0.28102189781021897,0.22262773722627738,0.3357664233576642,0,0,0.0072992700729927005,0.0364963503649635,0.051094890510948905,0.040145985401459854,Desktop-traditionalisten,274,0.4023722627737226,0.3357664233576642,0.6642335766423357,0.38321167883211676,0.0036496350364963502,0.6204379562043796,274
c7ebffd40754673a2cbfb814685a9e7c,60,Mand,0,4,2,1,0,0,1,0,0,66,6+ måneder,Andet,mail,mail,122,16,0.27049180327868855,0.41188524590163933,0.040983606557377046,0,0,0.00819672131147541,30,0,0.09836065573770492,0.1885245901639344,0,0.040983606557377046,0,0,0.00819672131147541,0.040983606557377046,0.03278688524590164,Desktop-traditionalisten,122,0.41188524590163933,0.040983606557377046,0.9590163934426229,0.27049180327868855,0.00819672131147541,0.9508196721311475,122
139bd0cbde638e16224d7fbe2941b901,60,Mand,0,3,2,0,6,6,0,1,1,59,6+ måneder,B,content,jp.dk,246,27,0.25203252032520324,0.29776422764227645,0.7357723577235772,0,0,0.0040650406504065045,30,0,0.32113821138211385,0.22357723577235772,0.7357723577235772,0,0.26422764227642276,0,0.032520325203252036,0.04878048780487805,0.036585365853658534,Mobil-nykommeren,246,0.29776422764227645,0.7357723577235772,0.26422764227642276,0.25203252032520324,0.0040650406504065045,0.6666666666666666,246
7545fe0f7005e99694c0a323adb55176,60,Mand,0,0,0,0,0,0,0,1,0,26,0-7 dage,Andet,Matrice,jp.dk,3,2,0.3333333333333333,0.16666666666666666,0,0,0,0,1,0,0,0.3333333333333333,0,0,1,0,0,0,0,Desktop-traditionalisten,3,0.16666666666666666,0,1,0.3333333333333333,0,0.3333333333333333,3
cceb3290f938f15918c8cf27dd2ff945,60,Mand,1,0,0,0,0,0,1,0,0,60,0-7 dage,Andet,Matrice,jp.dk,3,1,0,0,1,0,0,0,0,0,0,0,1,0,0,0,0,0,0,Spøgelses-brugeren (Lav aktivitet),3,0,1,0,0,0,0.6666666666666666,3
8c8501b6f01490740c1b4c8ebee422e8,60,Mand,0,1,0,1,0,0,0,1,0,60,6+ måneder,B,content,jp.dk,146,31,0.3150684931506849,0.3407534246575342,0.2191780821917808,0,0,0.0136986301369863,30,0,0.5342465753424658,0.0410958904109589,0.2191780821917808,0,0,0,0,0.07534246575342465,0.0136986301369863,Desktop-traditionalisten,146,0.3407534246575342,0.2191780821917808,0.7808219178082192,0.3150684931506849,0.0136986301369863,0.541095890410959,146
e6396f8167a1adfb29e8f99589b25a3e,60,Mand,1,9,7,3,3,3,0,1,0,69,6+ måneder,Andet,mail,mail,116,17,0.39655172413793105,0.46336206896551724,0.27586206896551724,0,0,0.008620689655172414,30,0,0.27586206896551724,0.10344827586206896,0.7844827586206896,0,0,0,0.06896551724137931,0.07758620689655173,0.09482758620689655,Veteranen (Høj historik),116,0.46336206896551724,0.27586206896551724,0.21551724137931033,0.39655172413793105,0.008620689655172414,0.5862068965517241,116
81650fef63fd494f8fb784e3f2b35c4f,60,Mand,0,3,3,1,8,8,0,1,0,70,6+ måneder,B,mail,mail,316,25,0.189873417721519,0.27056962025316456,0,0,0,0,24,0,0.2848101265822785,0,0,0,1,0.015822784810126583,0,0.07278481012658228,0.022151898734177215,Veteranen (Høj historik),316,0.27056962025316456,0,1,0.189873417721519,0,0.3322784810126582,313
55b8677472e9d4c765d3c22623dc6f60,60,Mand,1,0,0,0,0,0,0,1,1,22,0-7 dage,A,content,jp.dk,23,2,0.30434782608695654,0.40217391304347827,1,0,0,0.21739130434782608,2,0,0,0.08695652173913043,1,0,0,0,0,0,0,Mobil-nykommeren,23,0.40217391304347827,1,0,0.30434782608695654,0.21739130434782608,0.7391304347826086,23
254773d08d5ddfb82fdfad28371db425,60,Mand,1,0,0,0,2,2,0,1,0,75,6+ måneder,Andet,ppc,adwords,3,2,0,0.5833333333333334,0,0,0,0,22,0,0,0,0,0,0,0,0,0.3333333333333333,0,Desktop-traditionalisten,3,0.5833333333333334,0,1,0,0,0.3333333333333333,3
72adc6d24abd2e177f104280a93c8b36,60,Mand,0,0,0,0,0,0,0,1,1,56,0-7 dage,Andet,Matrice,jp.dk,33,6,0.21212121212121213,0.22727272727272727,1,0,0,0,29,0,0.15151515151515152,0.2727272727272727,1,0,0,0,0,0,0,Mobil-nykommeren,33,0.22727272727272727,1,0,0.21212121212121213,0,0.7878787878787878,33
f99d1964208a3c9cade172c296fb9855,60,Mand,0,8,4,3,0,0,1,0,0,65,6+ måneder,Ukendt,topticker,jp.dk,10,8,0.7,0.425,0.7,0,0,0,19,0,0.3,0.1,0.7,0,0.3,0.2,0.1,0.2,0,Mobil-nykommeren,10,0.425,0.7,0.3,0.7,0,0.2,10
c42af5001a6324e4228ab78a45310632,60,Mand,0,0,0,0,0,0,1,0,0,57,0-7 dage,B,content,jp.dk,14,5,0.42857142857142855,0.48214285714285715,1,0.14285714285714285,0,0.2857142857142857,16,0,0,0.42857142857142855,1,0,0,0.14285714285714285,0,0,0,Mobil-nykommeren,14,0.48214285714285715,1,0,0.42857142857142855,0.2857142857142857,0.35714285714285715,14
11d87c1424309f7d91b606b3a84d0d8b,60,Kvinde,0,2,2,1,0,0,1,0,0,56,6+ måneder,B,content,jp.dk,191,20,0.4397905759162304,0.33507853403141363,0.9109947643979057,0,0,0.010471204188481676,30,0,0.193717277486911,0.34554973821989526,0.9109947643979057,0,0.08900523560209424,0.02617801047120419,0.020942408376963352,0.07329842931937172,0.06282722513089005,Mobil-nykommeren,191,0.33507853403141363,0.9109947643979057,0.08900523560209424,0.4397905759162304,0.010471204188481676,0.7958115183246073,191
3f245c21020adebf9e154a03c90eeaa5,60,Mand,1,0,0,0,0,0,0,1,0,69,0-7 dage,A,content,jp.dk,246,26,0.23983739837398374,0.28353658536585363,0,0,0,0,30,0,0.15040650406504066,0.13414634146341464,0,0,1,0.0040650406504065045,0.024390243902439025,0.056910569105691054,0.012195121951219513,Desktop-traditionalisten,246,0.28353658536585363,0,1,0.23983739837398374,0,0.4105691056910569,246
5ea4810c62cf7dbc3a3248e7387fe84b,60,Mand,1,0,0,0,0,0,0,1,0,60,6+ måneder,Andet,paid,fb_paid,40,5,0.3,0.375,0,0,0,0.025,27,0,0.475,0,0.575,0,0.425,0,0.05,0.175,0,Desktop-traditionalisten,40,0.375,0,0.425,0.3,0.025,0.775,40
296ebed7fd47d502188ba062c21e58ac,60,Mand,0,1,1,0,0,0,0,1,1,71,6+ måneder,B,content,jp.dk,222,20,0.1981981981981982,0.24324324324324326,0,0.0045045045045045045,0,0.0045045045045045045,30,0,0.06306306306306306,0.4369369369369369,0,0,0,0,0.018018018018018018,0.036036036036036036,0.018018018018018018,Desktop-traditionalisten,222,0.24324324324324326,0,1,0.1981981981981982,0.0045045045045045045,0.34234234234234234,222
941c2b3054d4aff517aef077da1ed7a0,60,Mand,0,6,6,1,0,2,0,1,0,73,6+ måneder,Andet,mail,mail,186,24,0.3279569892473118,0.34139784946236557,0,0,0,0,30,0,0.41935483870967744,0.1935483870967742,0,0,1,0.005376344086021506,0.026881720430107527,0.08602150537634409,0.026881720430107527,Desktop-traditionalisten,186,0.34139784946236557,0,1,0.3279569892473118,0,0.5483870967741935,186
484b1afd306927be4210bae26a48d4f4,60,Mand,0,5,5,1,6,6,0,1,1,77,6+ måneder,Andet,mail,mail,16,6,0.5,0.734375,0,0.25,0,0,23,0,0.6875,0.3125,0,0,1,0,0,0,0.1875,Veteranen (Høj historik),16,0.734375,0,1,0.5,0,0.4375,16
e68c9e466739941a8939ccfcaeec8f4d,60,Mand,0,0,0,0,0,0,0,1,0,58,6+ måneder,A,content,jp.dk,3,1,0.6666666666666666,0.6666666666666666,0.3333333333333333,0,0,0,0,0,0,0.3333333333333333,0.3333333333333333,0,0,0,0,0,0.6666666666666666,Desktop-traditionalisten,3,0.6666666666666666,0.3333333333333333,0.6666666666666666,0.6666666666666666,0,0.3333333333333333,3
53f42387042ed9cb158618747d74dea6,60,Kvinde,0,0,0,0,0,0,1,0,0,31,0-7 dage,B,content,jp.dk,4,2,0.25,0.25,1,0,0,0,1,0,0,0.5,1,0,0,0,0,0,0,Mobil-nykommeren,4,0.25,1,0,0.25,0,0.5,4
37ff6f6b1a24548aa9038287d12f48b8,60,Mand,0,1,1,0,0,0,0,1,0,43,6+ måneder,B,mail,mail,485,31,0.17938144329896907,0.20670103092783504,1,0,0,0,30,0,0.22474226804123712,0.4577319587628866,1,0,0,0.010309278350515464,0.008247422680412371,0.05979381443298969,0.012371134020618556,Power-brugeren (Mest mobil),485,0.20670103092783504,1,0,0.17938144329896907,0,0.3958762886597938,483
f7ee71f90d521575891747c68b7c21eb,60,Mand,1,0,0,0,0,0,0,1,0,82,6+ måneder,B,content,jp.dk,0,0,0,0,0,0,0,0,0,0,0,0,0,0,0,0,0,0,0,Spøgelses-brugeren (Lav aktivitet),0,0,0,0,0,0,0,0
2aae4b96432d2c3c3f05cb5db8e7635c,60,Mand,1,4,3,1,0,0,1,0,0,70,6+ måneder,A,content,jp.dk,686,31,0.3032069970845481,0.28972303206997085,1,0,0,0.0014577259475218659,30,0,0.2536443148688047,0.21574344023323616,1,0,0,0.008746355685131196,0.01749271137026239,0.056851311953352766,0.06268221574344024,Power-brugeren (Mest mobil),686,0.28972303206997085,1,0,0.3032069970845481,0.0014577259475218659,0.7230320699708455,685
be6357d225a5c19f09acf6fbc6015653,60,Mand,1,2,1,0,0,0,0,1,0,73,6+ måneder,A,mail,mail,36,10,0.3055555555555556,0.4791666666666667,0,0,0,0,27,0,0.6388888888888888,0,0,0,0,0,0,0.08333333333333333,0.027777777777777776,Desktop-traditionalisten,36,0.4791666666666667,0,1,0.3055555555555556,0,0.7222222222222222,36
bcfe5569a4e6242d0f36a4f7b0aa8b32,60,Mand,0,13,4,3,15,16,0,1,0,70,6+ måneder,A,content,jp.dk,945,31,0.18306878306878308,0.1537037037037037,0.13015873015873017,0,0,0.004232804232804233,30,0,0.21164021164021163,0.18095238095238095,0.13015873015873017,0,0,0.0021164021164021165,0.01798941798941799,0.042328042328042326,0.014814814814814815,Veteranen (Høj historik),945,0.1537037037037037,0.13015873015873017,0.8698412698412699,0.18306878306878308,0.004232804232804233,0.32275132275132273,945
59bb770e1cf09c9eb8fb57cb8e219ad3,60,Mand,0,0,0,0,2,2,0,1,0,72,6+ måneder,B,content,jp.dk,789,30,0.36755386565272496,0.33840304182509506,1,0,0.030418250950570342,0.2420785804816223,30,0,0.3548795944233207,0.20405576679340937,0,1,0,0.0038022813688212928,0.02788339670468948,0.07477820025348543,0.024081115335868188,Power-brugeren (Mest mobil),789,0.33840304182509506,1,0,0.36755386565272496,0.2420785804816223,0.70595690747782,789
8b7f6aa45ee2f16c5020b05f5ef44a95,60,Mand,0,5,3,1,1,1,1,0,0,53,6+ måneder,Ukendt,topticker,jp.dk,377,31,0.15915119363395225,0.23076923076923078,1,0,0,0,30,0,0.21220159151193635,0.3183023872679045,0.005305039787798408,0.9946949602122016,0,0.002652519893899204,0.015915119363395226,0.03183023872679045,0.021220159151193633,Power-brugeren (Mest mobil),377,0.23076923076923078,1,0,0.15915119363395225,0,0.4323607427055703,377
01f92382940313bede15a74a51bc1ecb,60,Mand,0,0,0,0,0,0,1,0,0,48,6+ måneder,B,content,jp.dk,2,2,0.5,0.5,1,0,0,0.5,24,0,0.5,0,1,0,0,0,0,0,0,Mobil-nykommeren,2,0.5,1,0,0.5,0.5,0,2
a245a3cd9443f61701644ddd403d4e2c,60,Kvinde,0,0,0,0,0,2,0,1,0,64,1-6 måneder,B,content,jp.dk,14,6,0.21428571428571427,0.26785714285714285,1,0,0,0.21428571428571427,22,0,0,0.6428571428571429,1,0,0,0,0,0.07142857142857142,0.14285714285714285,Mobil-nykommeren,14,0.26785714285714285,1,0,0.21428571428571427,0.21428571428571427,0.42857142857142855,14
4ea127252a03310c4fa0e4bd18b2cf9b,60,Mand,0,0,0,0,0,0,0,1,1,66,6+ måneder,Ukendt,topticker,jp.dk,121,16,0.36363636363636365,0.3367768595041322,0.6033057851239669,0,0,0,30,0,0.36363636363636365,0.1487603305785124,0.39669421487603307,0.6033057851239669,0,0.01652892561983471,0.008264462809917356,0.008264462809917356,0.04132231404958678,Mobil-nykommeren,121,0.3367768595041322,0.6033057851239669,0,0.36363636363636365,0,0.6859504132231405,119
d35d97da5a4ec305f98763ba7c8a0dfa,60,Mand,1,2,2,0,0,0,1,0,0,83,6+ måneder,B,mail,mail,243,31,0.17695473251028807,0.32098765432098764,0,0,0,0.00411522633744856,30,0,0.13168724279835392,0,0,0,1,0.0823045267489712,0.012345679012345678,0.07818930041152264,0.06584362139917696,Desktop-traditionalisten,243,0.32098765432098764,0,1,0.17695473251028807,0.00411522633744856,0.7366255144032922,243
9d2df2c58fea60728d388cf14990a8c2,60,Kvinde,0,0,0,0,0,0,1,0,0,33,6+ måneder,A,content,jp.dk,0,0,0,0,0,0,0,0,0,0,0,0,0,0,0,0,0,0,0,Spøgelses-brugeren (Lav aktivitet),0,0,0,0,0,0,0,0
c32c672d65b6c6bee1496d8ea7ba3a7f,60,Mand,0,1,1,0,0,0,0,1,0,63,6+ måneder,A,content,jp.dk,520,30,0.2903846153846154,0.28846153846153844,0.9653846153846154,0,0,0.021153846153846155,30,0,0.225,0.14615384615384616,0.032692307692307694,0.9653846153846154,0,0.011538461538461539,0.019230769230769232,0.06923076923076923,0.025,Power-brugeren (Mest mobil),520,0.28846153846153844,0.9653846153846154,0.0019230769230769232,0.2903846153846154,0.021153846153846155,0.5153846153846153,518
a7167ae7ddb2ba3b3198c0914e6bc76a,60,Mand,0,9,5,3,0,0,0,1,1,26,6+ måneder,Ukendt,Weblayer,jp.dk,209,23,0.2631578947368421,0.3875598086124402,0.5885167464114832,0,0,0,29,0,0.24880382775119617,0.3444976076555024,0.5885167464114832,0,0,0.004784688995215311,0.03827751196172249,0.05741626794258373,0.03349282296650718,Power-brugeren (Mest mobil),209,0.3875598086124402,0.5885167464114832,0.41148325358851673,0.2631578947368421,0,0.6267942583732058,209
905ad53e7ca2f7ae55cfa5b3734fae4e,60,Mand,0,0,0,0,0,0,1,0,0,50,6+ måneder,A,content,jp.dk,33,4,0.36363636363636365,0.6439393939393939,0,0,0,0,30,0,0,0.030303030303030304,0,0,1,0.030303030303030304,0,0.18181818181818182,0.09090909090909091,Desktop-traditionalisten,33,0.6439393939393939,0,1,0.36363636363636365,0,0.7878787878787878,33
6567c1ca05dde94aa6bb51004cdee9e3,60,Mand,0,2,0,1,0,0,0,1,0,55,6+ måneder,A,content,jp.dk,331,26,0.2688821752265861,0.37084592145015105,1,0,0,0,30,0,0.2598187311178248,0.2175226586102719,1,0,0,0,0.021148036253776436,0.09667673716012085,0.054380664652567974,Mobil-nykommeren,331,0.37084592145015105,1,0,0.2688821752265861,0,0.6435045317220544,327
d416ff413d4769eebbe4baabe7e4675a,60,Kvinde,0,0,0,0,0,0,1,0,0,63,6+ måneder,Andet,Matrice,jp.dk,166,23,0.3795180722891566,0.3207831325301205,0,0,0,0.04216867469879518,30,0,0.9879518072289156,0,0,0,0,0,0.006024096385542169,0.024096385542168676,0.13253012048192772,Desktop-traditionalisten,166,0.3207831325301205,0,1,0.3795180722891566,0.04216867469879518,0.6626506024096386,166
372423fee286446a26a1f3d2cf16beba,60,Mand,0,4,4,1,0,0,1,0,0,60,6+ måneder,Andet,mail,mail,77,15,0.4025974025974026,0.577922077922078,0,0,0,0,30,0,0.15584415584415584,0.4935064935064935,1,0,0,0,0,0.07792207792207792,0.012987012987012988,Desktop-traditionalisten,77,0.577922077922078,0,0,0.4025974025974026,0,0.7402597402597403,77
59eac661f106396c61b2993b656bf706,60,Mand,0,17,9,8,0,0,0,1,0,72,6+ måneder,A,mail,mail,1702,31,0.33313748531139836,0.35972385428907167,0.618096357226792,0,0,0.14159811985898943,30,0,0.3495887191539365,0.22620446533490013,0,0.618096357226792,0,0.011750881316098707,0.033490011750881316,0.06110458284371328,0.01527614571092832,Power-brugeren (Mest mobil),1702,0.35972385428907167,0.618096357226792,0.381903642773208,0.33313748531139836,0.14159811985898943,0.6239717978848414,1697
9d1a5d63801ca793f8043793666f99c0,60,Kvinde,0,4,0,3,0,0,0,1,0,41,6+ måneder,A,content,jp.dk,337,31,0.3293768545994065,0.42433234421364985,1,0.008902077151335312,0,0.002967359050445104,30,0,0.14540059347181009,0.3115727002967359,0,1,0,0.002967359050445104,0.08011869436201781,0.02967359050445104,0.026706231454005934,Mobil-nykommeren,337,0.42433234421364985,1,0,0.3293768545994065,0.002967359050445104,0.41839762611275966,337
1fcfe9d813ae0371b068c69afb639cd4,60,Mand,0,0,0,0,0,0,0,1,1,50,0-7 dage,Andet,Matrice,jp.dk,68,12,0.3382352941176471,0.2610294117647059,0.4411764705882353,0.014705882352941176,0,0,29,0,0.36764705882352944,0.14705882352941177,0.47058823529411764,0,0,0,0,0.07352941176470588,0,Desktop-traditionalisten,68,0.2610294117647059,0.4411764705882353,0.5294117647058824,0.3382352941176471,0,0.8235294117647058,68
29c3dcef5a5e54544a37d3c9f9f41ca9,60,Kvinde,0,1,1,0,0,0,0,1,1,26,6+ måneder,Andet,Matrice,jp.dk,0,0,0,0,0,0,0,0,0,0,0,0,0,0,0,0,0,0,0,Spøgelses-brugeren (Lav aktivitet),0,0,0,0,0,0,0,0
ea4ea6b03e035ecb4d9a557e6f4c6a2b,60,Mand,0,0,0,0,4,4,0,1,0,38,6+ måneder,A,content,jp.dk,97,22,0.27835051546391754,0.4252577319587629,0.9278350515463918,0,0,0,29,0,0.2268041237113402,0.08247422680412371,0.9278350515463918,0,0.07216494845360824,0,0.010309278350515464,0.041237113402061855,0.010309278350515464,Mobil-nykommeren,97,0.4252577319587629,0.9278350515463918,0.07216494845360824,0.27835051546391754,0,0.5670103092783505,97
a77f1ea6a4aaa156d26bf44c45530b71,60,Mand,1,3,1,2,3,3,0,1,1,81,6+ måneder,B,mail,mail,951,30,0.3175604626708728,0.44085173501577285,0,0.0010515247108307045,0,0.0010515247108307045,30,0,0.2765509989484753,0.33543638275499477,0,0,0.9842271293375394,0.010515247108307046,0.03259726603575184,0.07465825446898001,0.014721345951629864,Power-brugeren (Mest mobil),951,0.44085173501577285,0,1,0.3175604626708728,0.0010515247108307045,0.5825446898002103,951
0cefce35386e56d3a6b1727dd838fcf8,60,Kvinde,1,0,0,0,0,0,0,1,0,34,0-7 dage,B,content,jp.dk,34,14,0.5882352941176471,0.5808823529411765,0.7941176470588235,0.5294117647058824,0,0,29,0,0.08823529411764706,0.2647058823529412,0,0.7941176470588235,0.20588235294117646,0,0.029411764705882353,0.11764705882352941,0.14705882352941177,Mobil-nykommeren,34,0.5808823529411765,0.7941176470588235,0.20588235294117646,0.5882352941176471,0,0.35294117647058826,34
3e7f5b8de782a6936c4b6f5ad96432de,46,Mand,0,4,3,2,0,1,1,0,0,76,6+ måneder,Andet,mail,mail,306,25,0.18627450980392157,0.27941176470588236,0,0,0,0.0032679738562091504,29,0,0.19607843137254902,0.16666666666666666,0,0,0,0.026143790849673203,0.02287581699346405,0.026143790849673203,0.00980392156862745,Desktop-traditionalisten,306,0.27941176470588236,0,1,0.18627450980392157,0.0032679738562091504,0.3562091503267974,306
cdf4b5845abcee42684fc103bcc62634,60,Mand,0,0,0,0,0,0,1,0,0,65,6+ måneder,Andet,mail,mail,540,31,0.28703703703703703,0.325,0.8981481481481481,0,0,0.3814814814814815,30,0,0.24814814814814815,0.2222222222222222,0,0.8981481481481481,0.10185185185185185,0.07407407407407407,0.018518518518518517,0.053703703703703705,0.025925925925925925,Power-brugeren (Mest mobil),540,0.325,0.8981481481481481,0.10185185185185185,0.28703703703703703,0.3814814814814815,0.5981481481481481,540
59d3277007e8d45958cb0c37be36bd63,60,Mand,0,2,2,0,0,0,1,0,0,81,6+ måneder,Andet,mail,mail,4,2,0.25,0.25,0,0,0,0,23,0,0,0,0,0,1,0.25,0,0,0,Desktop-traditionalisten,4,0.25,0,1,0.25,0,0.25,3
7c785ece8394ba7a24f9f8b674730925,60,Mand,0,0,0,0,0,0,0,1,0,51,0-7 dage,Andet,matrice,jp.dk,3,3,0.6666666666666666,0,1,0,0,0,12,0,0.3333333333333333,0,1,0,0,0.3333333333333333,0,0.3333333333333333,0,Mobil-nykommeren,3,0,1,0,0.6666666666666666,0,0,3
a9546fc46e09cf57bd17910e7f16c724,60,Kvinde,0,3,2,0,0,0,1,0,0,60,6+ måneder,Andet,mail,mail,624,31,0.14102564102564102,0.12139423076923077,0,0,0,0,30,0,0.1907051282051282,0.1762820512820513,0,0,0,0.003205128205128205,0.016025641025641024,0.027243589743589744,0.041666666666666664,Power-brugeren (Mest mobil),624,0.12139423076923077,0,1,0.14102564102564102,0,0.3701923076923077,624
61e16705d87a29017b7e46136c9e5756,60,Kvinde,0,0,0,0,0,0,0,1,1,59,6+ måneder,Andet,Matrice,jp.dk,13,4,0.38461538461538464,0.25,1,0,0,0,11,0,0.38461538461538464,0,0,1,0,0,0.07692307692307693,0.15384615384615385,0.07692307692307693,Mobil-nykommeren,13,0.25,1,0,0.38461538461538464,0,0.46153846153846156,13
f7e53b5e2d03baa335796e401e61488c,60,Kvinde,1,1,0,0,0,0,0,1,0,70,6+ måneder,B,content,jp.dk,0,0,0,0,0,0,0,0,0,0,0,0,0,0,0,0,0,0,0,Spøgelses-brugeren (Lav aktivitet),0,0,0,0,0,0,0,0
57c3d24e72fa070d69d3b587a75f99e5,60,Mand,0,1,0,1,0,0,1,0,0,66,6+ måneder,Andet,Matrice,jp.dk,93,18,0.3655913978494624,0.46774193548387094,0.8279569892473119,0,0,0.12903225806451613,30,0,0.1827956989247312,0.6021505376344086,0,0.8279569892473119,0.17204301075268819,0.010752688172043012,0.03225806451612903,0.06451612903225806,0.03225806451612903,Mobil-nykommeren,93,0.46774193548387094,0.8279569892473119,0.17204301075268819,0.3655913978494624,0.12903225806451613,0.4946236559139785,93
6131759dabf5ee546602447d5770a54f,60,Kvinde,1,0,0,0,0,0,1,0,0,53,0-7 dage,Andet,Matrice,jp.dk,361,30,0.296398891966759,0.27977839335180055,0.013850415512465374,0,0,0.00554016620498615,30,0,0.16066481994459833,0.29362880886426596,0,0.013850415512465374,0.9861495844875346,0.00554016620498615,0.0110803324099723,0.07202216066481995,0.008310249307479225,Desktop-traditionalisten,361,0.27977839335180055,0.013850415512465374,0.9861495844875346,0.296398891966759,0.00554016620498615,0.5235457063711911,361
e39cdb344761c03c8764587137d2c269,60,Mand,0,6,3,2,0,0,1,0,0,56,6+ måneder,B,content,jp.dk,70,16,0.2857142857142857,0.22142857142857142,0,0,0,0.5571428571428572,26,0,0.37142857142857144,0.05714285714285714,0,0,0,0,0,0.07142857142857142,0.05714285714285714,Desktop-traditionalisten,70,0.22142857142857142,0,1,0.2857142857142857,0.5571428571428572,0.42857142857142855,70
6fb1e9004f8d35f50e52770323e9a26b,60,Kvinde,0,0,0,0,0,0,1,0,0,47,0-7 dage,A,content,jp.dk,0,0,0,0,0,0,0,0,0,0,0,0,0,0,0,0,0,0,0,Spøgelses-brugeren (Lav aktivitet),0,0,0,0,0,0,0,0
9f47afc2999ee1b2c0a09fdf248c8dff,60,Kvinde,0,0,0,0,0,0,1,0,0,51,0-7 dage,A,content,jp.dk,4,1,1,0.6875,1,0,0,0,0,0,0.5,0,0,1,0,0,0,0,0.75,Mobil-nykommeren,4,0.6875,1,0,1,0,0.75,4
f3d6b6e45d2ac55eaaf67b8141daeaf1,60,Kvinde,0,1,0,0,0,0,1,0,0,63,6+ måneder,B,mail,mail,51,7,0.2549019607843137,0.3480392156862745,0.6078431372549019,0,0,0.27450980392156865,18,0,0.7254901960784313,0,0.6078431372549019,0,0.39215686274509803,0,0,0.0196078431372549,0,Mobil-nykommeren,51,0.3480392156862745,0.6078431372549019,0.39215686274509803,0.2549019607843137,0.27450980392156865,0.5294117647058824,51
cec3fe960d60daafddc79bce70bdb365,60,Mand,0,11,4,7,1,1,1,0,0,58,6+ måneder,A,mail,mail,40,10,0.375,0.41875,0,0,0,0,26,0,0,0.5,0,0,1,0,0.05,0.075,0,Veteranen (Høj historik),40,0.41875,0,1,0.375,0,0.625,40
5639e95cda59fda72f6131b5e6e4e716,60,Mand,0,15,10,5,0,0,1,0,0,60,6+ måneder,A,content,jp.dk,753,31,0.250996015936255,0.28120849933598935,0.04249667994687915,0,0,0.02390438247011952,30,0,0.3944223107569721,0.12881806108897742,0,0.04249667994687915,0.9575033200531209,0,0.025232403718459494,0.041168658698539175,0.00796812749003984,Veteranen (Høj historik),753,0.28120849933598935,0.04249667994687915,0.9575033200531209,0.250996015936255,0.02390438247011952,0.6228419654714475,753
ed5e9900ab10fa23c83b7ee66569c059,60,Mand,1,0,0,0,0,0,1,0,0,27,0-7 dage,B,content,jp.dk,2,1,1,0.5,1,0,0,0,0,0,0,1,1,0,0,0,0,0,1,Mobil-nykommeren,2,0.5,1,0,1,0,0.5,2
082681be98abd06c01c30e80a3fb0790,60,Kvinde,0,0,0,0,0,0,0,1,0,36,6+ måneder,A,content,jp.dk,6,2,0.3333333333333333,0.3333333333333333,1,0,0,0,1,0,0.16666666666666666,0.3333333333333333,1,0,0,0,0,0,0,Mobil-nykommeren,6,0.3333333333333333,1,0,0.3333333333333333,0,0.6666666666666666,6
88d4181ee400dcd9d013e7a31b618d2a,60,Mand,0,5,5,3,0,0,0,1,0,58,6+ måneder,Andet,mail,mail,106,14,0.3584905660377358,0.32075471698113206,0.018867924528301886,0,0,0,27,0,0.2169811320754717,0,0.018867924528301886,0,0.8490566037735849,0.02830188679245283,0,0.03773584905660377,0.02830188679245283,Desktop-traditionalisten,106,0.32075471698113206,0.018867924528301886,0.9811320754716981,0.3584905660377358,0,0.7924528301886793,106
12a4b4f33de44e8dec37edffc01f0197,60,Mand,0,3,3,0,0,0,1,0,0,61,6+ måneder,Ukendt,topticker,jp.dk,63,17,0.25396825396825395,0.2619047619047619,1,0,0,0,30,0,0.12698412698412698,0.47619047619047616,0,1,0,0.015873015873015872,0.015873015873015872,0.1111111111111111,0,Mobil-nykommeren,63,0.2619047619047619,1,0,0.25396825396825395,0,0.31746031746031744,63
22a6b4c7e8f0f97515abe4eb37edfe1f,60,Mand,1,0,0,0,0,0,1,0,0,66,6+ måneder,A,content,jp.dk,323,23,0.2260061919504644,0.29876160990712075,0,0,0,0,25,0,0.034055727554179564,0.06811145510835913,0,0,1,0.058823529411764705,0.015479876160990712,0.058823529411764705,0.030959752321981424,Desktop-traditionalisten,323,0.29876160990712075,0,1,0.2260061919504644,0,0.5603715170278638,322
541d7bf883db417c6879eb5c4fa6f282,60,Kvinde,0,10,3,8,1,1,1,0,0,78,6+ måneder,Andet,mail,mail,342,30,0.38011695906432746,0.23538011695906433,1,0,0,0.41812865497076024,30,0,0.9298245614035088,0,0,1,0,0.017543859649122806,0.04678362573099415,0.05263157894736842,0.06432748538011696,Power-brugeren (Mest mobil),342,0.23538011695906433,1,0,0.38011695906432746,0.41812865497076024,0.5029239766081871,342
54dabd914db3590d25b816c39fd862b5,60,Kvinde,0,0,0,0,0,0,1,0,0,63,0-7 dage,B,content,jp.dk,686,31,0.3848396501457726,0.47339650145772594,0.8411078717201166,0,0,0,30,0,0.282798833819242,0.2099125364431487,0,0.8411078717201166,0.09766763848396501,0.018950437317784258,0.03206997084548105,0.09037900874635568,0.03498542274052478,Power-brugeren (Mest mobil),686,0.47339650145772594,0.8411078717201166,0.1588921282798834,0.3848396501457726,0,0.7973760932944607,686
eb4e64f215700197a23a75e72f29beca,60,Mand,0,0,0,0,1,1,0,1,0,33,6+ måneder,A,content,jp.dk,1,1,1,1,1,0,0,0,0,0,0,1,1,0,0,0,0,1,0,Mobil-nykommeren,1,1,1,0,1,0,0,1
856cb3f6e96cecc0ea9e5c063c49d2c2,60,Kvinde,0,0,0,0,0,0,1,0,0,53,6+ måneder,A,content,jp.dk,10,8,0.6,0.525,0,0,0,0.6,27,0,0.3,0.1,0,0,0,0,0.1,0,0,Desktop-traditionalisten,10,0.525,0,1,0.6,0.6,0,10
4faecfc123f27c115bfe358d67ef427a,60,Mand,1,0,0,0,0,0,1,0,0,78,0-7 dage,B,content,jp.dk,95,17,0.3368421052631579,0.3631578947368421,0,0.12631578947368421,0,0.3473684210526316,30,0,0,0.042105263157894736,0,0,1,0.010526315789473684,0.021052631578947368,0.08421052631578947,0.010526315789473684,Desktop-traditionalisten,95,0.3631578947368421,0,1,0.3368421052631579,0.3473684210526316,0.49473684210526314,95
952f7975704d54cd4af0b892ac9c62d1,60,Kvinde,0,0,0,0,0,0,1,0,0,26,6+ måneder,Andet,Matrice,jp.dk,187,23,0.2620320855614973,0.23663101604278075,0.5668449197860963,0.03208556149732621,0,0.20320855614973263,29,0,0.20320855614973263,0.34759358288770054,0.5668449197860963,0,0,0.026737967914438502,0.026737967914438502,0,0.03208556149732621,Desktop-traditionalisten,187,0.23663101604278075,0.5668449197860963,0.43315508021390375,0.2620320855614973,0.20320855614973263,0.6417112299465241,187
3f92a08aecf5851bf365249ab15dd53a,60,Mand,0,8,3,6,0,0,0,1,0,65,6+ måneder,A,content,jp.dk,286,28,0.28321678321678323,0.24825174825174826,0,0,0,0.0034965034965034965,30,0,0.08041958041958042,0.5209790209790209,0,0,1,0.013986013986013986,0.017482517482517484,0.038461538461538464,0.017482517482517484,Desktop-traditionalisten,286,0.24825174825174826,0,1,0.28321678321678323,0.0034965034965034965,0.43006993006993005,286
1e3ddb49a606da0cf5714df48c2bdb08,46,Mand,1,17,8,9,6,6,1,0,0,69,6+ måneder,Andet,mail,mail,15,5,0.3333333333333333,0.26666666666666666,0,0,0,0.3333333333333333,16,0,0,0.8666666666666667,0,0,1,0,0,0,0.06666666666666667,Veteranen (Høj historik),15,0.26666666666666666,0,1,0.3333333333333333,0.3333333333333333,0.5333333333333333,15
c3796fb3b8d88d3ca84119b65e13adf2,60,Kvinde,1,0,0,0,0,0,0,1,0,75,6+ måneder,Andet,Matrice,jp.dk,1,1,0,0,0,0,0,0,0,0,1,0,0,0,1,0,0,0,0,Spøgelses-brugeren (Lav aktivitet),1,0,0,1,0,0,0,1
84447f9cb63fd99af29bac9210b20630,60,Mand,0,0,0,0,0,0,0,1,0,86,6+ måneder,A,content,jp.dk,436,31,0.2981651376146789,0.3704128440366973,0,0,0,0.0022935779816513763,30,0,0,0.24770642201834864,0,0,1,0,0.022935779816513763,0.05504587155963303,0.03669724770642202,Desktop-traditionalisten,436,0.3704128440366973,0,1,0.2981651376146789,0.0022935779816513763,0.6490825688073395,436
18fc772904995a554be41f1453ab8411,60,Mand,1,2,1,1,0,0,0,1,0,38,6+ måneder,A,content,jp.dk,8,3,0.25,0.40625,1,0,0,0,16,0,0,0.625,1,0,0,0,0,0,0,Mobil-nykommeren,8,0.40625,1,0,0.25,0,0.25,8
35e3eba1e51747ece01e4bd2a1b94c59,60,Mand,0,2,0,0,5,6,0,1,0,76,6+ måneder,Andet,Matrice,jp.dk,147,9,0.36054421768707484,0.4336734693877551,0.5578231292517006,0,0,0.272108843537415,27,0,0.04081632653061224,0.20408163265306123,0,0.5578231292517006,0.4421768707482993,0,0.027210884353741496,0.11564625850340136,0.027210884353741496,Mobil-nykommeren,147,0.4336734693877551,0.5578231292517006,0.4421768707482993,0.36054421768707484,0.272108843537415,0.6666666666666666,147
9ab1c009fca6cd39cb93f9da0c90c0b3,60,Mand,0,0,0,0,0,0,0,1,1,73,6+ måneder,A,content,jp.dk,10,2,0.4,0.525,0.8,0,0,0,2,0,0,0,0,0.8,0.2,0,0,0,0,Mobil-nykommeren,10,0.525,0.8,0.2,0.4,0,0.7,10
3aa50522489338ea7443d4947d2d993f,60,Mand,0,0,0,0,0,0,0,1,1,29,0-7 dage,Andet,Matrice,jp.dk,0,0,0,0,0,0,0,0,0,0,0,0,0,0,0,0,0,0,0,Spøgelses-brugeren (Lav aktivitet),0,0,0,0,0,0,0,0
00acdfda9fa250382f43bdf7da59d814,60,Kvinde,0,0,0,0,0,0,0,1,1,46,0-7 dage,B,content,jp.dk,8,6,0.625,0.625,1,0,0,0,14,0,0,0,1,0,0,0,0,0.5,0,Mobil-nykommeren,8,0.625,1,0,0.625,0,0,8
a3f22adaaa3f71c5dbda11ce952938c8,60,Mand,0,0,0,0,0,0,0,1,0,76,0-7 dage,A,content,jp.dk,41,7,0.43902439024390244,0.5609756097560976,0.4146341463414634,0,0,0.21951219512195122,19,0,0.07317073170731707,0,0,0.4146341463414634,0.5853658536585366,0,0,0.0975609756097561,0.04878048780487805,Desktop-traditionalisten,41,0.5609756097560976,0.4146341463414634,0.5853658536585366,0.43902439024390244,0.21951219512195122,0.34146341463414637,41
870916599f1702f25f2425eb19f2b10f,60,Mand,0,2,2,0,0,0,0,1,1,59,6+ måneder,Ukendt,topticker,jp.dk,697,30,0.13916786226685796,0.11477761836441894,1,0,0,0,29,0,0.2381635581061693,0.30703012912482064,1,0,0,0.00430416068866571,0.00860832137733142,0.011477761836441894,0.03012912482065997,Power-brugeren (Mest mobil),697,0.11477761836441894,1,0,0.13916786226685796,0,0.26398852223816355,697
5588b87ecc885fe81f54f875ca129b92,60,Mand,0,21,7,15,10,10,1,0,0,80,6+ måneder,Andet,mail,mail,863,31,0.3742757821552723,0.4168597914252607,0.1320973348783314,0,0,0,30,0,0.1425260718424102,0.19119351100811124,0.1552723059096176,0,0,0.019698725376593278,0.031286210892236384,0.0776361529548088,0.03476245654692932,Veteranen (Høj historik),863,0.4168597914252607,0.1320973348783314,0.8447276940903824,0.3742757821552723,0,0.28968713789107764,863
c8773ba99e238fcc3e6354b094c054dc,60,Mand,0,0,0,0,0,0,1,0,0,62,6+ måneder,A,content,jp.dk,152,28,0.46710526315789475,0.59375,0,0,0,0,30,0,0.7697368421052632,0.039473684210526314,1,0,0,0,0.03289473684210526,0.10526315789473684,0.07236842105263158,Desktop-traditionalisten,152,0.59375,0,0,0.46710526315789475,0,0.6052631578947368,152
2f204aeb120fdc22e3d9f8bee4374b0b,60,Kvinde,0,0,0,0,0,0,1,0,0,42,0-7 dage,A,content,jp.dk,7,3,0.42857142857142855,0.32142857142857145,1,0.2857142857142857,0,0,25,0,0,0,1,0,0,0,0,0,0,Mobil-nykommeren,7,0.32142857142857145,1,0,0.42857142857142855,0,0.14285714285714285,7
5d8c2dd5de0cde2dfbbb25e775ff42af,60,Mand,0,3,0,1,0,0,0,1,0,77,6+ måneder,A,mail,mail,80,15,0.4625,0.640625,1,0,0,0,29,0,0.2375,0.2625,0,1,0,0.0125,0.05,0.1125,0.0125,Mobil-nykommeren,80,0.640625,1,0,0.4625,0,0.775,80
59412282eb0ad7b5ff852d30641808fd,60,Mand,0,0,0,0,0,0,1,0,0,68,0-7 dage,Andet,Matrice,jp.dk,353,28,0.2096317280453258,0.24008498583569404,0.24929178470254956,0,0,0,30,0,0.21813031161473087,0.32294617563739375,0.24929178470254956,0,0.1274787535410765,0,0.039660056657223795,0.039660056657223795,0.019830028328611898,Desktop-traditionalisten,353,0.24008498583569404,0.24929178470254956,0.7507082152974505,0.2096317280453258,0,0.46742209631728043,353
72260acf5e480340359ff4b64eb87274,60,Mand,0,0,0,0,0,0,1,0,0,61,0-7 dage,A,content,jp.dk,148,15,0.17567567567567569,0.17567567567567569,0.08108108108108109,0.006756756756756757,0,0,27,0,0.5202702702702703,0.3581081081081081,0.08108108108108109,0,0,0,0.02027027027027027,0.013513513513513514,0.02027027027027027,Desktop-traditionalisten,148,0.17567567567567569,0.08108108108108109,0.918918918918919,0.17567567567567569,0,0.4594594594594595,148
20a8f626380365808cc2f6a3eef2777e,60,Mand,1,23,7,14,0,0,0,1,0,76,6+ måneder,Andet,mail,mail,17,4,0.17647058823529413,0.3235294117647059,0,0,0,0,20,0,0.11764705882352941,0.058823529411764705,0.17647058823529413,0,0,0,0,0.23529411764705882,0,Veteranen (Høj historik),17,0.3235294117647059,0,0.8235294117647058,0.17647058823529413,0,0.47058823529411764,17
163f7c2ca0876b8cf46074f96e0f6b66,60,Kvinde,0,0,0,0,0,0,0,1,0,22,0-7 dage,A,content,jp.dk,4,2,0.5,0.25,1,0,0,0.25,4,0,0,0.25,1,0,0,0,0,0,0,Mobil-nykommeren,4,0.25,1,0,0.5,0.25,0,3
b5f151e31b3d179a9c490cd57f107e71,60,Mand,1,6,4,2,0,0,0,1,1,53,6+ måneder,B,content,jp.dk,25,8,0.28,0.5,1,0,0,0,14,0,0.08,0.32,1,0,0,0,0,0.2,0.04,Mobil-nykommeren,25,0.5,1,0,0.28,0,0.48,25
f9200c31a456ddcf5b2de3ee5667e0b7,60,Kvinde,0,0,0,0,0,0,1,0,0,50,6+ måneder,B,content,jp.dk,108,17,0.4166666666666667,0.6226851851851852,1,0.10185185185185185,0,0.10185185185185185,29,0,0,0.2037037037037037,0,1,0,0,0.018518518518518517,0.10185185185185185,0.1111111111111111,Mobil-nykommeren,108,0.6226851851851852,1,0,0.4166666666666667,0.10185185185185185,0.7314814814814815,108
45fd6146dbb7e8651cf3d712d81cdcf1,60,Ikke oplyst,0,4,4,0,0,0,1,0,0,55,6+ måneder,A,content,jp.dk,434,31,0.31105990783410137,0.3191244239631336,1,0,0,0,30,0,0.14285714285714285,0.31797235023041476,1,0,0,0.02304147465437788,0.016129032258064516,0.07373271889400922,0.018433179723502304,Power-brugeren (Mest mobil),434,0.3191244239631336,1,0,0.31105990783410137,0,0.5414746543778802,434
d4320c5fea0b44bca81af504ba1f9b7b,60,Mand,0,0,0,0,0,0,1,0,0,40,0-7 dage,A,content,jp.dk,2,1,0.5,0.5,0,0,0,0,0,0,1,0,0,0,1,0,0,0.5,0,Desktop-traditionalisten,2,0.5,0,1,0.5,0,0,2
23c18ba7347830b64be8b764005b8ba0,60,Mand,0,0,0,0,2,2,1,0,0,48,0-7 dage,Andet,Matrice,jp.dk,326,29,0.24846625766871167,0.3197852760736196,0.18711656441717792,0,0,0,30,0,0.11349693251533742,0.4110429447852761,0.18711656441717792,0,0,0.009202453987730062,0.006134969325153374,0.06441717791411043,0.018404907975460124,Desktop-traditionalisten,326,0.3197852760736196,0.18711656441717792,0.8128834355828221,0.24846625766871167,0,0.5736196319018405,326
041d717ed0a2660383069b4382a5f868,60,Mand,0,1,1,0,0,0,0,1,1,55,6+ måneder,Andet,mail,mail,18,2,0.5,0.3472222222222222,1,0,0,0,7,0,0.05555555555555555,0,1,0,0,0,0.05555555555555555,0.1111111111111111,0,Mobil-nykommeren,18,0.3472222222222222,1,0,0.5,0,0.6666666666666666,18
bdd01e087db83c6919655477c3a9d8e6,60,Mand,0,0,0,0,0,0,1,0,0,65,0-7 dage,Ukendt,Weblayer,jp.dk,306,30,0.3300653594771242,0.3292483660130719,0.016339869281045753,0,0,0,30,0,0.28104575163398693,0.3235294117647059,0.35294117647058826,0,0,0.0196078431372549,0.032679738562091505,0.0457516339869281,0.03594771241830065,Desktop-traditionalisten,306,0.3292483660130719,0.016339869281045753,0.6470588235294118,0.3300653594771242,0,0.4542483660130719,306
f2fdfe2ad3800375137cff870b1a4f6f,60,Mand,0,0,0,0,0,0,0,1,0,71,0-7 dage,B,content,jp.dk,176,27,0.5454545454545454,0.5795454545454546,0.3977272727272727,0,0,0,30,0,0.6988636363636364,0.0625,0.3977272727272727,0,0.6022727272727273,0,0.022727272727272728,0.11363636363636363,0.056818181818181816,Desktop-traditionalisten,176,0.5795454545454546,0.3977272727272727,0.6022727272727273,0.5454545454545454,0,0.4943181818181818,176
59dc551739bcb4f3f5c48a405394278c,60,Mand,1,1,1,0,0,0,0,1,0,72,6+ måneder,Ukendt,Matrice,jp.dk,2,1,0.5,0.5,0,0,0,0,0,0,1,0,0,0,0,0,0,0,0,Desktop-traditionalisten,2,0.5,0,1,0.5,0,1,2
ac0c634965a44feaf5f3a20d95de3fdc,60,Kvinde,0,0,0,0,0,0,0,1,1,28,8-30 dage,A,content,jp.dk,23,4,0.43478260869565216,0.4891304347826087,0,0,0,0.5217391304347826,23,0,0,0.043478260869565216,0,0,0,0,0,0.21739130434782608,0,Desktop-traditionalisten,23,0.4891304347826087,0,1,0.43478260869565216,0.5217391304347826,0.2608695652173913,23
096d4a4ba51e44809eb9d5cc24ce2dac,60,Mand,1,19,9,8,0,0,0,1,0,63,6+ måneder,Andet,Matrice,jp.dk,892,30,0.2533632286995516,0.3301569506726457,0.17152466367713004,0,0,0.01569506726457399,30,0,0.13004484304932734,0.29932735426008966,0.17152466367713004,0,0.02242152466367713,0.002242152466367713,0.03923766816143498,0.0257847533632287,0.03587443946188341,Veteranen (Høj historik),892,0.3301569506726457,0.17152466367713004,0.82847533632287,0.2533632286995516,0.01569506726457399,0.437219730941704,891
1e9a3c7abf9c21470bc3ff8b110754f9,60,Mand,0,0,0,0,0,0,0,1,1,52,0-7 dage,A,content,jp.dk,3,1,0.3333333333333333,0.3333333333333333,1,0,0,0,0,0,0,0,1,0,0,0,0,0,0,Mobil-nykommeren,3,0.3333333333333333,1,0,0.3333333333333333,0,0.3333333333333333,3
f8a31b28770a75fe299ad45b0bc9ee65,60,Mand,0,0,0,0,0,0,0,1,1,20,0-7 dage,B,content,jp.dk,4,1,0.25,0.875,0,0,0,0.25,0,0,0,1,0,0,0,0,0,0,0,Desktop-traditionalisten,4,0.875,0,1,0.25,0.25,0,4
22bf58de695495f2a95f640498332fe1,60,Mand,0,0,0,0,0,0,1,0,0,54,6+ måneder,A,content,jp.dk,5,2,0.4,0.65,0,0,0,0,7,0,1,0,0,0,1,0,0,0.4,0,Desktop-traditionalisten,5,0.65,0,1,0.4,0,0.6,5
ac1680a3704fb229d6f2b8669ae4d0ec,60,Kvinde,1,1,0,0,0,0,0,1,0,77,6+ måneder,Andet,Matrice,jp.dk,0,0,0,0,0,0,0,0,0,0,0,0,0,0,0,0,0,0,0,Spøgelses-brugeren (Lav aktivitet),0,0,0,0,0,0,0,0
f0987c3595b34114e5085a1c0c799fbb,60,Kvinde,0,0,0,0,0,0,0,1,1,77,0-7 dage,A,content,jp.dk,3,2,0,0.3333333333333333,0.6666666666666666,0,0,0,2,0,0,0.3333333333333333,0.6666666666666666,0,0.3333333333333333,0,0,0,0.3333333333333333,Spøgelses-brugeren (Lav aktivitet),3,0.3333333333333333,0.6666666666666666,0.3333333333333333,0,0,0,3
de4d0727c4900525e97c20236a0566c2,60,Mand,1,0,0,0,0,1,0,1,0,81,6+ måneder,B,content,jp.dk,122,15,0.29508196721311475,0.3975409836065574,0.28688524590163933,0,0.00819672131147541,0.18032786885245902,30,0,0.11475409836065574,0.08196721311475409,0.7131147540983607,0.28688524590163933,0,0,0.05737704918032787,0.02459016393442623,0.04918032786885246,Mobil-nykommeren,122,0.3975409836065574,0.28688524590163933,0,0.29508196721311475,0.18032786885245902,0.6639344262295082,122
559410d8ab5887d2e936ff36d756803a,60,Mand,0,9,6,3,0,0,0,1,1,66,6+ måneder,B,mail,mail,211,27,0.4786729857819905,0.46445497630331756,0.909952606635071,0,0,0.014218009478672985,30,0,0.8056872037914692,0.052132701421800945,0.909952606635071,0,0,0,0.02843601895734597,0.07582938388625593,0.05687203791469194,Power-brugeren (Mest mobil),211,0.46445497630331756,0.909952606635071,0.09004739336492891,0.4786729857819905,0.014218009478672985,0.6303317535545023,211
c5f4da1e31e7a8497ac488f4b068d9ca,60,Mand,0,3,1,2,0,0,0,1,0,45,6+ måneder,B,content,jp.dk,166,24,0.3433734939759036,0.4171686746987952,0,0,0,0,30,0,0.13253012048192772,0.43373493975903615,0,0,1,0.006024096385542169,0.018072289156626505,0.060240963855421686,0.04216867469879518,Desktop-traditionalisten,166,0.4171686746987952,0,1,0.3433734939759036,0,0.5602409638554217,166
303860c1806cd8777515040378492fd6,60,Kvinde,0,2,1,1,0,0,1,0,0,67,6+ måneder,A,content,jp.dk,6,2,0.6666666666666666,0.4166666666666667,0,0,0,0.3333333333333333,6,0,0,0,0,0,1,0,0,0,0.8333333333333334,Desktop-traditionalisten,6,0.4166666666666667,0,1,0.6666666666666666,0.3333333333333333,0.5,6
bb86350b32e733fb3db74e5d46c4c4ac,60,Mand,0,10,3,7,2,2,0,1,0,78,6+ måneder,B,content,jp.dk,439,31,0.3530751708428246,0.5466970387243736,0.029612756264236904,0,0,0.002277904328018223,30,0,0.0888382687927107,0.06605922551252848,0.029612756264236904,0,0,0.1548974943052392,0.05694760820045558,0.0683371298405467,0.018223234624145785,Veteranen (Høj historik),439,0.5466970387243736,0.029612756264236904,0.9703872437357631,0.3530751708428246,0.002277904328018223,0.5968109339407744,439
ad7180fe09827b1267495a0a6a51b728,60,Kvinde,0,1,0,0,2,2,0,1,0,45,6+ måneder,A,content,jp.dk,71,9,0.3380281690140845,0.45422535211267606,1,0.22535211267605634,0,0,30,0,0.014084507042253521,0.323943661971831,0,1,0,0,0.014084507042253521,0,0.36619718309859156,Mobil-nykommeren,71,0.45422535211267606,1,0,0.3380281690140845,0,0.704225352112676,71
4d776c43d67541ee80a3327421aaabf6,60,Mand,1,3,1,1,0,0,1,0,0,80,6+ måneder,Andet,mail,mail,68,10,0.47058823529411764,0.3713235294117647,0,0,0,0.19117647058823528,28,0,0.07352941176470588,0.38235294117647056,0.10294117647058823,0,0.8970588235294118,0,0.058823529411764705,0.07352941176470588,0.058823529411764705,Desktop-traditionalisten,68,0.3713235294117647,0,0.8970588235294118,0.47058823529411764,0.19117647058823528,0.7058823529411765,68
ee5275a035955fff643c908c7d2b3e40,60,Mand,0,0,0,0,0,0,0,1,1,43,0-7 dage,A,content,jp.dk,99,16,0.3434343434343434,0.44191919191919193,0.7070707070707071,0,0,0.030303030303030304,29,0,0.20202020202020202,0.20202020202020202,0.7070707070707071,0,0.2727272727272727,0.010101010101010102,0.010101010101010102,0.12121212121212122,0.010101010101010102,Mobil-nykommeren,99,0.44191919191919193,0.7070707070707071,0.29292929292929293,0.3434343434343434,0.030303030303030304,0.6565656565656566,99
492d85c60fd84f8d385988348a085314,60,Kvinde,0,0,0,0,0,0,0,1,1,61,6+ måneder,Andet,Matrice,jp.dk,0,0,0,0,0,0,0,0,0,0,0,0,0,0,0,0,0,0,0,Spøgelses-brugeren (Lav aktivitet),0,0,0,0,0,0,0,0
4458a76d8f51e108b7f7444e7dd49118,60,Mand,1,0,0,0,0,0,0,1,0,61,6+ måneder,Andet,Matrice,jp.dk,184,26,0.29347826086956524,0.3491847826086957,0.021739130434782608,0,0,0.27717391304347827,29,0,0.10326086956521739,0.391304347826087,0.021739130434782608,0,0,0,0.010869565217391304,0.043478260869565216,0.06521739130434782,Desktop-traditionalisten,184,0.3491847826086957,0.021739130434782608,0.9782608695652174,0.29347826086956524,0.27717391304347827,0.5108695652173914,182
cdfd2a89babf1b6e989ff43bdd144c3d,60,Kvinde,0,0,0,0,0,0,1,0,0,35,6+ måneder,A,content,jp.dk,2,1,1,1,1,0,0,0,0,0,0,0,0,1,0,0,1,0,0,Mobil-nykommeren,2,1,1,0,1,0,0,2
45693993923550bd9222c213478e0653,60,Mand,0,0,0,0,0,0,1,0,0,49,6+ måneder,A,content,jp.dk,12,4,0.4166666666666667,0.5,0,0,0,0.16666666666666666,23,0,0.08333333333333333,0,0.16666666666666666,0,0,0,0,0,0,Desktop-traditionalisten,12,0.5,0,0.8333333333333334,0.4166666666666667,0.16666666666666666,0.5,12
fa62a81c78ca82cf81fe9adf7e4611e1,60,Kvinde,0,0,0,0,0,0,0,1,0,62,0-7 dage,A,content,jp.dk,309,25,0.3300970873786408,0.3470873786407767,0.9741100323624595,0,0,0,30,0,0.20388349514563106,0.34627831715210355,0.9741100323624595,0,0,0,0.032362459546925564,0.06796116504854369,0.038834951456310676,Mobil-nykommeren,309,0.3470873786407767,0.9741100323624595,0.025889967637540454,0.3300970873786408,0,0.5663430420711975,309
5a4462a29a562fe12eead8aaa422ad61,60,Mand,0,2,1,0,0,0,1,0,0,71,6+ måneder,A,content,jp.dk,267,29,0.26591760299625467,0.3249063670411985,0.5280898876404494,0,0,0.1198501872659176,29,0,0.10861423220973783,0.3595505617977528,0,0.5280898876404494,0,0,0.04868913857677903,0.02247191011235955,0.0299625468164794,Desktop-traditionalisten,267,0.3249063670411985,0.5280898876404494,0.47191011235955055,0.26591760299625467,0.1198501872659176,0.7228464419475655,267
aa77020fa5c724cf883ddecad6191f1f,60,Mand,1,0,0,0,0,0,0,1,0,80,0-7 dage,B,content,jp.dk,174,19,0.3563218390804598,0.5043103448275862,0,0,0,0,29,0,0.5229885057471264,0.011494252873563218,0,0,0,0.005747126436781609,0.022988505747126436,0.08620689655172414,0.028735632183908046,Desktop-traditionalisten,174,0.5043103448275862,0,1,0.3563218390804598,0,0.6609195402298851,174
ac2d3c89f1c3f45158ff06bb091219db,60,Kvinde,0,2,1,1,0,0,1,0,0,67,6+ måneder,Ukendt,Weblayer,jp.dk,123,20,0.2926829268292683,0.2682926829268293,0.056910569105691054,0,0,0.008130081300813009,27,0,0.7398373983739838,0,0,0.056910569105691054,0.943089430894309,0.016260162601626018,0.024390243902439025,0.06504065040650407,0,Desktop-traditionalisten,123,0.2682926829268293,0.056910569105691054,0.943089430894309,0.2926829268292683,0.008130081300813009,0.43902439024390244,123
6c710b9263533c42dfaa2082413210c3,60,Mand,0,1,0,1,0,0,0,1,1,53,6+ måneder,A,content,jp.dk,35,5,0.34285714285714286,0.4,1,0,0,0,9,0,0.17142857142857143,0.34285714285714286,1,0,0,0,0.02857142857142857,0.08571428571428572,0,Mobil-nykommeren,35,0.4,1,0,0.34285714285714286,0,0.7714285714285715,35
b506be7c9a29252ae978684305eb3da5,60,Mand,0,8,6,1,0,0,1,0,0,50,6+ måneder,Andet,Matrice,jp.dk,399,31,0.21052631578947367,0.17731829573934837,0.6791979949874687,0,0,0,30,0,0.12280701754385964,0.2932330827067669,0.6791979949874687,0,0.3208020050125313,0.010025062656641603,0.010025062656641603,0.03759398496240601,0.007518796992481203,Power-brugeren (Mest mobil),399,0.17731829573934837,0.6791979949874687,0.3208020050125313,0.21052631578947367,0,0.3408521303258145,399
51b8ddd8afac0e7b7233c503a76cf7b9,60,Mand,0,1,0,1,0,0,1,0,0,63,6+ måneder,A,content,jp.dk,114,22,0.2543859649122807,0.34868421052631576,0.24561403508771928,0,0,0.017543859649122806,30,0,0.5789473684210527,0.23684210526315788,0,0.24561403508771928,0.7543859649122807,0.017543859649122806,0.017543859649122806,0.10526315789473684,0.10526315789473684,Desktop-traditionalisten,114,0.34868421052631576,0.24561403508771928,0.7543859649122807,0.2543859649122807,0.017543859649122806,0.5,114
dfdb1befea4c4fbac21e561c435811e2,60,Kvinde,1,0,0,0,0,0,0,1,1,26,6+ måneder,A,content,jp.dk,2,1,0,0.5,0,0,0,0,0,0,0,0,0,0,0,0,0.5,0,0,Desktop-traditionalisten,2,0.5,0,1,0,0,0,2
e0be3cb7d97ef50310d2ce06544c35d9,60,Mand,0,0,0,0,0,0,0,1,1,73,6+ måneder,B,content,jp.dk,3,2,0.3333333333333333,0.6666666666666666,1,0.3333333333333333,0,0,18,0,0,0,1,0,0,0,0,0,0,Mobil-nykommeren,3,0.6666666666666666,1,0,0.3333333333333333,0,0.3333333333333333,3
58e02888045f1da0bf22ed5463423158,60,Mand,0,0,0,0,0,0,0,1,0,75,6+ måneder,A,content,jp.dk,117,16,0.26495726495726496,0.36752136752136755,0,0,0,0,30,0,0.18803418803418803,0.03418803418803419,0,0,0,0.017094017094017096,0.02564102564102564,0.10256410256410256,0.017094017094017096,Desktop-traditionalisten,117,0.36752136752136755,0,1,0.26495726495726496,0,0.8632478632478633,117
7ad00b86b8634e354c143637d68475af,60,Mand,0,3,2,0,0,0,0,1,0,61,6+ måneder,Andet,mail,mail,335,31,0.26865671641791045,0.4455223880597015,0.08955223880597014,0,0.020895522388059702,0,30,0,0.23582089552238805,0.22686567164179106,0,0.08955223880597014,0.9104477611940298,0.008955223880597015,0.008955223880597015,0.04776119402985075,0.050746268656716415,Desktop-traditionalisten,335,0.4455223880597015,0.08955223880597014,0.9104477611940298,0.26865671641791045,0,0.5194029850746269,335
0ff5ed8c95e08e84102e764ef0541efc,60,Kvinde,0,0,0,0,0,0,0,1,0,58,6+ måneder,A,content,jp.dk,96,19,0.20833333333333334,0.2734375,0,0,0,0.020833333333333332,28,0,0.3229166666666667,0,0,0,1,0,0.0625,0.041666666666666664,0.03125,Desktop-traditionalisten,96,0.2734375,0,1,0.20833333333333334,0.020833333333333332,0.4583333333333333,96
a3670336ee034e5147ce83a4aab58e9b,60,Kvinde,0,0,0,0,0,0,1,0,0,33,0-7 dage,B,content,jp.dk,4,2,0,0.25,0.75,0,0,0,1,0,0,0.75,0.75,0,0,0,0,0,0,Spøgelses-brugeren (Lav aktivitet),4,0.25,0.75,0.25,0,0,0,4
8423866ec1a677d8bf54c4cb91ec613a,60,Mand,0,1,1,0,0,0,1,0,0,59,6+ måneder,Andet,ppc,adwords,5,1,0.6,0.25,1,0,0,0,0,0,0,1,1,0,0,0,0,0.6,0,Mobil-nykommeren,5,0.25,1,0,0.6,0,1,5
4dd7cbb673923c83f9b8abc1e0a25aac,60,Mand,1,1,1,1,1,1,0,1,1,76,6+ måneder,A,mail,mail,7,2,0.2857142857142857,0.14285714285714285,1,0,0,0,8,0,0,0.14285714285714285,1,0,0,0,0,0,0,Mobil-nykommeren,7,0.14285714285714285,1,0,0.2857142857142857,0,0.2857142857142857,7
f50856fc107729999e2e1d357c844649,60,Mand,1,2,2,0,11,9,1,0,0,88,6+ måneder,Ukendt,Weblayer,jp.dk,43,15,0.5348837209302325,0.7325581395348837,1,0,0,0,27,0,0,0.3953488372093023,1,0,0,0,0.09302325581395349,0.11627906976744186,0.023255813953488372,Veteranen (Høj historik),43,0.7325581395348837,1,0,0.5348837209302325,0,0.4883720930232558,43
433aa510b9dc273e221bde28e7296866,60,Mand,0,10,5,7,0,0,1,0,0,67,6+ måneder,Andet,Matrice,jp.dk,716,31,0.19553072625698323,0.22870111731843576,0.6354748603351955,0,0,0.31843575418994413,30,0,0.16620111731843576,0.2527932960893855,0.6354748603351955,0,0.3645251396648045,0.013966480446927373,0.023743016759776536,0.06983240223463687,0.027932960893854747,Power-brugeren (Mest mobil),716,0.22870111731843576,0.6354748603351955,0.3645251396648045,0.19553072625698323,0.31843575418994413,0.5097765363128491,714
706e093c596c9b6de385b40a984f12b0,60,Kvinde,0,6,6,3,0,0,1,0,0,65,6+ måneder,B,mail,mail,1,1,0,0.75,0,0,0,0,0,0,0,0,1,0,0,0,0,0,0,Spøgelses-brugeren (Lav aktivitet),1,0.75,0,0,0,0,0,1
e4c2b513bdcea217379ef84b2507904a,60,Mand,1,11,5,6,0,0,1,0,0,75,6+ måneder,Andet,Matrice,jp.dk,255,31,0.20784313725490197,0.2568627450980392,0,0,0,0.03137254901960784,30,0,0.16470588235294117,0.023529411764705882,0,0,1,0,0.027450980392156862,0.09019607843137255,0.01568627450980392,Veteranen (Høj historik),255,0.2568627450980392,0,1,0.20784313725490197,0.03137254901960784,0.4823529411764706,255
40d4bc4ceca9fd2e68031fa65ba5c50f,60,Kvinde,1,0,0,0,0,2,0,1,0,70,6+ måneder,Andet,mail,mail,39,20,0.5128205128205128,0.5128205128205128,0,0,0,0,29,0,0.15384615384615385,0.1794871794871795,1,0,0,0,0.02564102564102564,0.1794871794871795,0,Mobil-nykommeren,39,0.5128205128205128,0,0,0.5128205128205128,0,0.02564102564102564,39
a48af4981d5cc3f1cd9e91e123b946ca,60,Mand,0,0,0,0,0,0,1,0,0,50,0-7 dage,Ukendt,topticker,jp.dk,0,0,0,0,0,0,0,0,0,0,0,0,0,0,0,0,0,0,0,Spøgelses-brugeren (Lav aktivitet),0,0,0,0,0,0,0,0
9b636dd933ffe5f7bcc115d62aeee610,60,Mand,1,0,0,0,12,10,1,0,0,64,0-7 dage,Andet,Matrice,jp.dk,52,25,0.5,0.5144230769230769,0.6538461538461539,0.019230769230769232,0,0,30,0,0.15384615384615385,0.5,0.6538461538461539,0,0.34615384615384615,0.019230769230769232,0.07692307692307693,0.07692307692307693,0.038461538461538464,Veteranen (Høj historik),52,0.5144230769230769,0.6538461538461539,0.34615384615384615,0.5,0,0.019230769230769232,52
e458dfd14161ec17d6a1ad39fa0ac2ed,60,Mand,1,6,5,2,5,5,0,1,1,74,6+ måneder,Andet,mail,mail,411,31,0.2944038929440389,0.3108272506082725,0,0,0,0.46472019464720193,30,0,0.7153284671532847,0.0948905109489051,0.0024330900243309003,0,0,0.014598540145985401,0.009732360097323601,0.04866180048661801,0.024330900243309004,Veteranen (Høj historik),411,0.3108272506082725,0,0.9975669099756691,0.2944038929440389,0.46472019464720193,0.45255474452554745,411
f7e335754c1d61dce2e70ddf8b6011db,60,Kvinde,1,1,1,0,0,0,0,1,0,48,6+ måneder,Andet,matrice,jp.dk,1,1,0,0,0,0,0,0,0,0,0,0,0,0,0,0,0,0,0,Desktop-traditionalisten,1,0,0,1,0,0,1,1
6b54e0d2134307e087fd1c935f044aa2,60,Mand,0,5,3,2,0,0,0,1,0,63,6+ måneder,Andet,Matrice,jp.dk,633,31,0.24644549763033174,0.26145339652448657,0.7377567140600316,0,0,0.00315955766192733,30,0,0.24170616113744076,0.320695102685624,0.7377567140600316,0,0,0.011058451816745656,0.023696682464454975,0.03475513428120063,0.03317535545023697,Power-brugeren (Mest mobil),633,0.26145339652448657,0.7377567140600316,0.26224328593996843,0.24644549763033174,0.00315955766192733,0.4107424960505529,633
7b4fa6601c1f309c017664b468956354,60,Mand,0,0,0,0,0,0,0,1,1,57,6+ måneder,A,content,jp.dk,27,3,0.2222222222222222,0.32407407407407407,0.2962962962962963,0,0,0,4,0,0.2222222222222222,0.037037037037037035,0.2962962962962963,0,0,0,0,0.07407407407407407,0,Desktop-traditionalisten,27,0.32407407407407407,0.2962962962962963,0.7037037037037037,0.2222222222222222,0,0.5925925925925926,27
848ee26ce93babd7d9d9d93b2df65b6b,60,Kvinde,0,0,0,0,0,0,0,1,1,29,0-7 dage,A,content,jp.dk,30,7,0.4,0.6,0.03333333333333333,0,0,0.06666666666666667,20,0,0.26666666666666666,0,0.03333333333333333,0,0.9666666666666667,0,0.06666666666666667,0.1,0.03333333333333333,Desktop-traditionalisten,30,0.6,0.03333333333333333,0.9666666666666667,0.4,0.06666666666666667,0.5666666666666667,30
bf9046fa8bf362613bb568886c425a4c,60,Mand,1,0,0,0,0,0,0,1,1,79,0-7 dage,Andet,Matrice,jp.dk,180,28,0.2833333333333333,0.42083333333333334,0.011111111111111112,0,0,0.08333333333333333,30,0,0.23333333333333334,0.25555555555555554,0.08333333333333333,0,0.9166666666666666,0.016666666666666666,0.03333333333333333,0.05555555555555555,0.027777777777777776,Desktop-traditionalisten,180,0.42083333333333334,0.011111111111111112,0.9166666666666666,0.2833333333333333,0.08333333333333333,0.5111111111111111,180
79bcea0ca1df80809925ac6826965e65,60,Mand,1,4,2,1,2,2,0,1,1,78,6+ måneder,Andet,mail,mail,17,6,0.29411764705882354,0.3088235294117647,1,0,0,0,13,0,0,0.29411764705882354,1,0,0,0,0,0.058823529411764705,0,Mobil-nykommeren,17,0.3088235294117647,1,0,0.29411764705882354,0,0.47058823529411764,17
cc8295dd665a1de96fe1d20e1bcc6831,60,Kvinde,0,2,1,1,0,0,1,0,0,51,6+ måneder,A,content,jp.dk,20,1,0.4,0.325,1,0,0,0,0,0,0.7,0,1,0,0,0,0,0.1,0.05,Mobil-nykommeren,20,0.325,1,0,0.4,0,0.7,20
b1cff7fa22236dcb1b0a989f25fd5c43,0,Mand,0,0,0,0,0,0,1,0,0,67,6+ måneder,A,content,jp.dk,5,1,0.4,0.8,0,0,0,0,0,0,0,0,0,0,1,0,0,0,0,Desktop-traditionalisten,5,0.8,0,1,0.4,0,0.4,5
773658b12742ecdd7c229fa03323c86f,60,Mand,0,0,0,0,0,2,0,1,0,71,0-7 dage,Andet,mail,mail,6,3,0.5,0.25,0.5,0,0,0,22,0,1,0,0.5,0,0,0,0,0,0,Mobil-nykommeren,6,0.25,0.5,0.5,0.5,0,0.16666666666666666,6
2191cc84c7bb5d3610d632f7cf5204b2,60,Mand,0,1,0,0,0,0,0,1,0,74,6+ måneder,Andet,mail,mail,1,1,1,0.25,0,0,0,0,0,0,0,1,1,0,0,0,0,0,0,Mobil-nykommeren,1,0.25,0,0,1,0,0,1
3b4ce05f90428b767885143458049bf1,60,Mand,0,2,1,0,0,1,0,1,0,55,6+ måneder,A,content,jp.dk,350,27,0.26285714285714284,0.3914285714285714,0.017142857142857144,0,0,0,30,0,0.17714285714285713,0.17142857142857143,0.017142857142857144,0,0,0.022857142857142857,0.014285714285714285,0.06857142857142857,0.037142857142857144,Desktop-traditionalisten,350,0.3914285714285714,0.017142857142857144,0.9828571428571429,0.26285714285714284,0,0.5971428571428572,350
87d2a11d788649d4c69bb4e10ff780c0,60,Mand,1,1,1,0,0,2,1,0,0,81,6+ måneder,Ukendt,Matrice,jp.dk,2,1,0,0.375,0,0,0,0,0,0,0,0,0,0,1,0,0,0,0,Desktop-traditionalisten,2,0.375,0,1,0,0,0.5,2
087ebc5dd84a5a63f00974b2dc26c2a8,60,Mand,1,9,6,4,0,0,0,1,1,72,6+ måneder,A,mail,mail,17,5,0.11764705882352941,0.27941176470588236,0.058823529411764705,0,0,0.23529411764705882,10,0,0,0.11764705882352941,0.058823529411764705,0,0,0,0,0,0.058823529411764705,Desktop-traditionalisten,17,0.27941176470588236,0.058823529411764705,0.9411764705882353,0.11764705882352941,0.23529411764705882,0.5882352941176471,17
55de7730fb65fb3e90afdc6e82e46d13,60,Kvinde,0,0,0,0,3,3,0,1,0,60,6+ måneder,A,content,jp.dk,0,0,0,0,0,0,0,0,0,0,0,0,0,0,0,0,0,0,0,Spøgelses-brugeren (Lav aktivitet),0,0,0,0,0,0,0,0
02fe16a67b6e92fb1525c8dc4f5e19d2,60,Kvinde,0,0,0,0,0,0,0,1,1,55,0-7 dage,B,content,jp.dk,14,3,0.42857142857142855,0.21428571428571427,0.7857142857142857,0,0,0,3,0,0.35714285714285715,0.07142857142857142,0.7857142857142857,0,0.21428571428571427,0,0,0,0,Mobil-nykommeren,14,0.21428571428571427,0.7857142857142857,0.21428571428571427,0.42857142857142855,0,0.07142857142857142,14
0f59e0f1a302ad61479cae13dc65d210,60,Kvinde,0,0,0,0,2,2,0,1,0,63,0-7 dage,A,content,jp.dk,308,31,0.11363636363636363,0.1396103896103896,1,0,0,0,30,0,0.13636363636363635,0.23376623376623376,1,0,0,0,0.01948051948051948,0.012987012987012988,0.00974025974025974,Power-brugeren (Mest mobil),308,0.1396103896103896,1,0,0.11363636363636363,0,0.922077922077922,308
0ff1fb912827dd493780434b9f5fe90c,60,Mand,0,0,0,0,0,0,1,0,0,76,8-30 dage,A,content,jp.dk,193,31,0.21243523316062177,0.18264248704663213,0,0,0,0,30,0,0.3626943005181347,0.08290155440414508,0,0,1,0.0051813471502590676,0.02072538860103627,0.015544041450777202,0.03626943005181347,Desktop-traditionalisten,193,0.18264248704663213,0,1,0.21243523316062177,0,0.35751295336787564,193
dd17b70b375e73e19d04201f4fe37788,60,Mand,1,14,8,3,16,16,1,0,0,77,6+ måneder,B,content,jp.dk,166,22,0.46987951807228917,0.7650602409638554,0.4819277108433735,0.006024096385542169,0,0,30,0,0.060240963855421686,0.4819277108433735,0.4819277108433735,0,0.5180722891566265,0.03614457831325301,0.05421686746987952,0.09036144578313253,0.0783132530120482,Veteranen (Høj historik),166,0.7650602409638554,0.4819277108433735,0.5180722891566265,0.46987951807228917,0,0.4879518072289157,165
26055449e1b6f5750213a8cd2f9c1590,60,Kvinde,0,0,0,0,0,0,0,1,0,24,0-7 dage,Andet,Matrice,jp.dk,9,4,0.3333333333333333,0.6666666666666666,0,0.1111111111111111,0,0.6666666666666666,21,0,0,0,0,0,0,0,0,0,0,Desktop-traditionalisten,9,0.6666666666666666,0,1,0.3333333333333333,0.6666666666666666,0,9
d9131a70d86f30eae6d2e6bd57a76230,60,Mand,0,0,0,0,0,0,0,1,0,58,6+ måneder,A,content,jp.dk,268,28,0.291044776119403,0.32649253731343286,0,0.029850746268656716,0,0,29,0,0.07462686567164178,0.2947761194029851,0.7425373134328358,0,0.2574626865671642,0.007462686567164179,0.022388059701492536,0.05223880597014925,0.007462686567164179,Desktop-traditionalisten,268,0.32649253731343286,0,0.2574626865671642,0.291044776119403,0,0.5111940298507462,268
bb268a1296993a658fa958dcce6ce723,60,Kvinde,0,0,0,0,0,0,0,1,1,80,6+ måneder,Andet,mail,mail,173,26,0.35260115606936415,0.2774566473988439,1,0,0,0.24855491329479767,29,0,0.06358381502890173,0.12138728323699421,0,1,0,0,0.046242774566473986,0.028901734104046242,0.017341040462427744,Mobil-nykommeren,173,0.2774566473988439,1,0,0.35260115606936415,0.24855491329479767,0.7225433526011561,173
c87f05ad95f5f762ee2991ac45685fac,60,Mand,0,22,8,10,4,4,1,0,0,77,6+ måneder,Andet,Matrice,jp.dk,300,31,0.30333333333333334,0.3775,0.05333333333333334,0,0,0.02,30,0,0.25,0.27666666666666667,0.05333333333333334,0,0,0.016666666666666666,0.03333333333333333,0.06666666666666667,0.01,Veteranen (Høj historik),300,0.3775,0.05333333333333334,0.9466666666666667,0.30333333333333334,0.02,0.5633333333333334,300
8be83d73b038d09aead452870daaac86,60,Mand,1,0,0,0,0,0,0,1,0,57,0-7 dage,B,content,jp.dk,159,22,0.2893081761006289,0.3223270440251572,0.05660377358490566,0.006289308176100629,0,0,29,0,0.4339622641509434,0.1949685534591195,0.05660377358490566,0,0.9433962264150944,0,0.012578616352201259,0.08176100628930817,0.031446540880503145,Desktop-traditionalisten,159,0.3223270440251572,0.05660377358490566,0.9433962264150944,0.2893081761006289,0,0.46540880503144655,159
ac5c578c40656689a251c866ba3d6f98,60,Mand,1,2,2,2,0,0,1,0,0,65,6+ måneder,Andet,mail,mail,186,26,0.3010752688172043,0.33602150537634407,1,0,0,0.46236559139784944,30,0,0.1935483870967742,0.20430107526881722,0,1,0,0.06989247311827956,0.005376344086021506,0.043010752688172046,0.053763440860215055,Mobil-nykommeren,186,0.33602150537634407,1,0,0.3010752688172043,0.46236559139784944,0.521505376344086,186
cd89e049f0b16fa28499c3a1ab5e15f5,60,Mand,0,0,0,0,3,4,0,1,0,81,6+ måneder,Andet,email,jp,49,8,0.5714285714285714,0.8214285714285714,0,0,0,0,30,0,0.9591836734693877,0,0,0,1,0,0,0.10204081632653061,0.02040816326530612,Desktop-traditionalisten,49,0.8214285714285714,0,1,0.5714285714285714,0,0.6326530612244898,49
3779c328bc5efb7d0f9f77bc895122e4,60,Mand,1,2,2,0,1,1,1,0,0,67,6+ måneder,B,content,jp.dk,46,15,0.391304347826087,0.4891304347826087,0,0,0,0.32608695652173914,30,0,0.41304347826086957,0.5,0,0,0,0.08695652173913043,0.021739130434782608,0.021739130434782608,0.021739130434782608,Desktop-traditionalisten,46,0.4891304347826087,0,1,0.391304347826087,0.32608695652173914,0.2826086956521739,46
8da2e4c70ab7969f71c228ca4d5213d9,60,Mand,0,0,0,0,0,0,0,1,0,63,0-7 dage,Andet,mail,mail,561,31,0.25668449197860965,0.2339572192513369,0.7361853832442068,0,0,0,30,0,0.23707664884135474,0.13368983957219252,0.7361853832442068,0,0.2638146167557932,0.0053475935828877,0.0196078431372549,0.058823529411764705,0.026737967914438502,Power-brugeren (Mest mobil),561,0.2339572192513369,0.7361853832442068,0.2638146167557932,0.25668449197860965,0,0.45454545454545453,561
1c970787962b3364c125d8dc4f6f9b48,60,Mand,1,17,9,5,0,0,1,0,0,44,6+ måneder,A,content,jp.dk,118,10,0.2711864406779661,0.2796610169491525,0.01694915254237288,0,0,0,27,0,0.3813559322033898,0.3983050847457627,0.01694915254237288,0,0.1016949152542373,0.01694915254237288,0.0423728813559322,0.0423728813559322,0.025423728813559324,Veteranen (Høj historik),118,0.2796610169491525,0.01694915254237288,0.9830508474576272,0.2711864406779661,0,0.5847457627118644,118
aab906f1e94c3d75a4aad601d00431f1,60,Ikke oplyst,1,16,7,9,0,0,1,0,0,77,6+ måneder,Andet,mail,mail,4,2,0.25,0.0625,0.25,0,0,0,2,0,0.25,0,0,0.25,0.75,0,0,0.25,0,Veteranen (Høj historik),4,0.0625,0.25,0.75,0.25,0,0.5,4
d930f746a880de29aae6ce810b11f5da,60,Mand,1,2,1,0,9,9,0,1,0,80,6+ måneder,Andet,mail,mail,8,7,0.25,0.375,1,0,0,0,13,0,0.375,0,1,0,0,0,0,0,0,Mobil-nykommeren,8,0.375,1,0,0.25,0,0.125,8
dbc43769b3fb6804d1b1992e6491bf3d,60,Mand,0,4,4,0,0,0,0,1,0,68,6+ måneder,A,content,jp.dk,471,31,0.1592356687898089,0.24734607218683652,0.9256900212314225,0,0,0.0021231422505307855,30,0,0.055201698513800426,0.3057324840764331,0,0.9256900212314225,0.07430997876857749,0.004246284501061571,0.008492569002123142,0.055201698513800426,0.008492569002123142,Power-brugeren (Mest mobil),471,0.24734607218683652,0.9256900212314225,0.07430997876857749,0.1592356687898089,0.0021231422505307855,0.3354564755838641,471
07d0c99895df503e62414e0f2b702cde,60,Mand,1,2,1,1,5,7,0,1,0,58,6+ måneder,Andet,mail,mail,629,30,0.314785373608903,0.35174880763116056,0.8314785373608903,0,0,0,30,0,0.2066772655007949,0.20508744038155802,0,0.8314785373608903,0.1685214626391097,0.009538950715421303,0.02384737678855326,0.08744038155802862,0.030206677265500796,Power-brugeren (Mest mobil),629,0.35174880763116056,0.8314785373608903,0.1685214626391097,0.314785373608903,0,0.5119236883942766,629
777833f12b1c604a5b3d6dd76bdde6ec,60,Kvinde,0,3,3,0,0,0,1,0,0,65,6+ måneder,Andet,mail,mail,7,2,0.2857142857142857,0.2857142857142857,0,0,0,0,4,0,0,0.8571428571428571,0,0,0,0,0.14285714285714285,0,0,Desktop-traditionalisten,7,0.2857142857142857,0,1,0.2857142857142857,0,0.5714285714285714,7
f79e1675b854d18f6f0c9a76d7941b3f,60,Mand,0,10,5,4,1,0,1,0,0,76,6+ måneder,B,mail,mail,208,31,0.32211538461538464,0.38341346153846156,0,0,0,0,30,0,0.39903846153846156,0.23076923076923078,0,0,1,0.009615384615384616,0.028846153846153848,0.08173076923076923,0.009615384615384616,Desktop-traditionalisten,208,0.38341346153846156,0,1,0.32211538461538464,0,0.5336538461538461,208
80cfaf94b170f141e28861a07d09d476,60,Mand,0,0,0,0,0,0,0,1,0,55,6+ måneder,Andet,Matrice,App,1,1,0,0,1,0,0,0,0,0,0,0,0,1,0,0,0,0,0,Spøgelses-brugeren (Lav aktivitet),1,0,1,0,0,0,0,1
181239c484f5899e65888a9bd671527d,60,Mand,1,5,0,5,7,9,0,1,1,60,6+ måneder,Andet,Matrice,jp.dk,543,23,0.4714548802946593,0.4604051565377532,1,0,0.01841620626151013,0,30,0,0.141804788213628,0.0423572744014733,0,1,0,0.0055248618784530384,0.06629834254143646,0.1141804788213628,0.020257826887661142,Veteranen (Høj historik),543,0.4604051565377532,1,0,0.4714548802946593,0,0.8637200736648251,543
e313c648720ad368db50f15344b943aa,60,Mand,0,2,2,2,0,0,0,1,1,71,6+ måneder,B,mail,mail,80,19,0.575,0.715625,0,0,0,0,30,0,0.025,0.6125,0,0,1,0,0.0625,0.1125,0.0125,Desktop-traditionalisten,80,0.715625,0,1,0.575,0,0.35,79
761f1df8f468f1bb378e9d72cbe382e5,60,Mand,1,0,0,0,0,0,1,0,0,82,0-7 dage,B,content,jp.dk,27,5,0.4074074074074074,0.5648148148148148,0.14814814814814814,0.037037037037037035,0,0.07407407407407407,17,0,0.2222222222222222,0.14814814814814814,0.14814814814814814,0,0.5925925925925926,0,0,0.07407407407407407,0,Desktop-traditionalisten,27,0.5648148148148148,0.14814814814814814,0.8518518518518519,0.4074074074074074,0.07407407407407407,0.7037037037037037,27
8ddd9da87f5d0aff556598905938e9e4,60,Mand,0,0,0,0,0,0,0,1,0,65,6+ måneder,B,content,jp.dk,163,20,0.4171779141104294,0.46319018404907975,1,0,0,0,29,0,0.4601226993865031,0.04294478527607362,1,0,0,0,0.049079754601226995,0.0736196319018405,0.05521472392638037,Mobil-nykommeren,163,0.46319018404907975,1,0,0.4171779141104294,0,0.7055214723926381,163
e5c1e5dfabe1d1b80ee995d84de2201d,60,Mand,0,0,0,0,0,0,1,0,0,50,6+ måneder,A,content,jp.dk,520,31,0.20961538461538462,0.23173076923076924,1,0,0,0.009615384615384616,30,0,0.1423076923076923,0.3730769230769231,0,1,0,0,0.028846153846153848,0.051923076923076926,0.026923076923076925,Power-brugeren (Mest mobil),520,0.23173076923076924,1,0,0.20961538461538462,0.009615384615384616,0.5903846153846154,520
1af06db48739c4e618bb73c2cdd09ece,60,Mand,1,2,2,0,0,0,0,1,1,93,6+ måneder,Andet,Matrice,jp.dk,96,29,0.3958333333333333,0.578125,0,0.010416666666666666,0,0,30,0,0.3541666666666667,0,0,0,1,0,0.09375,0.041666666666666664,0.010416666666666666,Desktop-traditionalisten,96,0.578125,0,1,0.3958333333333333,0,0.5625,96
5925eab9bc621733645f6fd41ebaccb0,60,Mand,1,8,6,3,6,6,0,1,1,81,6+ måneder,Andet,mail,mail,164,31,0.5426829268292683,0.6737804878048781,1,0,0.6219512195121951,0,30,0,0.17682926829268292,0.2073170731707317,0,1,0,0.042682926829268296,0.012195121951219513,0.10365853658536585,0.04878048780487805,Veteranen (Høj historik),164,0.6737804878048781,1,0,0.5426829268292683,0,0.3048780487804878,164
1130498a738e9b6acb34e906f2230007,60,Mand,0,1,0,0,1,1,0,1,0,91,6+ måneder,Andet,mail,mail,648,31,0.23765432098765432,0.22145061728395063,0.808641975308642,0,0,0,30,0,0.470679012345679,0.2361111111111111,0,0.808641975308642,0.10339506172839506,0.021604938271604937,0.021604938271604937,0.032407407407407406,0.037037037037037035,Power-brugeren (Mest mobil),648,0.22145061728395063,0.808641975308642,0.19135802469135801,0.23765432098765432,0,0.6512345679012346,647
84a0ea3fbb01645645ab3c637f704838,60,Kvinde,0,0,0,0,0,0,0,1,0,32,6+ måneder,A,content,jp.dk,14,3,0.42857142857142855,0.19642857142857142,1,0,0,0,2,0,0.9285714285714286,0.07142857142857142,1,0,0,0,0.07142857142857142,0.14285714285714285,0.07142857142857142,Mobil-nykommeren,14,0.19642857142857142,1,0,0.42857142857142855,0,0.7142857142857143,14
5dda4e685600b3ae7b09836aca37d057,60,Kvinde,0,0,0,0,0,0,1,0,0,44,6+ måneder,A,content,jp.dk,61,9,0.19672131147540983,0.3483606557377049,1,0,0,0,30,0,0.4098360655737705,0.03278688524590164,1,0,0,0.01639344262295082,0.04918032786885246,0.01639344262295082,0.03278688524590164,Mobil-nykommeren,61,0.3483606557377049,1,0,0.19672131147540983,0,0.7049180327868853,61
4262ff5f39aee5987c964b9d43dd7ddf,60,Mand,0,5,4,2,2,3,0,1,1,83,6+ måneder,Andet,email,jp,44,7,0.5681818181818182,0.48295454545454547,1,0,0.5454545454545454,0,28,0,0.7272727272727273,0,0,1,0,0.06818181818181818,0.09090909090909091,0.11363636363636363,0,Mobil-nykommeren,44,0.48295454545454547,1,0,0.5681818181818182,0,0.3409090909090909,44
3b7e252e3cad823b1a333da15165e8fc,60,Mand,0,1,0,1,0,0,0,1,1,46,6+ måneder,A,content,jp.dk,158,23,0.45569620253164556,0.5031645569620253,1,0,0,0.006329113924050633,30,0,0.17721518987341772,0.3670886075949367,1,0,0,0.02531645569620253,0.02531645569620253,0.1518987341772152,0.0949367088607595,Mobil-nykommeren,158,0.5031645569620253,1,0,0.45569620253164556,0.006329113924050633,0.7721518987341772,158
6ecb28b84d3a784429d89cdd1bf707e8,60,Mand,0,1,1,0,0,0,1,0,0,64,6+ måneder,B,mail,mail,15,9,0.2,0.31666666666666665,0.13333333333333333,0,0,0.26666666666666666,29,0,0.3333333333333333,0.2,0.13333333333333333,0,0,0,0.06666666666666667,0,0.06666666666666667,Desktop-traditionalisten,15,0.31666666666666665,0.13333333333333333,0.8666666666666667,0.2,0.26666666666666666,0.3333333333333333,15
691567ac886fbcb6838d049bd8dfeb25,60,Mand,0,4,2,2,8,8,0,1,0,80,6+ måneder,A,content,jp.dk,256,22,0.28125,0.1806640625,0,0,0,0,30,0,0.875,0,0,0,0,0.0234375,0.0234375,0.0546875,0.01953125,Veteranen (Høj historik),256,0.1806640625,0,1,0.28125,0,0.79296875,256
b40b77f1118e3d44b8c5f5fe5f434cf9,60,Kvinde,0,7,1,5,0,0,1,0,0,88,6+ måneder,B,mail,mail,5,2,0.2,0.05,0.6,0,0,0,5,0,0,0,0.6,0,0.4,0,0,0,0,Spøgelses-brugeren (Lav aktivitet),5,0.05,0.6,0.4,0.2,0,0.4,5
2c6bbbf8fa35f68c88d82688bd0f7a69,60,Mand,0,0,0,0,0,0,1,0,0,30,6+ måneder,A,content,jp.dk,4,1,0.25,0.25,1,0,0,0,0,0,1,0,1,0,0,0.25,0,0,0,Mobil-nykommeren,4,0.25,1,0,0.25,0,0,4
374f3786930ea8008317faaafb586def,60,Ikke oplyst,1,6,3,2,0,0,0,1,1,64,6+ måneder,B,content,jp.dk,352,31,0.22443181818181818,0.19744318181818182,0.8920454545454546,0,0,0,30,0,0.2528409090909091,0.1278409090909091,0.8920454545454546,0,0.10795454545454546,0.002840909090909091,0.028409090909090908,0.022727272727272728,0.017045454545454544,Power-brugeren (Mest mobil),352,0.19744318181818182,0.8920454545454546,0.10795454545454546,0.22443181818181818,0,0.40625,352
c471b03cd445e41200a69e3b4cfdd9c5,60,Mand,1,7,3,2,2,2,0,1,1,78,6+ måneder,Andet,mail,mail,73,17,0.2328767123287671,0.4280821917808219,1,0,0.0136986301369863,0.0136986301369863,29,0,0.2328767123287671,0.2328767123287671,0,1,0,0.0136986301369863,0,0.0684931506849315,0,Mobil-nykommeren,73,0.4280821917808219,1,0,0.2328767123287671,0.0136986301369863,0.4794520547945205,73
385ea711433779ec568022849ce6eaeb,60,Mand,0,4,2,2,0,0,0,1,0,53,6+ måneder,Ukendt,Weblayer,jp.dk,67,19,0.373134328358209,0.34701492537313433,0.5671641791044776,0.2537313432835821,0,0.014925373134328358,28,0,0.07462686567164178,0.29850746268656714,0,0.5671641791044776,0.43283582089552236,0,0,0.05970149253731343,0.029850746268656716,Mobil-nykommeren,67,0.34701492537313433,0.5671641791044776,0.43283582089552236,0.373134328358209,0.014925373134328358,0.4925373134328358,67
9ee60c297a751b20d595266bd388215c,60,Mand,0,0,0,0,0,0,0,1,1,52,6+ måneder,A,content,jp.dk,13,2,0.5384615384615384,0.38461538461538464,0,0,0,0,1,0,0,0,0,0,1,0,0.23076923076923078,0.15384615384615385,0,Desktop-traditionalisten,13,0.38461538461538464,0,1,0.5384615384615384,0,0.5384615384615384,13
1493b48a623a745e57db83cf0b32da91,60,Mand,0,1,1,0,0,0,0,1,0,74,6+ måneder,Andet,mail,mail,57,5,0.2982456140350877,0.39473684210526316,1,0,0,0.12280701754385964,12,0,1,0,0,1,0,0.07017543859649122,0,0.07017543859649122,0.017543859649122806,Mobil-nykommeren,57,0.39473684210526316,1,0,0.2982456140350877,0.12280701754385964,0.7894736842105263,56
0786c281ec5d2458a226bda45e874c35,60,Mand,0,3,3,1,0,0,1,0,0,61,6+ måneder,Ukendt,topticker,jp.dk,588,30,0.20748299319727892,0.1798469387755102,1,0,0,0,29,0,0.08163265306122448,0.5068027210884354,1,0,0,0.034013605442176874,0.015306122448979591,0.023809523809523808,0.011904761904761904,Power-brugeren (Mest mobil),588,0.1798469387755102,1,0,0.20748299319727892,0,0.47959183673469385,584
01f145c2d4f98ff3b0ce3f731c3e5078,60,Mand,0,4,4,0,0,0,1,0,0,70,6+ måneder,A,content,jp.dk,169,16,0.3136094674556213,0.40384615384615385,1,0,0,0,30,0,0.2603550295857988,0.2958579881656805,0,1,0,0.005917159763313609,0.04142011834319527,0.0650887573964497,0,Power-brugeren (Mest mobil),169,0.40384615384615385,1,0,0.3136094674556213,0,0.9881656804733728,169
c402e82b274b94ea1c549636425759a2,60,Mand,0,5,2,0,0,0,0,1,0,82,6+ måneder,Andet,mail,mail,1641,31,0.1291895185862279,0.16956124314442414,0,0,0,0,30,0,0.16453382084095064,0.2376599634369287,0,0,1,0.015234613040828763,0.01340645947592931,0.019500304692260818,0.006703229737964655,Power-brugeren (Mest mobil),1641,0.16956124314442414,0,1,0.1291895185862279,0,0.2626447288238879,1641
c8e4a23b9e979430d588440ed4f70da7,60,Mand,0,10,5,3,0,0,1,0,0,62,6+ måneder,A,mail,mail,121,24,0.30578512396694213,0.3037190082644628,0.8099173553719008,0,0,0,30,0,0.21487603305785125,0.38016528925619836,0.8181818181818182,0,0,0.008264462809917356,0.008264462809917356,0.0743801652892562,0.008264462809917356,Power-brugeren (Mest mobil),121,0.3037190082644628,0.8099173553719008,0.18181818181818182,0.30578512396694213,0,0.47107438016528924,121
9226bce10f06f4ab2d13d793985fe2dc,60,Mand,0,18,6,15,0,0,1,0,0,51,6+ måneder,Andet,mail,mail,20,4,0.3,0.3625,0.85,0,0,0.05,13,0,0.6,0,0.85,0,0.15,0,0,0.2,0.15,Veteranen (Høj historik),20,0.3625,0.85,0.15,0.3,0.05,0.55,20
ef7a085d2aff92b21d620e7a0ea528b4,60,Kvinde,0,3,2,1,1,1,0,1,0,43,6+ måneder,A,content,jp.dk,90,18,0.4666666666666667,0.4638888888888889,0.28888888888888886,0.011111111111111112,0,0.23333333333333334,29,0,0.32222222222222224,0.15555555555555556,0.2222222222222222,0.06666666666666667,0.7111111111111111,0,0.16666666666666666,0.07777777777777778,0.022222222222222223,Desktop-traditionalisten,90,0.4638888888888889,0.28888888888888886,0.7111111111111111,0.4666666666666667,0.23333333333333334,0.36666666666666664,90
6d65f77c4bce56087d22a22a734f493c,60,Mand,0,7,5,1,0,0,0,1,0,62,6+ måneder,B,mail,mail,64,10,0.390625,0.42578125,0,0,0,0,29,0,0.09375,0.078125,0,0,1,0.015625,0,0.015625,0.03125,Desktop-traditionalisten,64,0.42578125,0,1,0.390625,0,0.828125,64
7cc6d77803a5c2de142a14ace1b34a08,60,Mand,0,1,1,0,0,0,1,0,0,60,6+ måneder,Andet,Matrice,jp.dk,538,22,0.2527881040892193,0.29182156133828996,0.05018587360594796,0,0,0,28,0,0.23605947955390336,0.241635687732342,0.05018587360594796,0,0,0.03531598513011153,0.022304832713754646,0.027881040892193308,0.16728624535315986,Desktop-traditionalisten,538,0.29182156133828996,0.05018587360594796,0.949814126394052,0.2527881040892193,0,0.5297397769516728,538
ccc8f1b438686e37f9f03a6f883ff2a4,60,Mand,0,1,1,0,0,0,0,1,0,55,6+ måneder,A,content,jp.dk,591,29,0.32148900169204736,0.2800338409475465,1,0,0,0,30,0,0.25380710659898476,0.3688663282571912,1,0,0,0.01353637901861252,0.02707275803722504,0.077834179357022,0.05922165820642978,Power-brugeren (Mest mobil),591,0.2800338409475465,1,0,0.32148900169204736,0,0.6057529610829103,591
10d5736de1bd27274198d1f1f0ee6d55,60,Kvinde,0,2,1,1,19,18,0,1,1,71,6+ måneder,Andet,mail,mail,34,10,0.38235294117647056,0.5073529411764706,1,0,0,0,26,0,0,0.4117647058823529,1,0,0,0,0.058823529411764705,0.058823529411764705,0,Veteranen (Høj historik),34,0.5073529411764706,1,0,0.38235294117647056,0,0.5294117647058824,34
f0aab63ad685e003555b7e8c0644dba3,60,Mand,1,9,8,4,1,0,0,1,1,70,6+ måneder,B,mail,mail,84,13,0.23809523809523808,0.21726190476190477,0,0,0,0.07142857142857142,29,0,0.5238095238095238,0.05952380952380952,0,0,1,0.023809523809523808,0.011904761904761904,0.03571428571428571,0.03571428571428571,Veteranen (Høj historik),84,0.21726190476190477,0,1,0.23809523809523808,0.07142857142857142,0.9166666666666666,84
959c700e99c5e04175aa14267701fb89,60,Mand,1,7,3,2,0,1,0,1,1,68,6+ måneder,Andet,mail,mail,70,11,0.44285714285714284,0.49642857142857144,0,0,0,0.2857142857142857,12,0,0.17142857142857143,0.2714285714285714,0,0,0.014285714285714285,0.014285714285714285,0.02857142857142857,0.14285714285714285,0.014285714285714285,Desktop-traditionalisten,70,0.49642857142857144,0,1,0.44285714285714284,0.2857142857142857,0.42857142857142855,70
5e3435da502300921632fa4d47c44202,60,Kvinde,0,0,0,0,0,0,0,1,0,70,0-7 dage,A,content,jp.dk,278,24,0.302158273381295,0.30305755395683454,0.935251798561151,0,0,0,29,0,0.23381294964028776,0.302158273381295,0,0.935251798561151,0.06474820143884892,0,0.046762589928057555,0.039568345323741004,0.03237410071942446,Mobil-nykommeren,278,0.30305755395683454,0.935251798561151,0.06474820143884892,0.302158273381295,0,0.7805755395683454,278
b4ef7db62ab7b8ac08f209efd528b316,60,Mand,0,6,5,2,0,0,1,0,0,43,6+ måneder,Andet,Matrice,jp.dk,0,0,0,0,0,0,0,0,0,0,0,0,0,0,0,0,0,0,0,Spøgelses-brugeren (Lav aktivitet),0,0,0,0,0,0,0,0
d5fd2cb43a6429a01f2dc22b184df8e7,60,Mand,0,0,0,0,0,0,1,0,0,47,0-7 dage,Andet,Matrice,jp.dk,5,2,0.2,0.35,1,0,0,0,29,0,0.2,0.8,1,0,0,0,0.2,0,0.2,Mobil-nykommeren,5,0.35,1,0,0.2,0,0,5
34e69eb8352599ea5989a86183e94a0c,60,Mand,0,3,1,0,4,4,1,0,0,61,6+ måneder,A,content,jp.dk,387,29,0.2971576227390181,0.3313953488372093,0.10852713178294573,0,0,0.002583979328165375,30,0,0.2351421188630491,0.3643410852713178,0.10852713178294573,0,0.0103359173126615,0.031007751937984496,0.023255813953488372,0.06718346253229975,0.028423772609819122,Desktop-traditionalisten,387,0.3313953488372093,0.10852713178294573,0.8914728682170543,0.2971576227390181,0.002583979328165375,0.8656330749354005,387
e74766560c425319ebe0a349475a35fc,60,Kvinde,0,1,0,1,0,0,1,0,0,33,6+ måneder,Ukendt,Matrice,jp.dk,45,5,0.4666666666666667,0.6222222222222222,1,0.08888888888888889,0,0,13,0,0.06666666666666667,0.7333333333333333,1,0,0,0,0.08888888888888889,0.1111111111111111,0.044444444444444446,Mobil-nykommeren,45,0.6222222222222222,1,0,0.4666666666666667,0,0.7333333333333333,45
86a838f1d2d0779f6e3bae98ccf53ebd,41,Mand,0,14,6,8,0,0,1,0,0,53,6+ måneder,Andet,mail,mail,51,12,0.2549019607843137,0.25,0,0,0,0,25,0,0.45098039215686275,0,0.7254901960784313,0,0.27450980392156865,0.0196078431372549,0,0.0196078431372549,0.0196078431372549,Veteranen (Høj historik),51,0.25,0,0.27450980392156865,0.2549019607843137,0,0.5098039215686274,51
ebb39d9307cc4c5a63a7a83ab8fe9be8,60,Mand,0,9,3,1,0,0,0,1,1,54,6+ måneder,Andet,Matrice,jp.dk,257,25,0.23735408560311283,0.39202334630350194,0.7354085603112841,0,0,0.0038910505836575876,30,0,0.17509727626459143,0.29571984435797666,0.7354085603112841,0,0.26459143968871596,0,0.011673151750972763,0.10505836575875487,0.027237354085603113,Power-brugeren (Mest mobil),257,0.39202334630350194,0.7354085603112841,0.26459143968871596,0.23735408560311283,0.0038910505836575876,0.556420233463035,257
9529d220006c3cb9dbe9a74a46013a79,60,Mand,0,0,0,0,0,0,0,1,0,57,6+ måneder,A,content,jp.dk,28,5,0.5714285714285714,0.8214285714285714,0.8571428571428571,0.17857142857142858,0,0,25,0,0.32142857142857145,0.07142857142857142,0.8571428571428571,0,0.14285714285714285,0,0,0.14285714285714285,0,Mobil-nykommeren,28,0.8214285714285714,0.8571428571428571,0.14285714285714285,0.5714285714285714,0,0.5714285714285714,28
17d7422c846048398b122c39a8aaaf61,60,Ikke oplyst,0,4,0,3,0,0,1,0,0,81,6+ måneder,Andet,mail,mail,396,31,0.2702020202020202,0.375,0.07323232323232323,0,0,0.48484848484848486,30,0,0.5378787878787878,0.20707070707070707,0.5707070707070707,0,0.4292929292929293,0.027777777777777776,0.012626262626262626,0.04292929292929293,0.03282828282828283,Desktop-traditionalisten,396,0.375,0.07323232323232323,0.4292929292929293,0.2702020202020202,0.48484848484848486,0.48737373737373735,396
6ba9456f4ffcca24b723d294a3eb77dd,60,Kvinde,0,0,0,0,0,0,1,0,0,65,6+ måneder,A,content,jp.dk,2,1,0.5,0.875,1,0,0,0,0,0,1,0,1,0,0,0,0,0,0,Mobil-nykommeren,2,0.875,1,0,0.5,0,0,2
7218582a0f6510270d4b4cb10276f767,60,Ikke oplyst,1,0,0,0,0,0,0,1,1,25,0-7 dage,Andet,Matrice,jp.dk,281,11,0.18505338078291814,0.16370106761565836,0.8220640569395018,0,0,0.0035587188612099642,10,0,0.1494661921708185,0.40213523131672596,0.8220640569395018,0,0,0,0.03558718861209965,0.03558718861209965,0.017793594306049824,Mobil-nykommeren,281,0.16370106761565836,0.8220640569395018,0.17793594306049823,0.18505338078291814,0.0035587188612099642,0.3914590747330961,281
1b67c773b70b573290c4a53cde4b6ffe,60,Kvinde,1,5,3,1,1,1,0,1,0,76,6+ måneder,Ukendt,Weblayer,jp.dk,67,19,0.2537313432835821,0.007462686567164179,0.014925373134328358,0,0,0.014925373134328358,29,0,0.029850746268656716,0.3283582089552239,1,0,0,0,0,0,0,Spøgelses-brugeren (Lav aktivitet),67,0.007462686567164179,0.014925373134328358,0,0.2537313432835821,0.014925373134328358,0.5522388059701493,67
f8dbf69f8f5b39e061c284b48a7fa538,60,Mand,0,2,2,0,0,0,0,1,0,55,6+ måneder,B,content,jp.dk,307,31,0.2247557003257329,0.21986970684039087,0.5407166123778502,0,0,0,30,0,0.4495114006514658,0.3485342019543974,0.5407166123778502,0,0.019543973941368076,0,0.07166123778501629,0.009771986970684038,0.03908794788273615,Power-brugeren (Mest mobil),307,0.21986970684039087,0.5407166123778502,0.4592833876221498,0.2247557003257329,0,0.39087947882736157,307
e392a511d6c7bafcc5599c1917eb33f2,60,Mand,0,13,3,11,1,1,1,0,0,76,6+ måneder,A,content,jp.dk,337,23,0.2789317507418398,0.27818991097922846,0,0,0,0,30,0,0.34124629080118696,0.10979228486646884,0,0,0,0.020771513353115726,0.020771513353115726,0.05637982195845697,0.032640949554896145,Veteranen (Høj historik),337,0.27818991097922846,0,1,0.2789317507418398,0,0.5370919881305638,337
ea5669d516d6701f7b7605ce36cc5040,60,Kvinde,0,0,0,0,0,0,0,1,0,54,0-7 dage,B,content,jp.dk,278,29,0.3237410071942446,0.2868705035971223,1,0,0,0.4172661870503597,30,0,0.17266187050359713,0.3597122302158273,1,0,0,0.01079136690647482,0.050359712230215826,0.0683453237410072,0.014388489208633094,Mobil-nykommeren,278,0.2868705035971223,1,0,0.3237410071942446,0.4172661870503597,0.5287769784172662,278
6b97216a6178c74405357c7296debf76,60,Kvinde,0,12,6,6,0,0,1,0,0,71,6+ måneder,Andet,mail,mail,8,6,0,0,0,0,0,0,17,0,0.625,0,0,0,1,0,0,0,0,Spøgelses-brugeren (Lav aktivitet),8,0,0,1,0,0,0.25,8
37ee89a920e19271f9fbb498f483a02c,60,Mand,0,4,0,3,0,0,0,1,1,67,6+ måneder,Andet,Matrice,jp.dk,709,30,0.2820874471086037,0.36071932299012693,0,0,0,0,30,0,0.3004231311706629,0.24400564174894218,0,0,1,0.005641748942172073,0.015514809590973202,0.09873060648801128,0.012693935119887164,Power-brugeren (Mest mobil),709,0.36071932299012693,0,1,0.2820874471086037,0,0.5021156558533145,709
e621bdc702c49df6d1efd04402068bb2,60,Mand,0,6,1,5,0,0,1,0,0,79,6+ måneder,B,mail,mail,446,28,0.33856502242152464,0.32286995515695066,0,0,0,0,30,0,0.11659192825112108,0.4349775784753363,0.45739910313901344,0,0.5426008968609866,0.013452914798206279,0.02466367713004484,0.08744394618834081,0.01569506726457399,Power-brugeren (Mest mobil),446,0.32286995515695066,0,0.5426008968609866,0.33856502242152464,0,0.5291479820627802,446
e8460504ad911245b41cc4d1a5c69ec3,60,Mand,0,1,1,0,0,0,0,1,1,54,6+ måneder,A,content,jp.dk,389,31,0.30077120822622105,0.3181233933161954,0,0.005141388174807198,0,0.056555269922879174,30,0,0.18508997429305912,0.31876606683804626,0.02313624678663239,0,0.002570694087403599,0,0.04627249357326478,0.08226221079691516,0.02313624678663239,Desktop-traditionalisten,389,0.3181233933161954,0,0.9768637532133676,0.30077120822622105,0.056555269922879174,0.7994858611825193,389
d8d3b53b5f3e5ec9aae3172f3b9b19a3,60,Mand,1,0,0,0,0,0,0,1,0,70,0-7 dage,Andet,Matrice,jp.dk,719,31,0.2726008344923505,0.23157162726008346,0.9499304589707928,0,0,0.45897079276773295,30,0,0.3866481223922114,0.2573018080667594,0,0.9499304589707928,0.05006954102920723,0.0027816411682892906,0.027816411682892908,0.07927677329624479,0.011126564673157162,Power-brugeren (Mest mobil),719,0.23157162726008346,0.9499304589707928,0.05006954102920723,0.2726008344923505,0.45897079276773295,0.5118219749652295,719
919a380d7dea5a8eeebdaf2e52bf165a,60,Mand,1,1,0,1,0,0,0,1,0,74,6+ måneder,B,mail,mail,515,31,0.37281553398058254,0.2058252427184466,0.7708737864077669,0.001941747572815534,0,0,30,0,0.12427184466019417,0.3087378640776699,0.7708737864077669,0,0,0.10097087378640776,0.011650485436893204,0.038834951456310676,0.02330097087378641,Power-brugeren (Mest mobil),515,0.2058252427184466,0.7708737864077669,0.229126213592233,0.37281553398058254,0,0.7378640776699029,515
f3c0737ea6920f591f778b8b74d43cd8,60,Mand,1,1,0,0,0,0,0,1,0,76,6+ måneder,Andet,mail,mail,80,15,0.4375,0.515625,0,0,0,0,28,0,0.15,0.25,0,0,1,0,0.0125,0.1,0.0125,Desktop-traditionalisten,80,0.515625,0,1,0.4375,0,0.65,80
b95b90c1f13dcb4d0701fa10d0274e7a,60,Mand,1,6,4,2,0,0,1,0,0,74,6+ måneder,B,mail,mail,48,8,0.4791666666666667,0.5052083333333334,1,0,0,0.2916666666666667,26,0,0.020833333333333332,0.4791666666666667,0,1,0,0.020833333333333332,0,0.041666666666666664,0.041666666666666664,Mobil-nykommeren,48,0.5052083333333334,1,0,0.4791666666666667,0.2916666666666667,0.625,48
b4e9f0121b01335d7f0f9fc9875638aa,60,Mand,0,0,0,0,0,0,0,1,1,68,0-7 dage,A,content,jp.dk,603,30,0.3150912106135987,0.5157545605306799,0,0,0,0.001658374792703151,30,0,0.23548922056384744,0.28192371475953565,0.006633499170812604,0,0,0.003316749585406302,0.024875621890547265,0.0779436152570481,0.03316749585406302,Desktop-traditionalisten,603,0.5157545605306799,0,0.9933665008291874,0.3150912106135987,0.001658374792703151,0.7728026533996684,567
4fe29025af23e314347100a5147fea0a,60,Mand,0,0,0,0,0,0,1,0,0,37,6+ måneder,A,content,jp.dk,3,1,1,1,1,0,0,0,0,0,0,0.6666666666666666,1,0,0,0,0,0,0,Mobil-nykommeren,3,1,1,0,1,0,0,3
d3e856f907af085350d630bbc69958cf,60,Mand,0,0,0,0,0,0,0,1,0,30,6+ måneder,A,content,jp.dk,19,1,0.3684210526315789,0.5526315789473685,0,0,0,0.05263157894736842,0,0,0,0,0,0,1,0,0.05263157894736842,0.21052631578947367,0.2631578947368421,Desktop-traditionalisten,19,0.5526315789473685,0,1,0.3684210526315789,0.05263157894736842,0.8947368421052632,19
c1fcc738726f2786f0612e4b179bfe3d,60,Mand,0,2,2,0,0,0,1,0,0,68,6+ måneder,Andet,Matrice,jp.dk,175,21,0.24,0.3585714285714286,0,0,0,0,29,0,0.18857142857142858,0.2857142857142857,0,0,0,0.03428571428571429,0.02857142857142857,0.06857142857142857,0.017142857142857144,Desktop-traditionalisten,175,0.3585714285714286,0,1,0.24,0,0.7885714285714286,175
dcbb95b22ec6915698f56724b817934f,60,Kvinde,0,0,0,0,0,0,1,0,0,58,0-7 dage,A,content,jp.dk,20,5,0.45,0.6625,0,0.2,0,0,30,0,0,0,0,0,1,0,0.2,0,0.25,Desktop-traditionalisten,20,0.6625,0,1,0.45,0,0.65,20
0eb265b24e2c22e395e6582f6e1c3f5a,60,Kvinde,0,3,2,1,0,0,1,0,0,52,6+ måneder,A,content,jp.dk,1574,31,0.21473951715374842,0.29336086404066075,1,0,0,0,30,0,0.2789072426937738,0.2782719186785261,0,1,0,0.0031766200762388818,0.016518424396442185,0.009529860228716646,0.009529860228716646,Power-brugeren (Mest mobil),1574,0.29336086404066075,1,0,0.21473951715374842,0,0.39898348157560354,1570
763d058903725935287f1ee857645566,60,Mand,0,1,1,0,0,0,0,1,1,81,6+ måneder,B,content,jp.dk,95,15,0.5684210526315789,0.7263157894736842,0,0,0,0.2,29,0,0.7157894736842105,0.09473684210526316,0,0,1,0,0.042105263157894736,0.06315789473684211,0.010526315789473684,Desktop-traditionalisten,95,0.7263157894736842,0,1,0.5684210526315789,0.2,0.6736842105263158,95
fa91b4e6754bdd62e07cf4bbf326e05b,60,Mand,0,0,0,0,0,0,0,1,1,56,6+ måneder,A,content,jp.dk,2,1,0,0,1,0,0,0,0,0,0.5,0,1,0,0,0,0,0,0,Spøgelses-brugeren (Lav aktivitet),2,0,1,0,0,0,0,2
45b86a626ea122688c3caebb29f603ea,60,Mand,1,0,0,0,0,0,1,0,0,44,0-7 dage,B,content,jp.dk,166,20,0.1927710843373494,0.3207831325301205,0,0,0,0,30,0,0.13855421686746988,0.1927710843373494,0,0,0,0,0.04216867469879518,0.05421686746987952,0.024096385542168676,Desktop-traditionalisten,166,0.3207831325301205,0,1,0.1927710843373494,0,0.5783132530120482,166
2c6156b11760d509f80689626ff8d773,60,Mand,1,5,4,1,0,0,1,0,0,70,6+ måneder,Andet,mail,mail,89,20,0.3595505617977528,0.34831460674157305,0.3258426966292135,0,0,0.011235955056179775,30,0,0.0449438202247191,0.38202247191011235,0.3258426966292135,0,0.6741573033707865,0.011235955056179775,0,0.12359550561797752,0.02247191011235955,Desktop-traditionalisten,89,0.34831460674157305,0.3258426966292135,0.6741573033707865,0.3595505617977528,0.011235955056179775,0.3258426966292135,89
f1aa9be6e2fa120a8ce8e5ef36087e82,60,Mand,0,3,1,2,0,0,0,1,0,61,6+ måneder,B,content,jp.dk,1280,31,0.2765625,0.3421875,0.734375,0,0,7.8125e-4,30,0,0.303125,0.19296875,0.734375,0,0.2546875,0.01953125,0.0265625,0.05234375,0.0078125,Power-brugeren (Mest mobil),1280,0.3421875,0.734375,0.265625,0.2765625,7.8125e-4,0.80625,1280
9a72e2d07560b1f2dcce1ddf6f4e5754,60,Mand,0,0,0,0,0,0,1,0,0,67,0-7 dage,A,content,jp.dk,580,30,0.47586206896551725,0.475,0.5051724137931034,0,0,0,30,0,0.2482758620689655,0.1724137931034483,0,0.5051724137931034,0.49482758620689654,0.0017241379310344827,0.034482758620689655,0.08448275862068966,0.034482758620689655,Power-brugeren (Mest mobil),580,0.475,0.5051724137931034,0.49482758620689654,0.47586206896551725,0,0.853448275862069,580
b8c3036ba42840d7329dd6108f71577c,60,Kvinde,1,4,2,3,13,19,0,1,0,86,6+ måneder,A,content,jp.dk,185,26,0.5405405405405406,0.7337837837837838,1,0,0,0,30,0,0.31351351351351353,0.11891891891891893,0,1,0,0,0.07567567567567568,0.07567567567567568,0.05945945945945946,Veteranen (Høj historik),185,0.7337837837837838,1,0,0.5405405405405406,0,0.35135135135135137,185
507b806786366903caf74c8d0ff13b47,60,Mand,0,19,15,3,5,4,0,1,0,51,6+ måneder,A,content,jp.dk,701,31,0.275320970042796,0.33808844507845937,0.7888730385164051,0,0,0.0028530670470756064,30,0,0.31383737517831667,0.2253922967189729,0,0.7888730385164051,0,0.0028530670470756064,0.018544935805991442,0.05420827389443652,0.03566333808844508,Veteranen (Høj historik),701,0.33808844507845937,0.7888730385164051,0.21112696148359486,0.275320970042796,0.0028530670470756064,0.4793152639087018,698
c7f097b9d706357319d402a81ecafe61,60,Kvinde,0,0,0,0,0,0,1,0,0,30,6+ måneder,Andet,Matrice,jp.dk,121,8,0.2644628099173554,0.31611570247933884,0,0.03305785123966942,0,0.008264462809917356,29,0,0,0.12396694214876033,0,0,0,0,0.23140495867768596,0.024793388429752067,0.008264462809917356,Desktop-traditionalisten,121,0.31611570247933884,0,1,0.2644628099173554,0.008264462809917356,0.8181818181818182,121
62a132e8a5279a11a7f4c84a775369c4,60,Mand,0,0,0,0,0,0,0,1,1,36,0-7 dage,Andet,Matrice,jp.dk,4,3,0.5,0.5,1,0.25,0,0.25,3,0,0.25,0.5,1,0,0,0,0,0,0,Mobil-nykommeren,4,0.5,1,0,0.5,0.25,0,4
25c128e7f3e0a75ddd14b5784c100e1e,60,Kvinde,0,3,0,1,0,0,1,0,0,77,6+ måneder,B,mail,mail,7,5,0.2857142857142857,0.21428571428571427,1,0,0,0,29,0,0.42857142857142855,0.14285714285714285,1,0,0,0,0.14285714285714285,0,0,Mobil-nykommeren,7,0.21428571428571427,1,0,0.2857142857142857,0,0.14285714285714285,7
2caad3152a29bb4d0357884c66aea564,60,Kvinde,0,10,6,4,0,0,0,1,0,87,6+ måneder,Andet,mail,mail,2,1,0,0.25,0,0,0,0,0,0,0,0,0,0,1,0,0,0,0,Spøgelses-brugeren (Lav aktivitet),2,0.25,0,1,0,0,0.5,2
12a5df4e0b0d389fa3fc25e3d558f6ff,60,Mand,0,0,0,0,0,0,1,0,0,39,6+ måneder,B,content,jp.dk,228,26,0.2236842105263158,0.2883771929824561,0.2675438596491228,0,0,0.0043859649122807015,30,0,0.45614035087719296,0.11403508771929824,0.2675438596491228,0,0.7324561403508771,0.008771929824561403,0.017543859649122806,0.11403508771929824,0.039473684210526314,Desktop-traditionalisten,228,0.2883771929824561,0.2675438596491228,0.7324561403508771,0.2236842105263158,0.0043859649122807015,0.44298245614035087,228
5d956c7a507738d0ada8a99bc79c2d0c,60,Mand,0,2,0,0,4,4,0,1,0,63,6+ måneder,B,content,jp.dk,222,22,0.43243243243243246,0.5315315315315315,1,0,0,0,24,0,0.23873873873873874,0.07657657657657657,0,1,0,0.013513513513513514,0.02252252252252252,0.06306306306306306,0.09009009009009009,Mobil-nykommeren,222,0.5315315315315315,1,0,0.43243243243243246,0,0.9099099099099099,221
8101e37c195a3fa67a46c0f0a46489e1,7,Mand,1,6,3,1,0,0,1,0,0,84,6+ måneder,Andet,mail,mail,2,1,0.5,0.125,0,0,0,0,0,0,1,0,0,0,1,0,0.5,0,0,Desktop-traditionalisten,2,0.125,0,1,0.5,0,0.5,2
bf9a9dc001237444190fe7f1cbe80850,60,Kvinde,1,0,0,0,2,2,0,1,0,53,6+ måneder,B,content,jp.dk,274,28,0.3175182481751825,0.3686131386861314,1,0.01824817518248175,0,0.0036496350364963502,30,0,0.2591240875912409,0.3029197080291971,1,0,0,0.01824817518248175,0.043795620437956206,0.10218978102189781,0.058394160583941604,Mobil-nykommeren,274,0.3686131386861314,1,0,0.3175182481751825,0.0036496350364963502,0.5656934306569343,274
481524ce28c3dc23b2b9110b37fd4ff3,60,Mand,0,2,0,0,0,0,1,0,0,62,6+ måneder,B,content,jp.dk,223,25,0.29596412556053814,0.4226457399103139,0,0,0,0,30,0,0.25112107623318386,0.3273542600896861,0,0,0,0.017937219730941704,0.004484304932735426,0.1031390134529148,0.026905829596412557,Desktop-traditionalisten,223,0.4226457399103139,0,1,0.29596412556053814,0,0.726457399103139,223
beb2f43fd48148b2fa7e5fc19c7ad072,60,Kvinde,0,1,1,0,0,0,0,1,0,67,6+ måneder,B,content,jp.dk,311,31,0.2829581993569132,0.27893890675241156,0,0,0,0.003215434083601286,30,0,0.12218649517684887,0.44694533762057875,0,0,1,0.022508038585209004,0.04180064308681672,0.04823151125401929,0.03215434083601286,Desktop-traditionalisten,311,0.27893890675241156,0,1,0.2829581993569132,0.003215434083601286,0.5048231511254019,311
228e171206fad2c38a76aae4211549ec,60,Mand,0,0,0,0,0,0,0,1,0,42,6+ måneder,A,content,jp.dk,23,6,0.34782608695652173,0.4673913043478261,1,0,0,0,25,0,0.043478260869565216,0.34782608695652173,0,1,0,0,0,0.043478260869565216,0,Mobil-nykommeren,23,0.4673913043478261,1,0,0.34782608695652173,0,0.6521739130434783,23
864e9924d017e8e3f57b370be7749c29,60,Mand,0,0,0,0,0,0,0,1,0,74,0-7 dage,Andet,Matrice,jp.dk,195,24,0.4307692307692308,0.391025641025641,0,0,0,0,30,0,0.38461538461538464,0.28205128205128205,0,0,0,0,0.05128205128205128,0.06153846153846154,0.09743589743589744,Desktop-traditionalisten,195,0.391025641025641,0,1,0.4307692307692308,0,0.5846153846153846,195
1866629ff8d1b6c1b200e0f338b1335d,60,Mand,0,8,1,1,0,0,0,1,0,82,6+ måneder,A,content,jp.dk,394,31,0.4137055837563452,0.35406091370558374,1,0,0,0,30,0,0.33248730964467005,0.32741116751269034,0,1,0,0.0025380710659898475,0.015228426395939087,0.06345177664974619,0.027918781725888325,Power-brugeren (Mest mobil),394,0.35406091370558374,1,0,0.4137055837563452,0,0.9644670050761421,394
7f1fbd1dddd6cfd4329fdb318e8bcfb0,60,Mand,0,0,0,0,0,0,1,0,0,53,0-7 dage,B,content,jp.dk,697,31,0.28263988522238165,0.3152797704447633,0.8220946915351507,0,0,0,30,0,0.20373027259684362,0.24103299856527977,0.8220946915351507,0,0,0.005738880918220947,0.03156384505021521,0.05738880918220947,0.03443328550932568,Power-brugeren (Mest mobil),697,0.3152797704447633,0.8220946915351507,0.17790530846484937,0.28263988522238165,0,0.49067431850789095,696
4e00b65bc002dae50e464a3a9809d926,60,Mand,0,0,0,0,0,0,0,1,0,65,0-7 dage,Andet,Matrice,jp.dk,180,16,0.37222222222222223,0.4236111111111111,0.31666666666666665,0,0,0.03888888888888889,30,0,0.20555555555555555,0.35555555555555557,0.005555555555555556,0.3111111111111111,0.6833333333333333,0,0.044444444444444446,0.07777777777777778,0.011111111111111112,Desktop-traditionalisten,180,0.4236111111111111,0.31666666666666665,0.6833333333333333,0.37222222222222223,0.03888888888888889,0.6944444444444444,180
f8b94f20bd0c0d13361f4ca2f2d3dffa,60,Mand,0,8,7,2,0,0,1,0,0,53,6+ måneder,Andet,mail,mail,502,31,0.26294820717131473,0.4048804780876494,0.549800796812749,0,0,0,30,0,0.3605577689243028,0.24701195219123506,0,0.549800796812749,0,0.00796812749003984,0.013944223107569721,0.06772908366533864,0.021912350597609563,Power-brugeren (Mest mobil),502,0.4048804780876494,0.549800796812749,0.450199203187251,0.26294820717131473,0,0.7788844621513944,501
9b9aed51699330d089392e12ad4f2e6a,60,Mand,1,2,1,1,1,1,0,1,1,58,6+ måneder,Ukendt,topticker,jp.dk,544,31,0.23713235294117646,0.3079044117647059,1,0,0,0,30,0,0.17647058823529413,0.2757352941176471,0.9944852941176471,0.0055147058823529415,0,0,0.011029411764705883,0.058823529411764705,0.02389705882352941,Power-brugeren (Mest mobil),544,0.3079044117647059,1,0,0.23713235294117646,0,0.4227941176470588,544
4497fcfdeb492917b487f9f15bca1976,60,Mand,0,0,0,0,0,0,0,1,0,75,0-7 dage,A,content,jp.dk,1029,28,0.2487852283770651,0.24149659863945577,0,0,0,0,30,0,0.03984450923226433,0.013605442176870748,0,0,1,0.013605442176870748,0.024295432458697766,0.0738581146744412,0.027210884353741496,Power-brugeren (Mest mobil),1029,0.24149659863945577,0,1,0.2487852283770651,0,0.5733722060252673,1029
2e61a4b9eba3b903cdb5ae94b9805e47,60,Mand,0,0,0,0,0,0,1,0,0,64,6+ måneder,A,content,jp.dk,2,1,0.5,1,0,0,0,0.5,0,0,0,0,0,0,1,0,0,0,0,Desktop-traditionalisten,2,1,0,1,0.5,0.5,0,2
d5daaf6281239bd2246032f0911b8c17,60,Mand,1,1,1,0,3,3,0,1,0,78,6+ måneder,A,mail,mail,1,1,1,0,1,0,0,0,0,0,0,0,1,0,0,0,0,0,0,Mobil-nykommeren,1,0,1,0,1,0,0,1
8285b49c0a8f3e74ceeb7db67dee6150,60,Mand,0,4,3,1,0,0,0,1,1,80,6+ måneder,A,content,jp.dk,332,31,0.35843373493975905,0.276355421686747,0.9427710843373494,0,0,0.42771084337349397,30,0,0.030120481927710843,0.5030120481927711,0,0.9427710843373494,0.0572289156626506,0.012048192771084338,0.030120481927710843,0.06927710843373494,0.012048192771084338,Power-brugeren (Mest mobil),332,0.276355421686747,0.9427710843373494,0.0572289156626506,0.35843373493975905,0.42771084337349397,0.5542168674698795,331
e858f5449697bc5909c5ed72bee136f2,60,Mand,0,1,1,0,0,0,0,1,1,28,6+ måneder,A,content,jp.dk,23,6,0.21739130434782608,0.358695652173913,0.17391304347826086,0,0,0.043478260869565216,28,0,0.2608695652173913,0.21739130434782608,0.17391304347826086,0,0.8260869565217391,0,0,0.2608695652173913,0,Desktop-traditionalisten,23,0.358695652173913,0.17391304347826086,0.8260869565217391,0.21739130434782608,0.043478260869565216,0.6086956521739131,23
7914eefd03db41f93ff599d0b8de560c,60,Mand,1,3,2,2,0,1,1,0,0,73,6+ måneder,Andet,Matrice,jp.dk,2,1,0,0,1,0,0,0,0,0,0,0,1,0,0,0,0,0,0,Spøgelses-brugeren (Lav aktivitet),2,0,1,0,0,0,0,2
08b9d113ffba7015141bba88f1c6da2a,60,Mand,0,0,0,0,0,0,1,0,0,82,0-7 dage,Andet,mail,mail,470,31,0.274468085106383,0.3973404255319149,1,0,0,0,30,0,0.274468085106383,0.28297872340425534,0,1,0,0.00425531914893617,0.0425531914893617,0.04042553191489362,0.014893617021276596,Power-brugeren (Mest mobil),470,0.3973404255319149,1,0,0.274468085106383,0,0.451063829787234,470
d1ca6a372601fe9c7e69b8524758f7eb,60,Mand,0,0,0,0,0,0,0,1,0,57,6+ måneder,Andet,Matrice,jp.dk,627,31,0.23444976076555024,0.2795055821371611,0.9776714513556619,0,0,0,30,0,0.13556618819776714,0.44019138755980863,0,0.9776714513556619,0.022328548644338118,0.004784688995215311,0.012759170653907496,0.044657097288676235,0.046251993620414676,Power-brugeren (Mest mobil),627,0.2795055821371611,0.9776714513556619,0.022328548644338118,0.23444976076555024,0,0.48165869218500795,627
02cd8b6609ea3b7598578bb5ff28a659,60,Kvinde,0,3,0,3,0,0,1,0,0,64,6+ måneder,A,content,jp.dk,317,28,0.305993690851735,0.31624605678233436,1,0,0,0,30,0,0.501577287066246,0.277602523659306,0,1,0,0.0031545741324921135,0.028391167192429023,0.025236593059936908,0.04416403785488959,Power-brugeren (Mest mobil),317,0.31624605678233436,1,0,0.305993690851735,0,0.580441640378549,317
7edeb8ee21028717df5a792e83205006,60,Kvinde,1,0,0,0,0,0,0,1,0,52,6+ måneder,B,content,jp.dk,4,2,0.75,0.5,1,0.25,0,0,2,0,0.25,0,0,1,0,0.75,0,0.25,0,Mobil-nykommeren,4,0.5,1,0,0.75,0,0.25,4
cfb989d2b0e7704212c88903976a770b,60,Mand,0,13,7,7,0,0,1,0,0,77,6+ måneder,Andet,mail,mail,19,7,0.15789473684210525,0.27631578947368424,1,0,0,0.05263157894736842,28,0,0.10526315789473684,0.7368421052631579,1,0,0,0.05263157894736842,0,0,0.05263157894736842,Veteranen (Høj historik),19,0.27631578947368424,1,0,0.15789473684210525,0.05263157894736842,0.42105263157894735,19
17cfa47c1032e09073f4c111d522557e,60,Mand,0,0,0,0,0,0,1,0,0,78,0-7 dage,Ukendt,topticker,jp.dk,116,22,0.2672413793103448,0.14870689655172414,0.9137931034482759,0,0,0,30,0,0.25,0.6206896551724138,0,0.9137931034482759,0,0.05172413793103448,0,0.05172413793103448,0.017241379310344827,Mobil-nykommeren,116,0.14870689655172414,0.9137931034482759,0.08620689655172414,0.2672413793103448,0,0.4224137931034483,116
6e0aa1e08827251ef1efacbc4b157402,60,Mand,0,1,1,0,0,0,0,1,0,26,1-6 måneder,Andet,Matrice,jp.dk,414,31,0.3864734299516908,0.427536231884058,0.8333333333333334,0,0,0.004830917874396135,30,0,0.22946859903381642,0.18840579710144928,0,0.8333333333333334,0.16666666666666666,0.004830917874396135,0.036231884057971016,0.08454106280193237,0.033816425120772944,Power-brugeren (Mest mobil),414,0.427536231884058,0.8333333333333334,0.16666666666666666,0.3864734299516908,0.004830917874396135,0.7028985507246377,414
1b266f44493167a1a622c3125819bfd3,60,Mand,1,9,4,5,2,2,1,0,0,61,6+ måneder,Andet,mail,mail,10,2,0.5,0.5,1,0,0,0,15,0,0,0,1,0,0,0,0,0.4,0.1,Veteranen (Høj historik),10,0.5,1,0,0.5,0,0.5,10
845b4add6adcbc933e973db308d89080,60,Kvinde,0,6,4,2,1,1,1,0,0,77,6+ måneder,A,content,jp.dk,25,4,0.48,0.77,0,0,0,0,3,0,0.12,0.44,1,0,0,0,0,0.04,0,Desktop-traditionalisten,25,0.77,0,0,0.48,0,0.48,25
7ac115daad07fcf9761b2b44f3f703db,60,Mand,0,5,4,0,0,0,1,0,0,56,6+ måneder,B,content,jp.dk,602,31,0.19601328903654486,0.2956810631229236,0.9634551495016611,0,0,0.0016611295681063123,30,0,0.23089700996677742,0.3538205980066445,0.9850498338870431,0,0,0.011627906976744186,0.016611295681063124,0.03820598006644518,0.024916943521594685,Power-brugeren (Mest mobil),602,0.2956810631229236,0.9634551495016611,0.014950166112956811,0.19601328903654486,0.0016611295681063123,0.5282392026578073,602
6de367620679c429ff462d9a576b2c18,60,Kvinde,1,0,0,0,0,0,0,1,1,21,6+ måneder,A,content,jp.dk,3,1,0.3333333333333333,0.3333333333333333,0,0,0,0,0,0,0,0,0,0,0,0,0,0,0,Desktop-traditionalisten,3,0.3333333333333333,0,1,0.3333333333333333,0,0.6666666666666666,3
142e11ccea66a17bd3dc666b96c70115,60,Mand,0,6,5,1,0,0,1,0,0,54,6+ måneder,A,content,jp.dk,263,30,0.39923954372623577,0.4914448669201521,1,0,0,0,30,0,0.20912547528517111,0.4220532319391635,0,1,0,0.034220532319391636,0.026615969581749048,0.04182509505703422,0.030418250950570342,Power-brugeren (Mest mobil),263,0.4914448669201521,1,0,0.39923954372623577,0,0.6007604562737643,262
47fc1952c5f2a7403681a61bba50f6e3,60,Ikke oplyst,0,12,11,3,3,3,0,1,0,55,6+ måneder,A,mail,mail,69,13,0.4492753623188406,0.5289855072463768,0.6376811594202898,0,0.3333333333333333,0,27,0,0.028985507246376812,0.15942028985507245,0,0.6376811594202898,0.07246376811594203,0,0.043478260869565216,0.043478260869565216,0.18840579710144928,Veteranen (Høj historik),69,0.5289855072463768,0.6376811594202898,0.36231884057971014,0.4492753623188406,0,0.5797101449275363,69
a7cd673a8e3e9db1b86781d7d40e317d,60,Mand,1,30,17,13,0,0,1,0,0,54,6+ måneder,A,content,jp.dk,1174,31,0.1848381601362862,0.16737649063032367,1,0,0,0,30,0,0.16269165247018738,0.2402044293015332,0,1,0,0.009369676320272573,0.016183986371379896,0.04258943781942078,0.028109028960817718,Veteranen (Høj historik),1174,0.16737649063032367,1,0,0.1848381601362862,0,0.34497444633730834,1173
7a6e57a47889f4199c69b7f4de87e338,60,Kvinde,0,14,5,8,0,0,0,1,0,51,6+ måneder,B,content,jp.dk,181,29,0.26519337016574585,0.32734806629834257,0.7624309392265194,0.049723756906077346,0,0,30,0,0.09392265193370165,0.36464088397790057,0.7624309392265194,0,0.23756906077348067,0.011049723756906077,0.03867403314917127,0.06629834254143646,0.06077348066298342,Veteranen (Høj historik),181,0.32734806629834257,0.7624309392265194,0.23756906077348067,0.26519337016574585,0,0.43646408839779005,181
240ce5d130fcc7f11abd19606854fc60,60,Mand,1,3,1,1,0,0,0,1,1,57,6+ måneder,Andet,mail,mail,546,30,0.32783882783882784,0.43635531135531136,0.11904761904761904,0,0,0.023809523809523808,29,0,0.2087912087912088,0.2875457875457875,0.11904761904761904,0,0.46886446886446886,0.005494505494505495,0.016483516483516484,0.0989010989010989,0.0641025641025641,Power-brugeren (Mest mobil),546,0.43635531135531136,0.11904761904761904,0.8809523809523809,0.32783882783882784,0.023809523809523808,0.5805860805860806,546
00926277841584d8b248be711203cd9a,60,Mand,0,0,0,0,0,0,1,0,0,40,0-7 dage,A,content,jp.dk,15,2,0.3333333333333333,0.36666666666666664,1,0,0,0,4,0,0.06666666666666667,0.9333333333333333,1,0,0,0,0.06666666666666667,0.06666666666666667,0,Mobil-nykommeren,15,0.36666666666666664,1,0,0.3333333333333333,0,0.4666666666666667,15
ecbee44ff4421f80598cd038ea794911,60,Mand,0,9,2,8,2,2,0,1,1,57,6+ måneder,A,content,jp.dk,237,31,0.3037974683544304,0.31962025316455694,0.31645569620253167,0,0,0.004219409282700422,30,0,0.11814345991561181,0.3755274261603376,0.31645569620253167,0,0.012658227848101266,0,0.008438818565400843,0.0379746835443038,0.08860759493670886,Veteranen (Høj historik),237,0.31962025316455694,0.31645569620253167,0.6835443037974683,0.3037974683544304,0.004219409282700422,0.5864978902953587,237
c2a0c0e55bee5b2702d2e9cee3a22347,60,Mand,0,1,1,0,0,0,0,1,1,39,6+ måneder,A,content,jp.dk,203,23,0.3448275862068966,0.4187192118226601,1,0,0,0,30,0,0.1330049261083744,0.4482758620689655,0,1,0,0,0.0049261083743842365,0.06403940886699508,0.034482758620689655,Mobil-nykommeren,203,0.4187192118226601,1,0,0.3448275862068966,0,0.6748768472906403,203
66d4f8e7ac877ab6233e38f78f216e79,60,Mand,0,0,0,0,0,0,0,1,0,46,6+ måneder,A,content,jp.dk,338,29,0.23372781065088757,0.21079881656804733,1,0,0,0.0029585798816568047,30,0,0.30177514792899407,0.32840236686390534,1,0,0,0.011834319526627219,0.026627218934911243,0.038461538461538464,0.029585798816568046,Mobil-nykommeren,338,0.21079881656804733,1,0,0.23372781065088757,0.0029585798816568047,0.41124260355029585,338
93e230b871260afcd9027dfe1742fd01,60,Kvinde,0,4,2,3,0,0,0,1,0,80,6+ måneder,A,content,jp.dk,9,3,0.1111111111111111,0.5277777777777778,0,0,0,0.3333333333333333,24,0,0.3333333333333333,0.6666666666666666,0,0,0,0,0.2222222222222222,0,0,Desktop-traditionalisten,9,0.5277777777777778,0,1,0.1111111111111111,0.3333333333333333,0.5555555555555556,9
c57b30f31bf83496809f095590804c5d,60,Mand,0,1,1,0,0,0,0,1,0,63,6+ måneder,A,content,jp.dk,373,30,0.3806970509383378,0.4436997319034853,0.7667560321715817,0.010723860589812333,0,0,30,0,0.3163538873994638,0.3324396782841823,0.7667560321715817,0,0.225201072386059,0.00804289544235925,0.04825737265415549,0.02680965147453083,0.09919571045576407,Power-brugeren (Mest mobil),373,0.4436997319034853,0.7667560321715817,0.23324396782841822,0.3806970509383378,0,0.7560321715817694,373
00bb9af8a62895982518727b0ee03565,60,Kvinde,1,2,2,0,0,0,0,1,1,74,6+ måneder,Andet,Matrice,jp.dk,46,14,0.1956521739130435,0.16847826086956522,0,0,0,0,26,0,0.391304347826087,0.2391304347826087,0,0,1,0,0.021739130434782608,0,0.06521739130434782,Desktop-traditionalisten,46,0.16847826086956522,0,1,0.1956521739130435,0,0.30434782608695654,46
3e12e97517b4bf54ec932fcc84f1b859,60,Mand,0,0,0,0,0,0,0,1,0,57,0-7 dage,A,content,jp.dk,483,31,0.2629399585921325,0.2939958592132505,0.4782608695652174,0,0,0,30,0,0.2919254658385093,0.28778467908902694,0.4782608695652174,0,0.08488612836438923,0.035196687370600416,0.033126293995859216,0.039337474120082816,0.035196687370600416,Power-brugeren (Mest mobil),483,0.2939958592132505,0.4782608695652174,0.5217391304347826,0.2629399585921325,0,0.4906832298136646,483
801d790c22ef7395c6be6038b42df1d4,60,Mand,0,3,1,1,1,1,1,0,0,50,6+ måneder,A,content,jp.dk,485,21,0.23711340206185566,0.30670103092783507,0.9505154639175257,0,0,0.008247422680412371,29,0,0.19175257731958764,0.24329896907216494,0.9505154639175257,0,0.049484536082474224,0.006185567010309278,0.012371134020618556,0.0865979381443299,0.030927835051546393,Power-brugeren (Mest mobil),485,0.30670103092783507,0.9505154639175257,0.049484536082474224,0.23711340206185566,0.008247422680412371,0.6082474226804123,485
4ea4d4140d6bc0163121bb62be46c93e,60,Mand,0,1,1,0,0,0,0,1,1,73,1-6 måneder,A,content,jp.dk,40,8,0.225,0.18125,0,0,0,0,28,0,0.3,0.575,0,0,1,0,0,0.05,0,Desktop-traditionalisten,40,0.18125,0,1,0.225,0,0.7,40
51b37621d2635b5c55727b61b04c6918,60,Kvinde,0,0,0,0,0,0,1,0,0,30,6+ måneder,Andet,matrice,jp.dk,12,1,0.08333333333333333,0.08333333333333333,0,0,0,0,0,0,0,0,0,0,0,0,0,0,0,Desktop-traditionalisten,12,0.08333333333333333,0,1,0.08333333333333333,0,0.6666666666666666,12
84dac38615093b058cdaddfd9bedd984,60,Mand,0,1,1,0,0,0,1,0,0,36,6+ måneder,A,content,jp.dk,69,14,0.18840579710144928,0.13405797101449277,0.2753623188405797,0,0,0,29,0,0.14492753623188406,0.463768115942029,0.2753623188405797,0,0.7246376811594203,0,0,0.07246376811594203,0,Desktop-traditionalisten,69,0.13405797101449277,0.2753623188405797,0.7246376811594203,0.18840579710144928,0,0.43478260869565216,69
b12854af8cf6a231204268ca2875d75b,60,Mand,0,1,1,0,0,0,1,0,0,47,6+ måneder,A,content,jp.dk,18,1,0.5,0.5555555555555556,0,0,0,0,0,0,0.9444444444444444,0,0,0,0,0,0,0.2222222222222222,0,Desktop-traditionalisten,18,0.5555555555555556,0,1,0.5,0,1,18
ddd31891708536128ea75533483f2997,60,Mand,0,0,0,0,0,0,0,1,0,46,1-6 måneder,B,content,jp.dk,19,8,0.21052631578947367,0.618421052631579,0.42105263157894735,0,0,0.3684210526315789,21,0,0.3157894736842105,0.42105263157894735,0.42105263157894735,0,0,0,0,0.21052631578947367,0,Desktop-traditionalisten,19,0.618421052631579,0.42105263157894735,0.5789473684210527,0.21052631578947367,0.3684210526315789,0.47368421052631576,19
684b5219a1598b2bcd23193ff6b2e366,60,Kvinde,1,5,1,0,14,14,0,1,0,78,6+ måneder,A,mail,mail,28,19,0.6071428571428571,0.15178571428571427,1,0,0,0,28,0,0.25,0.2857142857142857,1,0,0,0.03571428571428571,0.14285714285714285,0.03571428571428571,0.03571428571428571,Veteranen (Høj historik),28,0.15178571428571427,1,0,0.6071428571428571,0,0,28
c5211e8f7bb8fd20ed1c5643c278b1d5,60,Mand,1,6,3,3,0,0,0,1,1,75,6+ måneder,Andet,mail,mail,355,28,0.3183098591549296,0.321830985915493,0.30985915492957744,0,0,0.15492957746478872,30,0,0.37464788732394366,0.22535211267605634,0.30985915492957744,0,0,0.0028169014084507044,0.036619718309859155,0.05352112676056338,0.04507042253521127,Power-brugeren (Mest mobil),355,0.321830985915493,0.30985915492957744,0.6901408450704225,0.3183098591549296,0.15492957746478872,0.571830985915493,355
63129f2085412836335e4d26ddaa6ef5,60,Mand,1,6,4,3,0,0,0,1,1,73,6+ måneder,B,mail,mail,322,30,0.2981366459627329,0.327639751552795,0,0,0,0,30,0,0.8540372670807453,0.027950310559006212,0.009316770186335404,0,0,0.003105590062111801,0.034161490683229816,0.10559006211180125,0.015527950310559006,Desktop-traditionalisten,322,0.327639751552795,0,0.9906832298136646,0.2981366459627329,0,0.5,322
e5a9bf5971c8c820f1bbace57420b0d6,60,Kvinde,0,6,4,3,1,0,1,0,0,75,6+ måneder,A,mail,mail,90,18,0.3,0.46944444444444444,0,0,0,0,26,0,0.2777777777777778,0.2,0.044444444444444446,0,0,0,0.03333333333333333,0.07777777777777778,0.022222222222222223,Desktop-traditionalisten,90,0.46944444444444444,0,0.9555555555555556,0.3,0,0.5666666666666667,90
aa6e269cf153a1cb18bc691e3f947241,60,Kvinde,0,0,0,0,0,0,1,0,0,55,0-7 dage,Andet,Matrice,jp.dk,30,10,0.2,0.24166666666666667,1,0,0,0,20,0,0.06666666666666667,0.4666666666666667,1,0,0,0,0,0,0,Mobil-nykommeren,30,0.24166666666666667,1,0,0.2,0,0.43333333333333335,30
f5fab6cffe4587e628d9651e0607996e,60,Kvinde,1,0,0,0,0,0,0,1,0,47,0-7 dage,B,content,jp.dk,8,2,0.25,0.25,1,0,0,0,30,0,0,0.75,0.25,0.75,0,0,0,0,0,Mobil-nykommeren,8,0.25,1,0,0.25,0,0.25,8
fd4b17098faf5af31d4bbf9088565549,60,Kvinde,1,1,1,0,0,0,0,1,1,43,6+ måneder,B,content,jp.dk,3,2,0,0.3333333333333333,1,0,0,0,2,0,0.3333333333333333,0,1,0,0,0,0,0,0.6666666666666666,Mobil-nykommeren,3,0.3333333333333333,1,0,0,0,0.6666666666666666,3
b7f5af62c13145391bc951f84e3014d8,60,Mand,0,11,6,2,0,0,1,0,0,53,6+ måneder,A,content,jp.dk,207,16,0.26570048309178745,0.30434782608695654,0,0,0,0.06280193236714976,30,0,0,0.45410628019323673,0.8792270531400966,0,0,0.014492753623188406,0.024154589371980676,0.04830917874396135,0.043478260869565216,Power-brugeren (Mest mobil),207,0.30434782608695654,0,0.12077294685990338,0.26570048309178745,0.06280193236714976,0.5748792270531401,207
e7081beab27c1e5d9cfa25500d9d1df7,60,Mand,0,0,0,0,0,0,1,0,0,45,0-7 dage,Ukendt,Matrice,jp.dk,14,5,0.14285714285714285,0.2857142857142857,1,0,0,0.14285714285714285,29,0,0.14285714285714285,0.14285714285714285,1,0,0,0,0,0.14285714285714285,0,Mobil-nykommeren,14,0.2857142857142857,1,0,0.14285714285714285,0.14285714285714285,0.35714285714285715,14
ac7f31ba17a317d6e992e882a0a4d55b,60,Mand,1,6,3,3,0,0,1,0,0,60,6+ måneder,Andet,mail,mail,529,31,0.31947069943289225,0.3809073724007561,0.8903591682419659,0,0,0.05103969754253308,30,0,0.27032136105860116,0.3667296786389414,0.8903591682419659,0,0.10964083175803403,0.013232514177693762,0.015122873345935728,0.04914933837429111,0.054820415879017016,Power-brugeren (Mest mobil),529,0.3809073724007561,0.8903591682419659,0.10964083175803403,0.31947069943289225,0.05103969754253308,0.5141776937618148,529
201b83d92c687dc44185b42177f63cf9,60,Mand,0,4,1,3,1,1,0,1,1,72,6+ måneder,A,mail,mail,573,31,0.16404886561954624,0.19284467713787085,0.09947643979057591,0,0,0,30,0,0.3472949389179756,0.04886561954624782,0.09947643979057591,0,0,0.0034904013961605585,0.020942408376963352,0.059336823734729496,0.0017452006980802793,Power-brugeren (Mest mobil),573,0.19284467713787085,0.09947643979057591,0.900523560209424,0.16404886561954624,0,0.29668411867364747,573
b606ae0a4944362a1df65e2d41ed3830,60,Mand,0,14,8,7,3,3,1,0,0,52,6+ måneder,B,mail,mail,290,27,0.3,0.2939655172413793,0.9275862068965517,0,0,0,30,0,0.12413793103448276,0.4862068965517241,0.9275862068965517,0,0.07241379310344828,0.010344827586206896,0.010344827586206896,0.05517241379310345,0.02413793103448276,Veteranen (Høj historik),290,0.2939655172413793,0.9275862068965517,0.07241379310344828,0.3,0,0.6517241379310345,290
1324af99aa0c369356ae0fac91e7088e,60,Mand,0,0,0,0,0,0,1,0,0,20,0-7 dage,A,content,jp.dk,18,5,0.6666666666666666,0.6388888888888888,0,0,0,0.8333333333333334,9,0,0,0,0,0,0,0,0.2777777777777778,0,0.05555555555555555,Desktop-traditionalisten,18,0.6388888888888888,0,1,0.6666666666666666,0.8333333333333334,0,18
b975e2f5a62b8b0601700a67787da14d,5,Mand,0,5,0,5,0,0,1,0,0,66,6+ måneder,B,content,jp.dk,279,31,0.16129032258064516,0.235663082437276,1,0,0,0,30,0,0.37992831541218636,0.11827956989247312,1,0,0,0.0035842293906810036,0.014336917562724014,0.03225806451612903,0.014336917562724014,Mobil-nykommeren,279,0.235663082437276,1,0,0.16129032258064516,0,0.5770609318996416,278
fabb0fa73bfeceecdf161da3389b6caa,60,Mand,0,0,0,0,0,0,0,1,1,76,0-7 dage,A,content,jp.dk,36,5,0.4444444444444444,0.5694444444444444,0.6944444444444444,0,0,0,21,0,0,0.4166666666666667,0.6944444444444444,0,0.3055555555555556,0.027777777777777776,0.05555555555555555,0.08333333333333333,0.027777777777777776,Mobil-nykommeren,36,0.5694444444444444,0.6944444444444444,0.3055555555555556,0.4444444444444444,0,0.75,36
8d905c53b4f60e9724904c8f4a3ba95a,60,Mand,0,2,2,0,2,2,1,0,0,54,6+ måneder,Andet,Matrice,jp.dk,275,31,0.2,0.21636363636363637,0.4509090909090909,0.0036363636363636364,0,0,30,0,0.32,0.22181818181818183,0.4509090909090909,0,0,0,0.014545454545454545,0.01818181818181818,0.0036363636363636364,Desktop-traditionalisten,275,0.21636363636363637,0.4509090909090909,0.5490909090909091,0.2,0,0.4618181818181818,275
8e19042933cfe2a4899f617526666507,60,Kvinde,0,16,11,6,0,0,1,0,0,62,6+ måneder,Andet,ppc,adwords,5,1,0.4,0.15,1,0,0,0,0,0,1,0,0,1,0,0,0,0,0,Veteranen (Høj historik),5,0.15,1,0,0.4,0,0.4,5
a05360ee0a103a32fdd271bf4b976650,60,Mand,0,1,1,0,0,0,1,0,0,72,6+ måneder,Ukendt,topticker,jp.dk,842,31,0.29453681710213775,0.30641330166270786,0.9501187648456056,0,0,0.0011876484560570072,30,0,0.1995249406175772,0.25771971496437057,0.9501187648456056,0,0.0498812351543943,0.0035629453681710215,0.028503562945368172,0.04513064133016627,0.0035629453681710215,Power-brugeren (Mest mobil),842,0.30641330166270786,0.9501187648456056,0.0498812351543943,0.29453681710213775,0.0011876484560570072,0.5095011876484561,842
d49c31280222e1a061eafbeeca537d8d,60,Kvinde,0,0,0,0,0,0,0,1,0,51,0-7 dage,A,content,jp.dk,16,3,0.1875,0.59375,0.4375,0,0,0,22,0,0.4375,0,0,0.4375,0.5625,0,0,0.1875,0,Desktop-traditionalisten,16,0.59375,0.4375,0.5625,0.1875,0,0.6875,16
8d94d2a99648c5c349664783a22e7366,60,Mand,0,0,0,0,0,0,0,1,0,59,6+ måneder,A,content,jp.dk,7,3,0.2857142857142857,0.25,1,0,0,0,4,0,0.5714285714285714,0.14285714285714285,0,1,0,0,0,0,0,Mobil-nykommeren,7,0.25,1,0,0.2857142857142857,0,0.5714285714285714,7
461307f36c29f9ea9cb676528540a5c6,60,Kvinde,0,1,1,0,0,0,1,0,0,36,6+ måneder,A,content,jp.dk,157,26,0.37579617834394907,0.40445859872611467,0.910828025477707,0.28662420382165604,0,0.006369426751592357,30,0,0.1592356687898089,0.4012738853503185,0,0.910828025477707,0.08917197452229299,0,0.025477707006369428,0.06369426751592357,0.012738853503184714,Mobil-nykommeren,157,0.40445859872611467,0.910828025477707,0.08917197452229299,0.37579617834394907,0.006369426751592357,0.46496815286624205,157
87ea5962d114ff09f1e4f50555fb2a67,60,Mand,0,6,0,5,0,0,1,0,0,53,6+ måneder,Ukendt,topticker,jp.dk,476,29,0.2605042016806723,0.3335084033613445,1,0,0,0.48109243697478993,28,0,0.20378151260504201,0.24789915966386555,0,1,0,0.0021008403361344537,0.018907563025210083,0.046218487394957986,0.029411764705882353,Power-brugeren (Mest mobil),476,0.3335084033613445,1,0,0.2605042016806723,0.48109243697478993,0.5126050420168067,476
ce66f99b04a7eaf26a438a47f91e5c31,60,Ikke oplyst,0,3,1,2,0,0,0,1,0,60,6+ måneder,Andet,mail,mail,460,31,0.26956521739130435,0.3467391304347826,0,0,0,0.002173913043478261,30,0,0.09347826086956522,0.3826086956521739,0,0,0,0.004347826086956522,0.021739130434782608,0.06086956521739131,0.06304347826086956,Desktop-traditionalisten,460,0.3467391304347826,0,1,0.26956521739130435,0.002173913043478261,0.4673913043478261,460
d12a65d3b86ee43619c89e2b0f6211d8,60,Mand,0,2,2,0,0,0,1,0,0,62,6+ måneder,B,content,jp.dk,1469,31,0.19877467665078286,0.24812797821647378,0.9734513274336283,0,0,0,30,0,0.2198774676650783,0.21783526208304968,0,0.9734513274336283,0.02654867256637168,0.004765146358066712,0.010891763104152484,0.039482641252552755,0.02110279101429544,Power-brugeren (Mest mobil),1469,0.24812797821647378,0.9734513274336283,0.02654867256637168,0.19877467665078286,0,0.4023144996596324,1469
13cd3c8c6b1ca4650dbf480c5df9d6be,60,Mand,0,0,0,0,0,0,1,0,0,32,6+ måneder,A,content,jp.dk,7,5,0.42857142857142855,0.39285714285714285,1,0.2857142857142857,0,0,13,0,0.14285714285714285,0.14285714285714285,1,0,0,0.14285714285714285,0,0,0,Mobil-nykommeren,7,0.39285714285714285,1,0,0.42857142857142855,0,0,7
55681f6b1bbe6bce5d7b447f96a2d854,60,Mand,1,0,0,0,0,0,0,1,0,66,0-7 dage,B,content,jp.dk,491,31,0.3095723014256619,0.3024439918533605,1,0,0,0.002036659877800407,30,0,0.18533604887983707,0.4480651731160896,1,0,0,0.016293279022403257,0.02240325865580448,0.0814663951120163,0.02240325865580448,Power-brugeren (Mest mobil),491,0.3024439918533605,1,0,0.3095723014256619,0.002036659877800407,0.505091649694501,491
c43fda59ec054f920ad3eeb9d753de5d,60,Mand,0,2,1,0,0,0,1,0,0,62,6+ måneder,B,content,jp.dk,22,1,0.5454545454545454,0.5113636363636364,0,0,0,0,0,0,0.8181818181818182,0.18181818181818182,0,0,1,0,0,0.045454545454545456,0,Desktop-traditionalisten,22,0.5113636363636364,0,1,0.5454545454545454,0,0.8181818181818182,22
e207fd8a3e5150a304ec1379e8e41c3d,60,Mand,0,0,0,0,0,0,0,1,1,51,0-7 dage,A,content,jp.dk,3,2,0.6666666666666666,0.4166666666666667,1,0,0,0,13,0,0.6666666666666666,0,0.3333333333333333,0.6666666666666666,0,0,0,0,0,Mobil-nykommeren,3,0.4166666666666667,1,0,0.6666666666666666,0,0,3
7b42e426163501a7e327da53b994bc13,60,Mand,0,2,1,1,7,7,0,1,0,60,6+ måneder,Andet,mail,mail,34,16,0.5294117647058824,0.4264705882352941,0.8235294117647058,0,0,0,30,0,0.4411764705882353,0.08823529411764706,0.8235294117647058,0,0.17647058823529413,0.08823529411764706,0.029411764705882353,0.08823529411764706,0.23529411764705882,Mobil-nykommeren,34,0.4264705882352941,0.8235294117647058,0.17647058823529413,0.5294117647058824,0,0.029411764705882353,34
3ed4f7f63a51e332c5640a4ac40b938b,60,Mand,0,1,0,1,0,0,0,1,0,73,6+ måneder,A,content,jp.dk,301,29,0.2026578073089701,0.19601328903654486,0,0,0,0,30,0,0.6677740863787376,0.026578073089700997,0,0,1,0,0,0.06976744186046512,0.013289036544850499,Desktop-traditionalisten,301,0.19601328903654486,0,1,0.2026578073089701,0,0.4418604651162791,301
7cdfc87b3d8dd8aae8464558885e374b,60,Kvinde,1,2,1,0,0,0,1,0,0,89,6+ måneder,A,content,jp.dk,263,30,0.5627376425855514,0.8849809885931559,0.9429657794676806,0,0.45627376425855515,0,30,0,0.07604562737642585,0.21292775665399238,0,0.9429657794676806,0,0,0.045627376425855515,0.08745247148288973,0.022813688212927757,Mobil-nykommeren,263,0.8849809885931559,0.9429657794676806,0.057034220532319393,0.5627376425855514,0,0.4752851711026616,263
7a32edbbe6ace018a384b57c2edbc7e0,60,Mand,0,2,1,1,1,1,0,1,0,49,6+ måneder,Andet,Matrice,jp.dk,5,4,0.6,0.2,1,0,0,0,22,0,0,0.4,1,0,0,0.2,0.2,0,0,Mobil-nykommeren,5,0.2,1,0,0.6,0,0,5
cb92ae67bee72e40d07beb9773352800,60,Mand,0,0,0,0,0,0,0,1,0,67,6+ måneder,Andet,fb_matrice,some,434,29,0.271889400921659,0.21831797235023043,0,0.009216589861751152,0,0,30,0,0.2534562211981567,0.3663594470046083,0,0,1,0.018433179723502304,0.018433179723502304,0.052995391705069124,0.06682027649769585,Desktop-traditionalisten,434,0.21831797235023043,0,1,0.271889400921659,0,0.6152073732718893,434
ed369bab3d4dccc70a9bf6fb7da44d9c,60,Mand,0,0,0,0,0,0,1,0,0,75,6+ måneder,Andet,Matrice,jp.dk,255,31,0.29411764705882354,0.396078431372549,0.20784313725490197,0,0,0.00784313725490196,30,0,0.3843137254901961,0.12156862745098039,0.20784313725490197,0,0,0.00784313725490196,0.027450980392156862,0.06666666666666667,0.050980392156862744,Desktop-traditionalisten,255,0.396078431372549,0.20784313725490197,0.792156862745098,0.29411764705882354,0.00784313725490196,0.5137254901960784,255
8af08980740ee721f3d745897e3f128a,60,Mand,0,0,0,0,0,0,0,1,0,61,0-7 dage,Andet,Matrice,jp.dk,29,2,0.3448275862068966,0.45689655172413796,0,0,0,0,1,0,0,0,0,0,1,0,0,0.06896551724137931,0,Desktop-traditionalisten,29,0.45689655172413796,0,1,0.3448275862068966,0,0.7931034482758621,29
e014d5d423eec7606a2303d7bb68f7d6,60,Mand,0,0,0,0,0,0,1,0,0,62,0-7 dage,A,content,jp.dk,5,2,0.2,0.25,0,0,0,0,1,0,0.8,0.2,0,0,1,0,0,0,0,Desktop-traditionalisten,5,0.25,0,1,0.2,0,0.4,5
7e501c13b0115638d9f52b73fa21869e,60,Kvinde,0,9,5,5,0,0,1,0,0,79,6+ måneder,Andet,matrice,jp.dk,143,9,0.44755244755244755,0.4597902097902098,0,0,0,0.1048951048951049,29,0,0.14685314685314685,0.5594405594405595,0,0,0,0,0.04195804195804196,0.08391608391608392,0.03496503496503497,Desktop-traditionalisten,143,0.4597902097902098,0,1,0.44755244755244755,0.1048951048951049,0.8811188811188811,143
f944be29c5c1e04626d86a1df02749b0,60,Mand,1,0,0,0,3,3,0,1,1,66,6+ måneder,Andet,Matrice,jp.dk,674,31,0.3249258160237389,0.4250741839762611,0.6350148367952523,0,0,0.002967359050445104,30,0,0.24925816023738873,0.24925816023738873,0.6350148367952523,0,0.3649851632047478,0,0.019287833827893175,0.050445103857566766,0.02225519287833828,Power-brugeren (Mest mobil),674,0.4250741839762611,0.6350148367952523,0.3649851632047478,0.3249258160237389,0.002967359050445104,0.5237388724035609,673
967d82c28270edd1b92191a9b29fbd6c,60,Kvinde,0,1,1,0,0,0,1,0,0,64,6+ måneder,Andet,Matrice,jp.dk,126,5,0.29365079365079366,0.35119047619047616,1,0,0,0,25,0,0.5079365079365079,0.1984126984126984,0,1,0,0.015873015873015872,0.031746031746031744,0.1349206349206349,0.015873015873015872,Mobil-nykommeren,126,0.35119047619047616,1,0,0.29365079365079366,0,0.6587301587301587,126
28cf6e0849f84472089d55fc5ec659d9,60,Mand,0,5,4,1,0,0,1,0,0,60,6+ måneder,A,mail,mail,505,31,0.21584158415841584,0.1797029702970297,0.9445544554455445,0,0,0,30,0,0.26534653465346536,0.2851485148514851,1,0,0,0.0039603960396039604,0.02178217821782178,0.04356435643564356,0.009900990099009901,Power-brugeren (Mest mobil),505,0.1797029702970297,0.9445544554455445,0,0.21584158415841584,0,0.9702970297029703,504
7765b84362c3f2409057ab7e51be2947,60,Mand,1,2,2,1,1,1,1,0,0,59,6+ måneder,B,mail,mail,33,4,0.18181818181818182,0.29545454545454547,0,0,0,0.30303030303030304,4,0,0.45454545454545453,0,0,0,1,0,0,0.15151515151515152,0.030303030303030304,Desktop-traditionalisten,33,0.29545454545454547,0,1,0.18181818181818182,0.30303030303030304,0.42424242424242425,33
b06ab5438e1123f471f3815f9da7de0a,60,Ikke oplyst,0,0,0,0,0,0,1,0,0,21,0-7 dage,Andet,Matrice,jp.dk,0,0,0,0,0,0,0,0,0,0,0,0,0,0,0,0,0,0,0,Spøgelses-brugeren (Lav aktivitet),0,0,0,0,0,0,0,0
b6be0e02d507852ae16c3d23e2c9717f,60,Mand,1,4,1,2,13,14,1,0,0,79,6+ måneder,Andet,Matrice,jp.dk,20,7,0.6,0.3375,0,0,0,0,17,0,0.35,0.35,0.1,0,0,0,0,0,0.2,Veteranen (Høj historik),20,0.3375,0,0.9,0.6,0,0.4,20
49f8898060613dca859d17f156abe024,60,Kvinde,0,6,1,4,9,9,0,1,0,67,6+ måneder,A,mail,mail,54,19,0.5740740740740741,0.6111111111111112,1,0.2962962962962963,0,0,29,0,0.35185185185185186,0.2777777777777778,1,0,0,0,0.07407407407407407,0.07407407407407407,0.037037037037037035,Veteranen (Høj historik),54,0.6111111111111112,1,0,0.5740740740740741,0,0.12962962962962962,54
436d7b85a02448ee668f7f4460713825,60,Kvinde,0,0,0,0,0,0,0,1,1,74,6+ måneder,Ukendt,Matrice,jp.dk,0,0,0,0,0,0,0,0,0,0,0,0,0,0,0,0,0,0,0,Spøgelses-brugeren (Lav aktivitet),0,0,0,0,0,0,0,0
406b6ee23e0a40ec6148b584acbdb5e5,60,Mand,0,0,0,0,0,0,0,1,0,70,0-7 dage,B,content,jp.dk,513,30,0.3333333333333333,0.4697855750487329,1,0,0,0,30,0,0.1695906432748538,0.23196881091617932,0,1,0,0.009746588693957114,0.04483430799220273,0.1442495126705653,0.009746588693957114,Power-brugeren (Mest mobil),513,0.4697855750487329,1,0,0.3333333333333333,0,0.6296296296296297,513
5c4108310779fca4aaae73453c2228b3,60,Mand,1,0,0,0,0,0,0,1,0,82,6+ måneder,Andet,mail,mail,0,0,0,0,0,0,0,0,0,0,0,0,0,0,0,0,0,0,0,Spøgelses-brugeren (Lav aktivitet),0,0,0,0,0,0,0,0
c0441af0f7123bbe577e5fdb95015e65,60,Mand,0,6,4,0,0,0,1,0,0,85,6+ måneder,A,content,jp.dk,0,0,0,0,0,0,0,0,0,0,0,0,0,0,0,0,0,0,0,Spøgelses-brugeren (Lav aktivitet),0,0,0,0,0,0,0,0
672c3edfb76ea64fa63a475a6f3f835d,60,Kvinde,1,0,0,0,0,0,0,1,1,67,0-7 dage,A,content,jp.dk,12,5,0.5,0.5625,1,0.08333333333333333,0,0,23,0,0.25,0.6666666666666666,1,0,0,0,0,0,0,Mobil-nykommeren,12,0.5625,1,0,0.5,0,0.16666666666666666,12
890c53b5a0b80578830b84510b6b76b8,60,Kvinde,0,0,0,0,0,0,0,1,1,49,0-7 dage,B,content,jp.dk,21,8,0.23809523809523808,0.5119047619047619,0.6666666666666666,0,0,0.23809523809523808,27,0,0.19047619047619047,0.42857142857142855,0.6666666666666666,0,0.3333333333333333,0,0,0,0,Mobil-nykommeren,21,0.5119047619047619,0.6666666666666666,0.3333333333333333,0.23809523809523808,0.23809523809523808,0.38095238095238093,21
1144e252a0b338bae955d43b8f1406d0,60,Kvinde,0,1,1,0,0,0,1,0,0,65,6+ måneder,A,content,jp.dk,172,28,0.3430232558139535,0.3561046511627907,0.22674418604651161,0,0,0.436046511627907,30,0,0.20930232558139536,0.43023255813953487,0,0.22674418604651161,0.7732558139534884,0.011627906976744186,0.046511627906976744,0.0755813953488372,0.09302325581395349,Desktop-traditionalisten,172,0.3561046511627907,0.22674418604651161,0.7732558139534884,0.3430232558139535,0.436046511627907,0.5232558139534884,171
9cc003951ac3955755a2b1580326cf3c,60,Kvinde,1,1,0,0,0,0,1,0,0,70,6+ måneder,Andet,Matrice,jp.dk,639,31,0.29264475743348983,0.27543035993740217,1,0,0,0,30,0,0.3145539906103286,0.3145539906103286,1,0,0,0.017214397496087636,0.014084507042253521,0.010954616588419406,0.1189358372456964,Power-brugeren (Mest mobil),639,0.27543035993740217,1,0,0.29264475743348983,0,0.8841940532081377,639
ea212521bdc1794b4dc4914a201a8bcf,60,Mand,0,0,0,0,0,0,0,1,0,73,0-7 dage,B,content,jp.dk,5,2,0.4,0.5,0.8,0,0,0,1,0,0.4,0.4,0.8,0,0.2,0,0,0,0,Mobil-nykommeren,5,0.5,0.8,0.2,0.4,0,0.6,5
160d76cc39e18f64d614d40e8ccedcaf,60,Mand,0,8,3,2,0,0,0,1,0,53,6+ måneder,A,content,jp.dk,647,31,0.3075734157650695,0.28709428129829984,1,0,0,0,30,0,0.2472952086553323,0.19629057187017002,1,0,0,0.0061823802163833074,0.03554868624420402,0.0633693972179289,0.012364760432766615,Power-brugeren (Mest mobil),647,0.28709428129829984,1,0,0.3075734157650695,0,0.5965996908809892,647
724d873bcc88934891fbacde5ea83f9d,60,Mand,0,8,2,5,0,0,0,1,0,88,6+ måneder,B,content,jp.dk,2,1,0.5,0.375,1,0,0,0,0,0,0,0,0,1,0,0,0,0,0,Mobil-nykommeren,2,0.375,1,0,0.5,0,0.5,2
f4d085a4da6082467085e2eaf9e0bf5f,60,Mand,1,0,0,0,0,2,0,1,0,64,0-7 dage,Andet,Matrice,jp.dk,226,29,0.3938053097345133,0.588495575221239,1,0,0,0,29,0,0.35398230088495575,0.19911504424778761,1,0,0,0.008849557522123894,0.030973451327433628,0.10619469026548672,0.008849557522123894,Mobil-nykommeren,226,0.588495575221239,1,0,0.3938053097345133,0,0.6946902654867256,226
5e0a5a0d407f199fbd20566d5903ac71,60,Mand,0,0,0,0,0,0,1,0,0,47,6+ måneder,A,content,jp.dk,77,12,0.15584415584415584,0.21103896103896103,1,0.012987012987012988,0,0.025974025974025976,28,0,0.15584415584415584,0.5194805194805194,1,0,0,0.06493506493506493,0,0.09090909090909091,0,Mobil-nykommeren,77,0.21103896103896103,1,0,0.15584415584415584,0.025974025974025976,0.4805194805194805,77
2ef1b0911c92e61e14b195dda6980a68,60,Mand,0,1,0,0,0,0,1,0,0,52,6+ måneder,A,content,jp.dk,556,27,0.26798561151079137,0.2189748201438849,0.789568345323741,0,0,0,30,0,0.10251798561151079,0.368705035971223,0.789568345323741,0,0.1079136690647482,0.008992805755395683,0.017985611510791366,0.06115107913669065,0.02697841726618705,Power-brugeren (Mest mobil),556,0.2189748201438849,0.789568345323741,0.210431654676259,0.26798561151079137,0,0.6888489208633094,556
4df356691cd1556ee0adba27f45d8bec,60,Mand,0,0,0,0,0,0,0,1,1,48,6+ måneder,Ukendt,Weblayer,jp.dk,17,1,0.23529411764705882,0.4117647058823529,1,0,0,0.11764705882352941,0,0,1,0,1,0,0,0,0,0.058823529411764705,0,Mobil-nykommeren,17,0.4117647058823529,1,0,0.23529411764705882,0.11764705882352941,0.6470588235294118,17
eaea348fe18e623e30344962317776f6,60,Kvinde,0,0,0,0,0,0,1,0,0,31,6+ måneder,A,content,jp.dk,66,6,0.4696969696969697,0.3977272727272727,0,0.06060606060606061,0,0.16666666666666666,15,0,0.13636363636363635,0,0,0,0,0,0.5909090909090909,0,0,Desktop-traditionalisten,66,0.3977272727272727,0,1,0.4696969696969697,0.16666666666666666,0.696969696969697,66
dfe27d0f145bca6ed62bf0861cad9c36,60,Kvinde,0,0,0,0,0,0,1,0,0,70,0-7 dage,Andet,fb_matrice,some,8,3,0.125,0.65625,0,0.75,0,0,2,0,0.125,0.5,1,0,0,0.125,0,0,0,Mobil-nykommeren,8,0.65625,0,0,0.125,0,0,8
4603d14094a6193d927fff2b51708237,60,Mand,0,3,3,0,3,3,1,0,0,76,6+ måneder,B,mail,mail,60,20,0.5166666666666667,0.5208333333333334,0.21666666666666667,0,0,0,28,0,0.15,0.1,0.21666666666666667,0,0,0.016666666666666666,0.08333333333333333,0.05,0,Desktop-traditionalisten,60,0.5208333333333334,0.21666666666666667,0.7833333333333333,0.5166666666666667,0,0.25,60
060f3e9968b2c7d8b13699b9e53a6dd0,60,Kvinde,0,0,0,0,0,0,0,1,1,21,8-30 dage,A,content,jp.dk,5,4,0.8,0.05,0,0,0,0,8,0,0,0.4,0,0,0,0,0,0,1,Desktop-traditionalisten,5,0.05,0,1,0.8,0,0,5
6ece8933e5f45d1de309cedd5af97e5a,60,Kvinde,0,0,0,0,0,0,0,1,1,67,0-7 dage,B,content,jp.dk,2,1,0.5,0.5,1,0,0,0,0,0,0,1,0,1,0,0,0,0,0,Mobil-nykommeren,2,0.5,1,0,0.5,0,0,2
607f4019185a2666418cd2bfd51ddb77,60,Mand,1,0,0,0,1,1,0,1,1,65,6+ måneder,A,content,jp.dk,280,26,0.2571428571428571,0.38125,0.175,0,0,0.075,30,0,0.3464285714285714,0.02857142857142857,0.175,0,0.825,0.0035714285714285713,0.017857142857142856,0.02857142857142857,0.010714285714285714,Desktop-traditionalisten,280,0.38125,0.175,0.825,0.2571428571428571,0.075,0.5785714285714286,280
651effcfa8f870250cb49c68e9507e90,60,Mand,0,0,0,0,0,0,1,0,0,69,6+ måneder,A,content,jp.dk,64,11,0.28125,0.51953125,0,0.015625,0,0,28,0,0.0625,0.0625,0,0,1,0,0,0.046875,0.0625,Desktop-traditionalisten,64,0.51953125,0,1,0.28125,0,0.625,64
73fb96dd564367a986cc5673b33a2bdf,60,Kvinde,0,2,2,0,0,0,1,0,0,72,6+ måneder,Andet,Matrice,jp.dk,130,19,0.25384615384615383,0.4115384615384615,0,0,0,0,29,0,0,0.03076923076923077,0,0,0,0.015384615384615385,0.038461538461538464,0.05384615384615385,0.023076923076923078,Desktop-traditionalisten,130,0.4115384615384615,0,1,0.25384615384615383,0,0.5461538461538461,129
d0129f09763833b1b2567f8c7d2be980,60,Mand,0,2,2,0,10,9,1,0,0,64,6+ måneder,Andet,email,jp,71,14,0.5070422535211268,0.6197183098591549,0.07042253521126761,0,0,0,23,0,0.056338028169014086,0.352112676056338,0.07042253521126761,0,0,0,0.07042253521126761,0.09859154929577464,0.07042253521126761,Veteranen (Høj historik),71,0.6197183098591549,0.07042253521126761,0.9295774647887324,0.5070422535211268,0,0.2676056338028169,71
efcbf2da9a3604e16307938ba5318f3b,60,Kvinde,0,19,7,10,1,1,0,1,1,55,6+ måneder,B,content,jp.dk,49,14,0.2653061224489796,0.29591836734693877,0,0,0,0,30,0,0.46938775510204084,0,0,0,1,0,0.04081632653061224,0.02040816326530612,0.061224489795918366,Veteranen (Høj historik),49,0.29591836734693877,0,1,0.2653061224489796,0,0.6326530612244898,49
fc21356db5d9032949d7d27f4ad6a4f7,60,Mand,1,11,8,4,0,0,1,0,0,72,6+ måneder,A,mail,mail,27,7,0.37037037037037035,0.32407407407407407,0.8148148148148148,0,0,0,25,0,0,0.8888888888888888,1,0,0,0,0.07407407407407407,0.037037037037037035,0,Veteranen (Høj historik),27,0.32407407407407407,0.8148148148148148,0,0.37037037037037035,0,0.6296296296296297,27
08ce32090c34f9ffc0d9dad565a1ea00,60,Kvinde,0,0,0,0,0,2,0,1,1,55,0-7 dage,Andet,fb_forside,some,25,14,0.32,0.5,1,0.84,0,0,29,0,0.16,0.4,0,1,0,0,0,0.08,0.04,Mobil-nykommeren,25,0.5,1,0,0.32,0,0.12,25
8c033696b57b3ff5b67f457a01171285,60,Kvinde,0,8,3,0,0,0,1,0,0,73,6+ måneder,Andet,Matrice,jp.dk,101,6,0.46534653465346537,0.5198019801980198,1,0,0.019801980198019802,0.0891089108910891,12,0,0.24752475247524752,0.019801980198019802,0,1,0,0.04950495049504951,0.04950495049504951,0.0594059405940594,0.0297029702970297,Mobil-nykommeren,101,0.5198019801980198,1,0,0.46534653465346537,0.0891089108910891,0.8613861386138614,101
25cabc071210e89c45fc323a54e4e4d7,60,Kvinde,0,0,0,0,0,0,1,0,0,76,0-7 dage,A,content,jp.dk,168,15,0.36904761904761907,0.4494047619047619,0,0,0,0,30,0,0.7440476190476191,0.14285714285714285,0,0,0,0,0,0.03571428571428571,0.1488095238095238,Desktop-traditionalisten,168,0.4494047619047619,0,1,0.36904761904761907,0,0.7857142857142857,168
0fbed2f662485e3c919df188dc2c71a6,60,Kvinde,1,6,1,5,9,10,0,1,1,81,6+ måneder,Andet,Matrice,jp.dk,224,29,0.5803571428571429,0.578125,0.9910714285714286,0,0.6026785714285714,0,30,0,0.5892857142857143,0.08035714285714286,0,0.9910714285714286,0.008928571428571428,0.17410714285714285,0.07142857142857142,0.125,0.008928571428571428,Veteranen (Høj historik),224,0.578125,0.9910714285714286,0.008928571428571428,0.5803571428571429,0,0.33035714285714285,224
9320c0ecb452f188cb6fecb6fa4ecb70,60,Mand,0,13,5,7,1,1,1,0,0,75,6+ måneder,Andet,Matrice,jp.dk,20,3,0.3,0.5875,1,0,0,0,29,0,0.05,0.65,0,1,0,0,0.05,0.3,0.15,Veteranen (Høj historik),20,0.5875,1,0,0.3,0,0.9,20
04636e2dfe9fba50ab9943a5a44bdf11,60,Mand,0,0,0,0,6,6,0,1,0,68,6+ måneder,Andet,mail,mail,65,13,0.27692307692307694,0.3769230769230769,0,0,0,0,28,0,0.4153846153846154,0.03076923076923077,0,0,0,0,0,0.15384615384615385,0.03076923076923077,Desktop-traditionalisten,65,0.3769230769230769,0,1,0.27692307692307694,0,0.49230769230769234,65
a41a2cabd96ef8dbe90db14a33da8c79,60,Mand,0,5,4,0,0,0,0,1,0,49,6+ måneder,A,content,jp.dk,86,18,0.3023255813953488,0.4941860465116279,1,0.09302325581395349,0,0.03488372093023256,30,0,0.05813953488372093,0.4418604651162791,1,0,0,0.046511627906976744,0.09302325581395349,0.06976744186046512,0.023255813953488372,Mobil-nykommeren,86,0.4941860465116279,1,0,0.3023255813953488,0.03488372093023256,0.5930232558139535,86
95a2228013a28207e917ce359ee6a7ef,60,Mand,0,0,0,0,0,0,0,1,1,41,6+ måneder,A,content,jp.dk,6,3,0.5,0.3333333333333333,1,0.3333333333333333,0,0,5,0,0,0.16666666666666666,1,0,0,0,0,0.3333333333333333,0,Mobil-nykommeren,6,0.3333333333333333,1,0,0.5,0,0.3333333333333333,6
788607b17ee04f19865a51f8543acb9b,60,Kvinde,0,0,0,0,0,0,1,0,0,45,6+ måneder,Andet,Matrice,jp.dk,21,6,0.38095238095238093,0.39285714285714285,0.38095238095238093,0,0,0.09523809523809523,17,0,0.2857142857142857,0,0,0.38095238095238093,0.6190476190476191,0,0.047619047619047616,0,0.09523809523809523,Desktop-traditionalisten,21,0.39285714285714285,0.38095238095238093,0.6190476190476191,0.38095238095238093,0.09523809523809523,0.8095238095238095,21
157b343a23caa5ceae611eac87fce993,60,Mand,0,2,2,1,0,0,0,1,0,35,6+ måneder,Andet,mail,mail,5,1,0.2,0.4,0,0,0,0,0,0,1,0,0,0,0,0,0,0,0,Desktop-traditionalisten,5,0.4,0,1,0.2,0,0.8,5
c058e1c1ddfad648ceb7f6487f0bd683,60,Mand,0,2,0,1,0,0,0,1,0,44,6+ måneder,A,content,jp.dk,208,28,0.30288461538461536,0.3389423076923077,1,0,0,0.009615384615384616,30,0,0.15384615384615385,0.2692307692307692,1,0,0,0,0.052884615384615384,0.038461538461538464,0.04326923076923077,Mobil-nykommeren,208,0.3389423076923077,1,0,0.30288461538461536,0.009615384615384616,0.4951923076923077,208
bd8f91881891b817482f341aa7cea847,60,Mand,0,0,0,0,0,0,1,0,0,41,0-7 dage,A,content,jp.dk,118,15,0.2033898305084746,0.2521186440677966,1,0.01694915254237288,0,0,23,0,0.0423728813559322,0.3898305084745763,1,0,0,0,0.01694915254237288,0.1271186440677966,0.00847457627118644,Mobil-nykommeren,118,0.2521186440677966,1,0,0.2033898305084746,0,0.635593220338983,118
e1ca92d94eb1a7d3bdf4fdb35b92f7b1,60,Mand,1,4,2,3,0,0,1,0,0,55,6+ måneder,A,content,jp.dk,644,31,0.265527950310559,0.3357919254658385,0.8850931677018633,0.007763975155279503,0,0.027950310559006212,30,0,0.12732919254658384,0.3804347826086957,0.8850931677018633,0,0.040372670807453416,0.004658385093167702,0.020186335403726708,0.052795031055900624,0.03881987577639751,Power-brugeren (Mest mobil),644,0.3357919254658385,0.8850931677018633,0.11490683229813664,0.265527950310559,0.027950310559006212,0.5108695652173914,644
11cec0fd49b5a1ed7cff46ec6f8e3c6d,60,Kvinde,0,0,0,0,0,0,1,0,0,30,0-7 dage,A,content,jp.dk,35,6,0.4857142857142857,0.5071428571428571,0.02857142857142857,0,0,0.02857142857142857,11,0,0.37142857142857144,0,0.02857142857142857,0,0,0,0,0,0.5714285714285714,Desktop-traditionalisten,35,0.5071428571428571,0.02857142857142857,0.9714285714285714,0.4857142857142857,0.02857142857142857,0.45714285714285713,35
1998daf4646037e7c0820958807fb1d5,60,Mand,1,0,0,0,0,0,1,0,0,74,0-7 dage,A,content,jp.dk,6,3,0.6666666666666666,0.5833333333333334,0,0,0,0,19,0,0.5,0,0,0,1,0,0,0.3333333333333333,0.16666666666666666,Desktop-traditionalisten,6,0.5833333333333334,0,1,0.6666666666666666,0,0.3333333333333333,6
af32c827e26bda8f6a3e8c5769d4b802,60,Mand,0,2,2,0,0,0,1,0,0,71,6+ måneder,B,content,jp.dk,311,30,0.24115755627009647,0.2596463022508039,1,0,0,0,30,0,0.24437299035369775,0.08038585209003216,0,1,0,0.00964630225080386,0.012861736334405145,0.06109324758842444,0.06752411575562701,Mobil-nykommeren,311,0.2596463022508039,1,0,0.24115755627009647,0,0.4565916398713826,311
dc7631bbc9551b36ee5bda5de1c132d6,60,Mand,0,4,1,2,0,0,1,0,0,59,6+ måneder,Andet,Matrice,jp.dk,1,1,0,0,1,0,0,0,0,0,1,0,1,0,0,0,0,0,0,Spøgelses-brugeren (Lav aktivitet),1,0,1,0,0,0,0,1
f99eb2b8f4228ffe0057dd3fdfc73776,60,Mand,0,1,1,0,0,0,0,1,0,54,6+ måneder,A,content,jp.dk,8,2,0.375,0.5,0,0,0,0.125,2,0,0.75,0,0,0,1,0,0.125,0,0,Desktop-traditionalisten,8,0.5,0,1,0.375,0.125,0.75,8
62d6f6fbb6b7aed51301d5204f735ac3,60,Kvinde,0,0,0,0,0,0,1,0,0,68,1-6 måneder,A,mail,mail,137,29,0.2773722627737226,0.34124087591240876,0,0,0,0.0072992700729927005,30,0,0.39416058394160586,0.291970802919708,0.0072992700729927005,0,0,0,0.029197080291970802,0.058394160583941604,0.13138686131386862,Desktop-traditionalisten,137,0.34124087591240876,0,0.9927007299270073,0.2773722627737226,0.0072992700729927005,0.44525547445255476,137
c2c273fcfc29b01ce6a89afd5fdcdaec,60,Mand,1,0,0,0,1,2,0,1,0,52,6+ måneder,A,mail,mail,806,31,0.24689826302729528,0.27233250620347393,0.5818858560794045,0,0,0,30,0,0.18238213399503722,0.2878411910669975,0.5818858560794045,0,0,0.0012406947890818859,0.009925558312655087,0.018610421836228287,0.018610421836228287,Power-brugeren (Mest mobil),806,0.27233250620347393,0.5818858560794045,0.41811414392059554,0.24689826302729528,0,0.4292803970223325,805
8fc8ac5a28516c7528190dc596a5cda5,60,Kvinde,0,1,1,0,0,0,0,1,0,32,6+ måneder,A,content,jp.dk,2,1,1,0.125,0,0,0,0.5,0,0,0,0,0,0,0,0,0,0,0,Desktop-traditionalisten,2,0.125,0,1,1,0.5,0,2
4ac661c7491b55a4984174f89fdaaa83,60,Kvinde,0,2,2,0,0,0,0,1,1,56,6+ måneder,Ukendt,Weblayer,jp.dk,7,3,0.2857142857142857,0.35714285714285715,1,0,0,0,2,0,0,0,1,0,0,0,0,0.14285714285714285,0.14285714285714285,Mobil-nykommeren,7,0.35714285714285715,1,0,0.2857142857142857,0,0.42857142857142855,7
9082cd5bd339e7f6efaeac23a1551815,60,Kvinde,0,1,0,0,0,0,0,1,1,49,6+ måneder,Andet,Matrice,jp.dk,96,19,0.34375,0.4166666666666667,1,0,0,0.07291666666666667,30,0,0.4375,0.2916666666666667,1,0,0,0,0.010416666666666666,0.020833333333333332,0.052083333333333336,Mobil-nykommeren,96,0.4166666666666667,1,0,0.34375,0.07291666666666667,0.53125,96
a1af3b6a83ab3831bad60fdc53a712ed,60,Kvinde,0,0,0,0,0,0,0,1,1,41,6+ måneder,A,content,jp.dk,27,4,0.25925925925925924,0.37037037037037035,0.14814814814814814,0,0,0.1111111111111111,12,0,0,0,0,0.14814814814814814,0.8518518518518519,0,0,0.3333333333333333,0,Desktop-traditionalisten,27,0.37037037037037035,0.14814814814814814,0.8518518518518519,0.25925925925925924,0.1111111111111111,0.7777777777777778,27
b37648d22ba1c40979c7f50216a23ccd,60,Kvinde,1,0,0,0,0,0,1,0,0,50,6+ måneder,A,content,jp.dk,5,2,0,0.4,1,0,0,0,5,0,0.2,0.8,1,0,0,0,0,0,0,Mobil-nykommeren,5,0.4,1,0,0,0,0.6,5
de69e87c5fea53f04b7b6b3c72a16a8f,60,Kvinde,0,0,0,0,0,0,1,0,0,34,6+ måneder,A,content,jp.dk,6,2,0,0.5,0,0.16666666666666666,0,0.16666666666666666,24,0,0,0,0,0,0,0,0,0,0.16666666666666666,Desktop-traditionalisten,6,0.5,0,1,0,0.16666666666666666,0.5,6
7bb86036fead65cb733672bb8a47dcd7,60,Mand,0,0,0,0,0,0,0,1,0,51,0-7 dage,Ukendt,Weblayer,jp.dk,10,5,0.2,0.175,1,0,0,0,19,0,0,0.3,1,0,0,0.1,0,0.1,0.1,Mobil-nykommeren,10,0.175,1,0,0.2,0,0.4,10
9ab9e1585c8138825d923a229509bc4f,60,Mand,0,2,2,1,0,0,0,1,0,72,6+ måneder,Andet,mail,mail,7,4,1,0.17857142857142858,1,0,0,0,21,0,0.42857142857142855,0.2857142857142857,1,0,0,0.42857142857142855,0.14285714285714285,0,0,Mobil-nykommeren,7,0.17857142857142858,1,0,1,0,0,7
add49e9f3efbc829a809336238069353,60,Mand,1,3,2,2,1,1,1,0,0,76,6+ måneder,Andet,mail,mail,93,14,0.44086021505376344,0.3521505376344086,0.41935483870967744,0,0,0.13978494623655913,29,0,0.2903225806451613,0.053763440860215055,0.41935483870967744,0,0,0.06451612903225806,0.021505376344086023,0.07526881720430108,0.13978494623655913,Desktop-traditionalisten,93,0.3521505376344086,0.41935483870967744,0.5806451612903226,0.44086021505376344,0.13978494623655913,0.4838709677419355,93
3689d81e4b91fb17c0941a1554e19695,60,Mand,1,0,0,0,4,4,0,1,0,66,6+ måneder,B,content,jp.dk,6,3,0.3333333333333333,0.5833333333333334,0.8333333333333334,0.16666666666666666,0,0.16666666666666666,29,0,0.16666666666666666,0.6666666666666666,0.8333333333333334,0,0.16666666666666666,0,0,0,0,Mobil-nykommeren,6,0.5833333333333334,0.8333333333333334,0.16666666666666666,0.3333333333333333,0.16666666666666666,0.5,6
6cf4559158ca6f6a6ca07cfc319774a3,60,Mand,0,0,0,0,0,0,0,1,0,62,0-7 dage,Ukendt,Weblayer,jp.dk,277,28,0.24548736462093862,0.34386281588447654,0.6823104693140795,0,0,0,30,0,0.3249097472924188,0.11191335740072202,0,0.6823104693140795,0.3176895306859206,0,0.01444043321299639,0.06498194945848375,0.04693140794223827,Power-brugeren (Mest mobil),277,0.34386281588447654,0.6823104693140795,0.3176895306859206,0.24548736462093862,0,0.8700361010830325,277
814cdba34f3464699f23f517654e2831,60,Mand,0,0,0,0,0,0,0,1,0,61,6+ måneder,A,content,jp.dk,349,30,0.15472779369627507,0.15830945558739254,1,0,0,0.022922636103151862,30,0,0.22922636103151864,0.3151862464183381,1,0,0,0,0.025787965616045846,0.05157593123209169,0.022922636103151862,Mobil-nykommeren,349,0.15830945558739254,1,0,0.15472779369627507,0.022922636103151862,0.2636103151862464,348
2f9710a6b323884ef84129309caf9ddf,60,Mand,0,2,0,2,4,4,0,1,1,60,6+ måneder,Andet,paid,fb_paid,91,20,0.5604395604395604,0.7774725274725275,0.8791208791208791,0.24175824175824176,0.02197802197802198,0,30,0,0.31868131868131866,0.37362637362637363,0,0.8791208791208791,0.12087912087912088,0.04395604395604396,0.03296703296703297,0.10989010989010989,0.08791208791208792,Mobil-nykommeren,91,0.7774725274725275,0.8791208791208791,0.12087912087912088,0.5604395604395604,0,0.5934065934065934,91
9032519e0fe05946b3e715ff4c2c75c1,60,Kvinde,0,3,1,1,0,0,1,0,0,70,6+ måneder,Andet,mail,mail,545,30,0.27155963302752295,0.3119266055045872,0.5339449541284403,0,0,0.001834862385321101,30,0,0.031192660550458717,0.46788990825688076,0,0.5339449541284403,0.12844036697247707,0.001834862385321101,0.007339449541284404,0.04220183486238532,0.045871559633027525,Power-brugeren (Mest mobil),545,0.3119266055045872,0.5339449541284403,0.46605504587155966,0.27155963302752295,0.001834862385321101,0.7614678899082569,544
7fe44128ee877150541e83b00f8af178,3,Kvinde,1,0,0,0,0,0,1,0,0,62,1-6 måneder,Andet,mail,mail,3,2,0.6666666666666666,0.6666666666666666,1,0,0,0,1,0,0,0,1,0,0,0,0,0,0,Mobil-nykommeren,3,0.6666666666666666,1,0,0.6666666666666666,0,0.6666666666666666,3
7dd87a725fe51ac8df32f9000b37e564,60,Mand,1,1,1,0,0,0,0,1,1,56,6+ måneder,Andet,mail,mail,0,0,0,0,0,0,0,0,0,0,0,0,0,0,0,0,0,0,0,Spøgelses-brugeren (Lav aktivitet),0,0,0,0,0,0,0,0
6833133564d3b9731d3707a284d1a707,60,Mand,0,0,0,0,0,0,0,1,0,47,6+ måneder,A,content,jp.dk,150,28,0.2733333333333333,0.23166666666666666,1,0,0,0.11333333333333333,30,0,0.32666666666666666,0.19333333333333333,1,0,0,0.006666666666666667,0.03333333333333333,0.20666666666666667,0.02,Mobil-nykommeren,150,0.23166666666666666,1,0,0.2733333333333333,0.11333333333333333,0.68,150
1230fd711f4acd99dfd4d06a8f0d8ece,60,Kvinde,0,0,0,0,1,1,0,1,1,71,6+ måneder,B,content,jp.dk,3,1,0.3333333333333333,0.75,0,0,0,0,0,0,0,0,0,0,0,0,0,0,0,Desktop-traditionalisten,3,0.75,0,1,0.3333333333333333,0,0.6666666666666666,3
587fecd83c36b7dc0ee6815944e44478,60,Mand,0,0,0,0,0,0,0,1,0,71,0-7 dage,Ukendt,Matrice,jp.dk,8,6,0.125,0.375,1,0,0,0,28,0,0.25,0.375,1,0,0,0,0.125,0.125,0,Mobil-nykommeren,8,0.375,1,0,0.125,0,0.125,8
e121d81cf042fc1796bec45ee93a73ed,60,Mand,0,1,1,0,0,0,1,0,0,58,6+ måneder,A,content,jp.dk,861,31,0.21254355400696864,0.3336236933797909,1,0,0,0,30,0,0.20092915214866433,0.1602787456445993,0,1,0,0.0011614401858304297,0.011614401858304297,0.04645760743321719,0.022067363530778164,Power-brugeren (Mest mobil),861,0.3336236933797909,1,0,0.21254355400696864,0,0.4808362369337979,861
de829deda88d0df0c4c8f9a3eb4cc186,60,Kvinde,0,1,0,1,0,0,1,0,0,75,6+ måneder,Andet,mail,mail,322,30,0.17080745341614906,0.18944099378881987,0.14906832298136646,0,0,0,30,0,0.10869565217391304,0.2267080745341615,0.906832298136646,0,0,0.009316770186335404,0.040372670807453416,0.043478260869565216,0.009316770186335404,Power-brugeren (Mest mobil),322,0.18944099378881987,0.14906832298136646,0.09316770186335403,0.17080745341614906,0,0.8881987577639752,322
6ee037905fee692858240685220213be,60,Mand,0,0,0,0,0,0,0,1,0,66,6+ måneder,A,content,jp.dk,5,5,0.6,1,0,0.4,0,0.4,22,0,0,0.8,0,0,0,0,0.2,0,0,Desktop-traditionalisten,5,1,0,1,0.6,0.4,0,5
178acb3d7e922de240c43c165a813e33,60,Mand,0,3,2,0,0,0,0,1,0,70,6+ måneder,Ukendt,Matrice,jp.dk,30,3,0.13333333333333333,0.16666666666666666,0.03333333333333333,0,0,0.26666666666666666,3,0,0.03333333333333333,0.9666666666666667,0.03333333333333333,0,0.9666666666666667,0.03333333333333333,0,0,0,Desktop-traditionalisten,30,0.16666666666666666,0.03333333333333333,0.9666666666666667,0.13333333333333333,0.26666666666666666,0.7,27
ab41382298fc046bfa048d55ce9b1f0d,60,Mand,1,4,2,2,4,4,0,1,0,82,6+ måneder,A,mail,mail,33,10,0.5454545454545454,0.8787878787878788,0,0,0,0,30,0,0.06060606060606061,0,0,0,1,0,0.06060606060606061,0.06060606060606061,0.030303030303030304,Desktop-traditionalisten,33,0.8787878787878788,0,1,0.5454545454545454,0,0.3939393939393939,33
e9153be9eb990a05b8b703b1b434a985,60,Kvinde,0,1,0,1,0,0,0,1,1,45,6+ måneder,B,content,jp.dk,14,5,0.2857142857142857,0.5535714285714286,0.6428571428571429,0,0,0.14285714285714285,16,0,0.6428571428571429,0.2857142857142857,0.6428571428571429,0,0.35714285714285715,0,0,0,0,Mobil-nykommeren,14,0.5535714285714286,0.6428571428571429,0.35714285714285715,0.2857142857142857,0.14285714285714285,0.5,14
9f2b0d3c1d53f558f70bfad4c79df597,60,Mand,1,0,0,0,0,0,0,1,1,60,0-7 dage,B,content,jp.dk,188,26,0.6117021276595744,0.7473404255319149,0,0,0,0,25,0,0.46808510638297873,0.26595744680851063,0,0,0,0.010638297872340425,0.02127659574468085,0.1595744680851064,0.015957446808510637,Desktop-traditionalisten,188,0.7473404255319149,0,1,0.6117021276595744,0,0.1702127659574468,188
76668bebf380d4c6e8b3583902d82b9c,60,Mand,0,6,5,3,0,0,1,0,0,59,6+ måneder,Andet,mail,mail,485,31,0.22268041237113403,0.24175257731958763,0.5711340206185567,0,0,0.04329896907216495,30,0,0.3443298969072165,0.20618556701030927,0,0.5711340206185567,0.09690721649484536,0.002061855670103093,0.02268041237113402,0.01443298969072165,0.030927835051546393,Power-brugeren (Mest mobil),485,0.24175257731958763,0.5711340206185567,0.4288659793814433,0.22268041237113403,0.04329896907216495,0.40824742268041236,485
e8560d608abd181e5e783dd040bc7cbc,60,Mand,0,4,1,1,3,3,0,1,1,52,6+ måneder,Ukendt,Weblayer,jp.dk,137,9,0.3357664233576642,0.24087591240875914,1,0,0,0,16,0,0.46715328467153283,0.32116788321167883,0,1,0,0.0072992700729927005,0.051094890510948905,0.051094890510948905,0.043795620437956206,Mobil-nykommeren,137,0.24087591240875914,1,0,0.3357664233576642,0,0.48905109489051096,137
0c3972534a7b5ce5f4f13538ca93fc7f,60,Mand,0,5,3,3,0,0,0,1,0,56,6+ måneder,B,content,jp.dk,639,31,0.3161189358372457,0.36932707355242567,1,0,0,0.41158059467918623,30,0,0.3348982785602504,0.1784037558685446,0,1,0,0.006259780907668232,0.02190923317683881,0.04225352112676056,0.0594679186228482,Power-brugeren (Mest mobil),639,0.36932707355242567,1,0,0.3161189358372457,0.41158059467918623,0.5852895148669797,639
1f40062eef627b0d45826b92c4ae56ff,60,Kvinde,1,3,1,2,3,3,0,1,0,77,6+ måneder,A,content,jp.dk,88,16,0.4431818181818182,0.48011363636363635,0.045454545454545456,0,0,0,30,0,0.17045454545454544,0.5681818181818182,0.045454545454545456,0,0,0,0.18181818181818182,0.022727272727272728,0,Desktop-traditionalisten,88,0.48011363636363635,0.045454545454545456,0.9545454545454546,0.4431818181818182,0,0.5,88
a44108148e8cffb011c3395b78f5f938,60,Mand,0,0,0,0,0,0,0,1,1,39,0-7 dage,A,content,jp.dk,4,1,0.5,0.375,1,0.75,0,0,0,0,1,0,1,0,0,0,0,0.75,0,Mobil-nykommeren,4,0.375,1,0,0.5,0,0,4
9df181d1c01cad49efc7b0eab03a631d,60,Mand,0,3,1,0,0,0,0,1,0,71,6+ måneder,A,content,jp.dk,668,31,0.3068862275449102,0.40344311377245506,0.07634730538922156,0,0,0.0014970059880239522,30,0,0.2470059880239521,0.2844311377245509,0,0.07634730538922156,0.9236526946107785,0.004491017964071856,0.02245508982035928,0.059880239520958084,0.01347305389221557,Power-brugeren (Mest mobil),668,0.40344311377245506,0.07634730538922156,0.9236526946107785,0.3068862275449102,0.0014970059880239522,0.5389221556886228,667
e12aeab2cdd9cfe212471224aa9a0d09,60,Kvinde,0,0,0,0,0,0,0,1,1,40,0-7 dage,A,content,jp.dk,4,2,0.25,0.75,1,0,0,0,1,0,0,0.25,0,1,0,0,0,0,0,Mobil-nykommeren,4,0.75,1,0,0.25,0,0.5,4
fc58cfb884d82f8ff7398450731734d8,60,Kvinde,1,3,2,0,0,0,0,1,1,73,6+ måneder,A,content,jp.dk,8,7,0.75,0.6875,0.5,0.625,0,0,15,0,0.375,0.375,1,0,0,0,0,0.125,0,Mobil-nykommeren,8,0.6875,0.5,0,0.75,0,0.125,8
835d69dda5ba5d750f73a0b5b854568d,60,Mand,0,0,0,0,0,0,0,1,1,70,0-7 dage,Andet,Matrice,jp.dk,158,27,0.2721518987341772,0.17246835443037975,0,0,0,0,29,0,0.06329113924050633,0.15822784810126583,0,0,1,0.012658227848101266,0.04430379746835443,0.05063291139240506,0.02531645569620253,Desktop-traditionalisten,158,0.17246835443037975,0,1,0.2721518987341772,0,0.5,158
dacc9c43dac760621fb910f020549e30,60,Mand,0,6,3,2,0,0,1,0,0,74,6+ måneder,Ukendt,Weblayer,jp.dk,556,30,0.25539568345323743,0.27967625899280574,0.07733812949640288,0,0,0.0035971223021582736,30,0,0.27697841726618705,0.3920863309352518,0.9982014388489209,0,0,0.007194244604316547,0.014388489208633094,0.06654676258992806,0.01618705035971223,Power-brugeren (Mest mobil),556,0.27967625899280574,0.07733812949640288,0.0017985611510791368,0.25539568345323743,0.0035971223021582736,0.4694244604316547,555
05ce81452f9a43739169d6bc934cfc47,60,Kvinde,0,2,1,1,0,0,0,1,0,60,6+ måneder,A,content,jp.dk,782,31,0.21994884910485935,0.22634271099744246,0.8964194373401535,0,0,0.59846547314578,30,0,0.20076726342711,0.30434782608695654,0,0.8964194373401535,0.10358056265984655,0.010230179028132993,0.0038363171355498722,0.054987212276214836,0.04859335038363171,Power-brugeren (Mest mobil),782,0.22634271099744246,0.8964194373401535,0.10358056265984655,0.21994884910485935,0.59846547314578,0.40025575447570333,781
1491939885319cc63bbc45f8583456e1,60,Mand,0,0,0,0,0,0,1,0,0,36,0-7 dage,Andet,Matrice,jp.dk,93,10,0.3118279569892473,0.26344086021505375,0.5483870967741935,0.053763440860215055,0,0.03225806451612903,25,0,0,0.6129032258064516,0,0.5483870967741935,0.3548387096774194,0.021505376344086023,0,0.021505376344086023,0,Mobil-nykommeren,93,0.26344086021505375,0.5483870967741935,0.45161290322580644,0.3118279569892473,0.03225806451612903,0.6021505376344086,93
8bb9a07142551de94074b33e7aed10b4,60,Mand,0,1,0,1,0,0,0,1,0,38,6+ måneder,Andet,Matrice,jp.dk,125,17,0.288,0.308,1,0,0,0,17,0,0.128,0.36,0,1,0,0,0.048,0.088,0.064,Mobil-nykommeren,125,0.308,1,0,0.288,0,0.624,125
1dd4f4d36646ef3d7c101e7ed530f181,60,Mand,1,0,0,0,0,0,0,1,1,54,0-7 dage,Andet,Matrice,jp.dk,2,1,0,0,1,0,0,0,0,0,0,0,1,0,0,0,0,0,0,Spøgelses-brugeren (Lav aktivitet),2,0,1,0,0,0,0,2
6ac41ca81c8a5b763cfdc15ca1db45ab,60,Kvinde,0,5,2,0,5,5,1,0,0,52,6+ måneder,A,content,jp.dk,89,25,0.2696629213483146,0.31179775280898875,0,0,0,0,30,0,0.2696629213483146,0.0898876404494382,0,0,0,0.011235955056179775,0.011235955056179775,0.06741573033707865,0.02247191011235955,Desktop-traditionalisten,89,0.31179775280898875,0,1,0.2696629213483146,0,0.9887640449438202,89
62903f01a8b4d36801a30d3e3a61c26c,60,Mand,0,2,2,0,0,0,0,1,1,57,6+ måneder,Ukendt,Weblayer,jp.dk,143,19,0.4195804195804196,0.548951048951049,0.8391608391608392,0,0,0.013986013986013986,29,0,0.24475524475524477,0.2517482517482518,0.8391608391608392,0,0.08391608391608392,0,0.04195804195804196,0.0979020979020979,0.013986013986013986,Mobil-nykommeren,143,0.548951048951049,0.8391608391608392,0.16083916083916083,0.4195804195804196,0.013986013986013986,0.6923076923076923,143
6638cfc4c174f5324e03b5c5c1840978,60,Kvinde,0,0,0,0,0,0,0,1,0,40,0-7 dage,A,content,jp.dk,26,8,0.5769230769230769,0.6057692307692307,0.15384615384615385,0.19230769230769232,0,0,29,0,0.19230769230769232,0.3076923076923077,0,0.15384615384615385,0.8461538461538461,0,0.038461538461538464,0.15384615384615385,0,Desktop-traditionalisten,26,0.6057692307692307,0.15384615384615385,0.8461538461538461,0.5769230769230769,0,0.6538461538461539,26
3dbf7ab21815a2df892c2ae6b4b0dd7e,60,Kvinde,0,0,0,0,0,0,0,1,1,20,6+ måneder,B,content,jp.dk,13,6,0.3076923076923077,0.2692307692307692,0.5384615384615384,0,0,0.3076923076923077,16,0,0.46153846153846156,0.07692307692307693,0.5384615384615384,0,0,0,0,0.3076923076923077,0,Mobil-nykommeren,13,0.2692307692307692,0.5384615384615384,0.46153846153846156,0.3076923076923077,0.3076923076923077,0.07692307692307693,13
aa345f66c3734ec28ca44313506d22f4,60,Mand,0,0,0,0,0,0,0,1,1,56,0-7 dage,A,content,jp.dk,4,2,0.5,0.5,1,0,0,0.75,2,0,0.75,0,0,1,0,0,0,0,0,Mobil-nykommeren,4,0.5,1,0,0.5,0.75,0,4
446f332ace9cc3135738ab48e8faa4fe,60,Mand,0,0,0,0,0,0,0,1,0,37,0-7 dage,A,content,jp.dk,3,2,0.3333333333333333,1,0,0,0,0,1,0,0,0,0,0,1,0,0,0.6666666666666666,0,Desktop-traditionalisten,3,1,0,1,0.3333333333333333,0,0.3333333333333333,3
33fea4b276180c2884f8d1767a1483e6,60,Mand,0,0,0,0,0,0,0,1,0,63,0-7 dage,A,content,jp.dk,865,31,0.2635838150289017,0.22514450867052024,1,0,0,0,30,0,0.24046242774566473,0.17803468208092485,1,0,0,0.004624277456647399,0.028901734104046242,0.06242774566473988,0.018497109826589597,Power-brugeren (Mest mobil),865,0.22514450867052024,1,0,0.2635838150289017,0,0.4705202312138728,865
ad56104de30f4dea6c7a65ca88a9a9fe,60,Mand,1,17,3,8,1,1,0,1,1,69,6+ måneder,B,mail,mail,57,4,0.22807017543859648,0.2631578947368421,0.8596491228070176,0,0,0,3,0,0.8596491228070176,0.10526315789473684,0,0.8596491228070176,0,0,0.017543859649122806,0.05263157894736842,0.07017543859649122,Veteranen (Høj historik),57,0.2631578947368421,0.8596491228070176,0.14035087719298245,0.22807017543859648,0,0.49122807017543857,56
1a348c61676869859747445d2860057c,60,Mand,0,0,0,0,0,0,0,1,0,66,6+ måneder,A,content,jp.dk,207,31,0.21256038647342995,0.26207729468599034,0,0,0,0,30,0,0.2995169082125604,0.2318840579710145,0,0,0,0.00966183574879227,0.024154589371980676,0.07729468599033816,0.024154589371980676,Desktop-traditionalisten,207,0.26207729468599034,0,1,0.21256038647342995,0,0.37681159420289856,207
e2bcfffc7ab626d766ff915f3827a5b2,60,Mand,0,0,0,0,0,0,1,0,0,63,0-7 dage,Ukendt,Matrice,jp.dk,113,13,0.2920353982300885,0.2676991150442478,0.22123893805309736,0,0,0.017699115044247787,30,0,0.9646017699115044,0.02654867256637168,0.22123893805309736,0,0.7787610619469026,0,0,0.07079646017699115,0,Desktop-traditionalisten,113,0.2676991150442478,0.22123893805309736,0.7787610619469026,0.2920353982300885,0.017699115044247787,0.8230088495575221,113
c4001ea45fd4a1b949a2c6bf4cf15d53,60,Kvinde,0,5,3,1,1,1,0,1,0,69,6+ måneder,Andet,ppc,adwords,31,6,0.12903225806451613,0.3790322580645161,0,0,0,0.1935483870967742,27,0,1,0,0,0,0,0,0,0.06451612903225806,0,Desktop-traditionalisten,31,0.3790322580645161,0,1,0.12903225806451613,0.1935483870967742,0.8064516129032258,31
06beef4376b2852a011aa0359e4dcbf2,60,Kvinde,0,0,0,0,0,0,0,1,1,70,6+ måneder,A,content,jp.dk,5,1,0.8,0.7,0,0,0,0,0,0,0,0,0,0,1,0,0,0.4,0,Desktop-traditionalisten,5,0.7,0,1,0.8,0,0.8,5
fdbd1dcf2c76001047b287ddcc44b101,60,Mand,0,0,0,0,0,0,0,1,0,70,6+ måneder,B,content,jp.dk,274,29,0.27007299270072993,0.28375912408759124,0.5437956204379562,0,0,0,30,0,0.14233576642335766,0.33211678832116787,0.5437956204379562,0,0,0,0.021897810218978103,0.072992700729927,0.01824817518248175,Mobil-nykommeren,274,0.28375912408759124,0.5437956204379562,0.4562043795620438,0.27007299270072993,0,0.5,273
4b8a2812009fa41431e8577a546bb1c1,60,Kvinde,0,1,0,1,0,0,0,1,0,57,6+ måneder,A,content,jp.dk,84,14,0.2976190476190476,0.34523809523809523,0,0,0,0.047619047619047616,26,0,0.7023809523809523,0.09523809523809523,0,0,0,0.011904761904761904,0.03571428571428571,0.047619047619047616,0.047619047619047616,Desktop-traditionalisten,84,0.34523809523809523,0,1,0.2976190476190476,0.047619047619047616,0.7142857142857143,84
46f011284f5c30e7bc7dce5e9df85374,60,Mand,0,1,1,1,0,0,1,0,0,73,8-30 dage,A,mail,mail,612,24,0.36764705882352944,0.4542483660130719,0,0,0,0.0016339869281045752,23,0,0.3839869281045752,0.058823529411764705,0,0,1,0.004901960784313725,0.021241830065359478,0.10947712418300654,0.013071895424836602,Desktop-traditionalisten,612,0.4542483660130719,0,1,0.36764705882352944,0.0016339869281045752,0.696078431372549,612
44f3a70ad5f6c7d3b83909cff1ad231a,60,Mand,0,0,0,0,0,0,1,0,0,57,6+ måneder,Andet,Matrice,jp.dk,445,29,0.3348314606741573,0.2786516853932584,0.4247191011235955,0,0,0,30,0,0.2202247191011236,0.1393258426966292,0,0.4247191011235955,0.5752808988764045,0.0022471910112359553,0.015730337078651686,0.038202247191011236,0.02696629213483146,Power-brugeren (Mest mobil),445,0.2786516853932584,0.4247191011235955,0.5752808988764045,0.3348314606741573,0,0.6943820224719102,445
5422e7ec71c443cb70b22fda17cc0994,60,Mand,0,1,1,0,0,0,0,1,0,58,6+ måneder,Andet,Matrice,jp.dk,8,1,0.375,0.40625,0,0,0,0.125,0,0,0.5,0,0,0,1,0.125,0,0.125,0,Desktop-traditionalisten,8,0.40625,0,1,0.375,0.125,0.625,8
e8c8a5888ff8ecbe509165aa9657154b,60,Kvinde,0,0,0,0,0,0,0,1,0,53,6+ måneder,A,content,jp.dk,15,1,0.6666666666666666,0.36666666666666664,1,0,0,0,0,0,0,1,1,0,0,0,0,0,0,Mobil-nykommeren,15,0.36666666666666664,1,0,0.6666666666666666,0,0.6,15
1e95a880364e96dcbdcc9b0db8a55105,60,Mand,1,4,3,1,2,2,0,1,0,74,6+ måneder,Ukendt,topticker,jp.dk,163,26,0.3006134969325153,0.30368098159509205,1,0,0,0,30,0,0.2392638036809816,0.006134969325153374,0,1,0,0.006134969325153374,0.05521472392638037,0.024539877300613498,0.012269938650306749,Mobil-nykommeren,163,0.30368098159509205,1,0,0.3006134969325153,0,0.754601226993865,163
4ac06699f06056cb181a486f622657a7,60,Kvinde,0,16,12,5,7,5,1,0,0,82,6+ måneder,B,mail,mail,323,30,0.3622291021671827,0.3622291021671827,0.04643962848297214,0,0,0.009287925696594427,30,0,0.5077399380804953,0.30959752321981426,0.04643962848297214,0,0,0.06811145510835913,0.02476780185758514,0.02786377708978328,0.04643962848297214,Veteranen (Høj historik),323,0.3622291021671827,0.04643962848297214,0.9535603715170279,0.3622291021671827,0.009287925696594427,0.35294117647058826,323
eb898021f24c44d7db980193a395a738,60,Kvinde,0,3,1,3,2,2,1,0,0,71,6+ måneder,Ukendt,Matrice,jp.dk,6,2,0,0,1,0,0,0,5,0,0,0.8333333333333334,1,0,0,0,0,0,0,Spøgelses-brugeren (Lav aktivitet),6,0,1,0,0,0,0,6
9254dd7538b530e8e5015f612d51d553,60,Kvinde,0,0,0,0,0,0,1,0,0,72,6+ måneder,A,content,jp.dk,14,4,0.5714285714285714,0.375,0.5,0,0,0,15,0,0.21428571428571427,0,0.7857142857142857,0,0,0,0,0.07142857142857142,0,Mobil-nykommeren,14,0.375,0.5,0.21428571428571427,0.5714285714285714,0,0.5714285714285714,14
f4a021012e0379b342bd520316e25b69,60,Mand,1,0,0,0,0,0,1,0,0,87,1-6 måneder,Andet,mail,mail,118,15,0.3474576271186441,0.3855932203389831,0,0,0,0,30,0,0.3559322033898305,0,0,0,1,0.00847457627118644,0.00847457627118644,0.07627118644067797,0.00847457627118644,Desktop-traditionalisten,118,0.3855932203389831,0,1,0.3474576271186441,0,0.6440677966101694,118
f94f533557001f0619f148540fc318ff,60,Mand,1,0,0,0,0,0,0,1,0,73,0-7 dage,Andet,fb_matrice,some,136,27,0.27205882352941174,0.29044117647058826,0,0,0,0,30,0,0.7132352941176471,0.007352941176470588,0,0,0,0,0.051470588235294115,0.03676470588235294,0.04411764705882353,Desktop-traditionalisten,136,0.29044117647058826,0,1,0.27205882352941174,0,0.4338235294117647,136
20adbd6ec48679dcfd474611a0f20d50,60,Mand,0,0,0,0,0,0,1,0,0,65,6+ måneder,A,content,jp.dk,152,22,0.4144736842105263,0.3667763157894737,0,0.019736842105263157,0,0,30,0,0.25,0.2631578947368421,0,0,0,0.013157894736842105,0.046052631578947366,0.09868421052631579,0.07894736842105263,Desktop-traditionalisten,152,0.3667763157894737,0,1,0.4144736842105263,0,0.9144736842105263,152
e40d8324bf7473ffb9377b7885c5e1fb,60,Mand,0,9,1,8,0,0,0,1,1,65,6+ måneder,B,content,jp.dk,643,31,0.2986003110419907,0.2818818040435459,0.5194401244167963,0,0,0,30,0,0.19129082426127528,0.3297045101088647,0.48055987558320373,0.5194401244167963,0,0,0.017107309486780714,0.026438569206842923,0.00933125972006221,Power-brugeren (Mest mobil),643,0.2818818040435459,0.5194401244167963,0,0.2986003110419907,0,0.47900466562986005,642
a08e7f89635b14ed4cb87d21d13b6ed2,60,Mand,0,0,0,0,0,0,1,0,0,40,1-6 måneder,A,content,jp.dk,25,3,0.4,0.6,0.24,0,0,0.04,15,0,0,0.24,0.24,0,0,0,0.04,0.16,0,Desktop-traditionalisten,25,0.6,0.24,0.76,0.4,0.04,0.28,25
ad372c8a7a3b8d134c9eb5cf7267af63,60,Mand,1,4,1,2,3,3,0,1,0,74,6+ måneder,Andet,mail,mail,18,9,0.3888888888888889,0.3333333333333333,1,0.2777777777777778,0,0,16,0,0.2777777777777778,0.3888888888888889,1,0,0,0,0.05555555555555555,0.05555555555555555,0,Mobil-nykommeren,18,0.3333333333333333,1,0,0.3888888888888889,0,0.16666666666666666,18
7eb3412b5a29ae007e0264755a7aeae5,60,Ikke oplyst,1,8,2,6,0,0,1,0,0,72,6+ måneder,Andet,mail,mail,88,10,0.3409090909090909,0.5340909090909091,0,0,0,0,21,0,0.5568181818181818,0.10227272727272728,0,0,1,0,0.06818181818181818,0.03409090909090909,0.045454545454545456,Desktop-traditionalisten,88,0.5340909090909091,0,1,0.3409090909090909,0,0.8977272727272727,88
f0fa152f4037b954272eee47098ea09c,60,Kvinde,0,1,1,1,0,0,0,1,0,63,1-6 måneder,Andet,mail,mail,110,15,0.37272727272727274,0.43863636363636366,0,0,0,0.39090909090909093,22,0,0.23636363636363636,0.16363636363636364,0,0,1,0,0.07272727272727272,0.06363636363636363,0.06363636363636363,Desktop-traditionalisten,110,0.43863636363636366,0,1,0.37272727272727274,0.39090909090909093,0.5818181818181818,110
7b5d631f99704537c85aa26c4f9ad079,60,Mand,0,5,4,2,0,0,1,0,0,62,6+ måneder,B,mail,mail,285,25,0.24210526315789474,0.32456140350877194,0.3192982456140351,0,0,0.09473684210526316,29,0,0.12631578947368421,0.3157894736842105,0.3368421052631579,0,0.10175438596491228,0.021052631578947368,0.007017543859649123,0.021052631578947368,0.06666666666666667,Desktop-traditionalisten,285,0.32456140350877194,0.3192982456140351,0.6631578947368421,0.24210526315789474,0.09473684210526316,0.519298245614035,285
e06e61f1de9acb6d848b17a97f063a37,60,Mand,0,2,1,0,0,0,1,0,0,59,6+ måneder,A,content,jp.dk,485,31,0.2536082474226804,0.2345360824742268,0.47216494845360824,0,0,0.006185567010309278,30,0,0.4,0.2618556701030928,0,0.47216494845360824,0.2948453608247423,0.004123711340206186,0.030927835051546393,0.049484536082474224,0.006185567010309278,Power-brugeren (Mest mobil),485,0.2345360824742268,0.47216494845360824,0.5278350515463918,0.2536082474226804,0.006185567010309278,0.44536082474226807,485
bec12934fd62c54075867a81c5f66926,60,Mand,0,0,0,0,0,0,0,1,0,75,0-7 dage,Andet,Matrice,jp.dk,853,29,0.3399765533411489,0.36635404454865184,0.004689331770222743,0,0,0.35990621336459555,30,0,0.451348182883939,0.03634232121922626,0.004689331770222743,0,0.9953106682297772,0.0246189917936694,0.04337631887456037,0.07502930832356389,0.023446658851113716,Power-brugeren (Mest mobil),853,0.36635404454865184,0.004689331770222743,0.9953106682297772,0.3399765533411489,0.35990621336459555,0.5861664712778429,842
e915a228f8c7167c10d10e33535d860a,60,Mand,0,0,0,0,0,0,0,1,1,43,0-7 dage,Andet,Matrice,jp.dk,754,31,0.2546419098143236,0.21684350132625996,0.9920424403183024,0.001326259946949602,0,0,30,0,0.29442970822281167,0.32891246684350134,0.9920424403183024,0,0.007957559681697613,0.015915119363395226,0.023872679045092837,0.06631299734748011,0.04907161803713528,Power-brugeren (Mest mobil),754,0.21684350132625996,0.9920424403183024,0.007957559681697613,0.2546419098143236,0,0.47877984084880637,754
29570250930a4b6759f7de0a3ccbfa6a,60,Mand,1,0,0,0,0,0,1,0,0,75,6+ måneder,A,mail,mail,230,29,0.34347826086956523,0.42717391304347824,0,0,0,0,30,0,0.3,0.23043478260869565,0.9260869565217391,0,0,0,0.034782608695652174,0.06521739130434782,0.0391304347826087,Desktop-traditionalisten,230,0.42717391304347824,0,0.07391304347826087,0.34347826086956523,0,0.5217391304347826,229
17ce3e6c9944c046e8d5ebd1c1467144,60,Kvinde,1,15,3,12,3,4,1,0,0,64,6+ måneder,Andet,ppc,adwords,175,27,0.5142857142857142,0.5542857142857143,1,0,0,0,30,0,0.26285714285714284,0.09142857142857143,1,0,0,0,0.05714285714285714,0.09142857142857143,0.08,Veteranen (Høj historik),175,0.5542857142857143,1,0,0.5142857142857142,0,0.22285714285714286,175
c2e33d069a7f2e3c6240025cfefe99aa,60,Ikke oplyst,0,0,0,0,0,0,1,0,0,60,6+ måneder,A,content,jp.dk,14,4,0.42857142857142855,0.75,0.8571428571428571,0.2857142857142857,0,0,19,0,0.7142857142857143,0,0,0.8571428571428571,0.14285714285714285,0.07142857142857142,0.07142857142857142,0.14285714285714285,0.07142857142857142,Mobil-nykommeren,14,0.75,0.8571428571428571,0.14285714285714285,0.42857142857142855,0,0.5714285714285714,14
e9664780fe3b0e119802e4dd1a3f0274,60,Mand,0,1,1,0,0,0,1,0,0,57,6+ måneder,Andet,mail,mail,61,5,0.3770491803278688,0.3524590163934426,1,0,0,0,15,0,0.6721311475409836,0.01639344262295082,1,0,0,0.01639344262295082,0.01639344262295082,0.09836065573770492,0.09836065573770492,Mobil-nykommeren,61,0.3524590163934426,1,0,0.3770491803278688,0,0.6721311475409836,61
ba46f331222c7804d3007faf2be638c4,60,Kvinde,0,12,3,9,1,2,0,1,1,60,6+ måneder,B,mail,mail,110,26,0.4727272727272727,0.6431818181818182,1,0.37272727272727274,0,0.01818181818181818,30,0,0.14545454545454545,0.35454545454545455,0,1,0,0,0.03636363636363636,0.045454545454545456,0.02727272727272727,Veteranen (Høj historik),110,0.6431818181818182,1,0,0.4727272727272727,0.01818181818181818,0.43636363636363634,110
da9537185d65911a80acaf42a65a7e59,60,Mand,0,2,1,0,0,0,0,1,1,59,6+ måneder,B,content,jp.dk,943,31,0.2449628844114528,0.24734888653234358,0.9618239660657476,0,0,0,30,0,0.18345705196182396,0.23966065747614,0.9618239660657476,0,0.03817603393425239,0.0021208907741251328,0.03817603393425239,0.03711558854718982,0.010604453870625663,Power-brugeren (Mest mobil),943,0.24734888653234358,0.9618239660657476,0.03817603393425239,0.2449628844114528,0,0.48250265111346763,943
13c1486add2783141856bac81ff85cb4,60,Mand,1,6,3,0,0,0,1,0,0,52,6+ måneder,A,mail,mail,0,0,0,0,0,0,0,0,0,0,0,0,0,0,0,0,0,0,0,Spøgelses-brugeren (Lav aktivitet),0,0,0,0,0,0,0,0
79af80f603fb5958d9ec6f81ac3d7450,60,Mand,0,0,0,0,0,0,0,1,0,78,6+ måneder,A,content,jp.dk,0,0,0,0,0,0,0,0,0,0,0,0,0,0,0,0,0,0,0,Spøgelses-brugeren (Lav aktivitet),0,0,0,0,0,0,0,0
ff8d95402a130dc888f8158e5601101c,60,Mand,0,3,3,0,0,0,1,0,0,49,6+ måneder,Ukendt,Matrice,jp.dk,1269,31,0.26556343577620173,0.2718676122931442,0.48699763593380613,0,0,0.0015760441292356187,30,0,0.37115839243498816,0.2907801418439716,0.7675334909377463,0,0.23167848699763594,0.036249014972419225,0.02048857368006304,0.04334121355397951,0.02127659574468085,Power-brugeren (Mest mobil),1269,0.2718676122931442,0.48699763593380613,0.23246650906225375,0.26556343577620173,0.0015760441292356187,0.6020488573680063,1267
0f6de2e197e7f32606ce2b45b80ab39e,60,Kvinde,0,0,0,0,0,0,1,0,0,20,0-7 dage,A,content,jp.dk,6,2,0.3333333333333333,0.5833333333333334,0,0,0,0,3,0,0.8333333333333334,0,0,0,0,0,0,0,0,Desktop-traditionalisten,6,0.5833333333333334,0,1,0.3333333333333333,0,0.6666666666666666,6
d3b4f98b469e7b1bbf56522e703cc9b5,60,Mand,0,0,0,0,0,0,1,0,0,52,0-7 dage,A,content,jp.dk,77,11,0.22077922077922077,0.2564935064935065,1,0,0,0,11,0,0.24675324675324675,0.35064935064935066,1,0,0,0,0,0.012987012987012988,0.03896103896103896,Mobil-nykommeren,77,0.2564935064935065,1,0,0.22077922077922077,0,0.8571428571428571,77
2e608971ff7c2bb1638c925e543726a2,60,Mand,0,0,0,0,2,2,1,0,0,25,6+ måneder,B,mail,mail,308,30,0.2824675324675325,0.2702922077922078,0,0,0,0,30,0,0.3474025974025974,0.2792207792207792,0,0,1,0.012987012987012988,0.01948051948051948,0.09415584415584416,0.016233766233766232,Desktop-traditionalisten,308,0.2702922077922078,0,1,0.2824675324675325,0,0.4837662337662338,308
92cd67180417eb40d415c800fed452bf,60,Kvinde,0,4,3,3,1,1,0,1,1,81,6+ måneder,B,mail,mail,5,2,0.2,0.75,0,0,0,0,1,0,0.2,0,0,0,1,0,0,0,0,Desktop-traditionalisten,5,0.75,0,1,0.2,0,0.8,5
97beab50358c19e80a9d7854ec4d2d58,60,Mand,1,2,2,0,1,1,0,1,0,50,6+ måneder,B,content,jp.dk,284,28,0.3767605633802817,0.44014084507042256,0.3274647887323944,0,0,0.014084507042253521,30,0,0.21830985915492956,0.08098591549295775,0.3274647887323944,0,0.6725352112676056,0.02464788732394366,0.02112676056338028,0.09154929577464789,0.056338028169014086,Desktop-traditionalisten,284,0.44014084507042256,0.3274647887323944,0.6725352112676056,0.3767605633802817,0.014084507042253521,0.6373239436619719,284
45ba7b55f3a1abf8d17426adb5305cf1,60,Mand,0,2,1,1,0,0,0,1,0,50,6+ måneder,Ukendt,Weblayer,jp.dk,538,31,0.10408921933085502,0.12546468401486988,0.9460966542750929,0,0,0,30,0,0.17286245353159851,0.31784386617100374,0.9460966542750929,0,0,0.0018587360594795538,0.00929368029739777,0.01858736059479554,0.013011152416356878,Power-brugeren (Mest mobil),538,0.12546468401486988,0.9460966542750929,0.05390334572490706,0.10408921933085502,0,0.45353159851301117,538
23ab60f3d426ccd9fe945b7acfcbd9b8,60,Kvinde,0,0,0,0,0,0,1,0,0,55,0-7 dage,Andet,Matrice,jp.dk,14,7,0.2857142857142857,0.4642857142857143,0.5714285714285714,0,0,0,23,0,0.9285714285714286,0,0.5714285714285714,0,0.42857142857142855,0,0.14285714285714285,0,0.07142857142857142,Mobil-nykommeren,14,0.4642857142857143,0.5714285714285714,0.42857142857142855,0.2857142857142857,0,0.42857142857142855,14
8f024d44baff2d628ed87ca219f535df,60,Ikke oplyst,1,1,1,0,0,0,0,1,0,75,6+ måneder,A,content,jp.dk,464,25,0.32112068965517243,0.3011853448275862,1,0,0,0,29,0,0.5646551724137931,0.09051724137931035,0.0021551724137931034,0.9978448275862069,0,0,0.03017241379310345,0.07327586206896551,0.06465517241379311,Power-brugeren (Mest mobil),464,0.3011853448275862,1,0,0.32112068965517243,0,0.5495689655172413,462
a49247a5a877b7120e1fc45bab3435c2,60,Mand,0,1,1,0,0,0,1,0,0,43,6+ måneder,B,content,jp.dk,2,1,0.5,0.5,0,0,0,0,0,0,1,0,0,0,1,0,0,0,0,Desktop-traditionalisten,2,0.5,0,1,0.5,0,0.5,2
7fcfd5b9e8ade3613c73b0c8270fabb4,60,Mand,1,1,0,1,0,0,0,1,0,59,6+ måneder,B,mail,mail,301,28,0.23255813953488372,0.19352159468438537,0.9700996677740864,0,0,0.5016611295681063,30,0,0.2159468438538206,0.4019933554817276,0.9700996677740864,0,0.029900332225913623,0.029900332225913623,0.019933554817275746,0.036544850498338874,0.059800664451827246,Mobil-nykommeren,301,0.19352159468438537,0.9700996677740864,0.029900332225913623,0.23255813953488372,0.5016611295681063,0.4485049833887043,301
4780fa33d0848ce9eb4c2a04613232ae,60,Kvinde,0,1,1,0,0,0,1,0,0,52,6+ måneder,B,content,jp.dk,4,1,0.75,0.8125,1,0,0,0,0,0,0,1,0,1,0,0,0,0,0,Mobil-nykommeren,4,0.8125,1,0,0.75,0,0.5,4
5624fe0ba2ed62343dfa5dc651bcbb4a,60,Mand,0,2,1,0,0,0,0,1,0,61,6+ måneder,Andet,Matrice,jp.dk,409,30,0.19070904645476772,0.22432762836185818,0,0,0,0,30,0,0.30073349633251834,0.1980440097799511,0,0,1,0,0.014669926650366748,0.05378973105134474,0.02689486552567237,Desktop-traditionalisten,409,0.22432762836185818,0,1,0.19070904645476772,0,0.36674816625916873,409
5cb4f8c2df453d9310e8c8c833143e08,60,Mand,0,0,0,0,0,0,0,1,0,46,0-7 dage,A,content,jp.dk,468,31,0.2841880341880342,0.2670940170940171,1,0,0,0,30,0,0.21153846153846154,0.39316239316239315,0,1,0,0,0.05982905982905983,0.07478632478632478,0.014957264957264958,Power-brugeren (Mest mobil),468,0.2670940170940171,1,0,0.2841880341880342,0,0.5470085470085471,468
bdce72baf8cf46c35e50c27d2034f70f,60,Kvinde,0,1,1,0,0,0,0,1,0,66,6+ måneder,Andet,Matrice,jp.dk,277,31,0.22021660649819494,0.22472924187725632,0.20577617328519857,0,0,0,30,0,0.259927797833935,0.3249097472924188,0.20577617328519857,0,0,0.0036101083032490976,0.018050541516245487,0.02888086642599278,0.02888086642599278,Desktop-traditionalisten,277,0.22472924187725632,0.20577617328519857,0.7942238267148014,0.22021660649819494,0,0.3971119133574007,277
07020bd60c8550351dca52ee85797736,60,Mand,1,19,4,15,5,5,1,0,0,84,6+ måneder,Ukendt,adops,jp.dk,117,20,0.5042735042735043,0.7393162393162394,0,0,0,0,30,0,0.017094017094017096,0.1623931623931624,0,0,1,0,0.1111111111111111,0.1282051282051282,0.042735042735042736,Veteranen (Høj historik),117,0.7393162393162394,0,1,0.5042735042735043,0,0.452991452991453,117
85879b96cc5b5ffd524cd66d43d6133c,60,Mand,0,3,3,0,0,0,1,0,0,59,6+ måneder,A,content,jp.dk,89,11,0.30337078651685395,0.398876404494382,0,0,0,0.11235955056179775,29,0,0,0.6292134831460674,0,0,0,0,0.02247191011235955,0.06741573033707865,0.011235955056179775,Desktop-traditionalisten,89,0.398876404494382,0,1,0.30337078651685395,0.11235955056179775,0.8314606741573034,89
5adf38fc641a3afcbc69132ee9239cea,60,Mand,0,1,0,0,0,0,0,1,0,53,6+ måneder,A,content,jp.dk,180,30,0.19444444444444445,0.2388888888888889,0.5222222222222223,0,0,0,30,0,0.07777777777777778,0.49444444444444446,0.5222222222222223,0,0.2222222222222222,0.027777777777777776,0.011111111111111112,0.07222222222222222,0.03888888888888889,Mobil-nykommeren,180,0.2388888888888889,0.5222222222222223,0.4777777777777778,0.19444444444444445,0,0.4111111111111111,180
65f384db2f6edd9e5206321ecfbcee33,60,Mand,0,7,5,2,0,0,1,0,0,80,6+ måneder,Andet,mail,mail,827,30,0.22853688029020555,0.2617896009673519,0,0,0,0,30,0,0,0.35066505441354295,0,0,1,0.0024183796856106408,0.015719467956469165,0.041112454655380895,0.026602176541717048,Power-brugeren (Mest mobil),827,0.2617896009673519,0,1,0.22853688029020555,0,0.4026602176541717,826
12dc9427032920bd3b9add2d59f92105,60,Mand,0,26,11,13,7,6,1,0,0,60,6+ måneder,B,content,jp.dk,582,31,0.24570446735395188,0.27190721649484534,0.006872852233676976,0,0,0.013745704467353952,30,0,0.29381443298969073,0.24742268041237114,0.006872852233676976,0,0.40378006872852235,0.010309278350515464,0.015463917525773196,0.054982817869415807,0.030927835051546393,Veteranen (Høj historik),582,0.27190721649484534,0.006872852233676976,0.993127147766323,0.24570446735395188,0.013745704467353952,0.6529209621993127,582
45e9380ee07e4423f355d32a9949e482,60,Mand,0,7,3,3,0,0,0,1,0,49,6+ måneder,Andet,Matrice,jp.dk,288,29,0.2604166666666667,0.2717013888888889,0.08333333333333333,0.013888888888888888,0,0.006944444444444444,30,0,0.3715277777777778,0.21180555555555555,0.08333333333333333,0,0.4027777777777778,0.003472222222222222,0.006944444444444444,0.10416666666666667,0.024305555555555556,Desktop-traditionalisten,288,0.2717013888888889,0.08333333333333333,0.9166666666666666,0.2604166666666667,0.006944444444444444,0.4305555555555556,288
12ad63f0c977b9e6c6376ff2ea3be398,60,Kvinde,1,0,0,0,0,0,1,0,0,55,6+ måneder,Andet,Matrice,jp.dk,13,4,0.46153846153846156,0.6923076923076923,0.23076923076923078,0.3076923076923077,0,0,14,0,0,0.6153846153846154,0.23076923076923078,0,0,0,0.07692307692307693,0,0,Desktop-traditionalisten,13,0.6923076923076923,0.23076923076923078,0.7692307692307693,0.46153846153846156,0,0.46153846153846156,13
09d4166c98f75359232384abbb75ae75,60,Mand,0,6,6,2,0,0,1,0,0,65,6+ måneder,Andet,mail,mail,2,2,0.5,0.75,1,1,0,0,15,0,0,0.5,0,1,0,0,0,0,0,Mobil-nykommeren,2,0.75,1,0,0.5,0,0,2
745567abda127eceb684117d9622768a,60,Mand,1,0,0,0,0,0,0,1,0,61,0-7 dage,B,content,jp.dk,542,25,0.3247232472324723,0.26752767527675275,0.966789667896679,0,0,0,29,0,0.1937269372693727,0.23062730627306274,0.966789667896679,0,0,0.0018450184501845018,0.02952029520295203,0.08856088560885608,0.04981549815498155,Power-brugeren (Mest mobil),542,0.26752767527675275,0.966789667896679,0.033210332103321034,0.3247232472324723,0,0.6143911439114391,542
5e1dfaa0caef15d65ba3c4077ad5af88,60,Mand,1,4,2,3,0,0,0,1,0,76,6+ måneder,B,mail,mail,208,28,0.34134615384615385,0.484375,0.7355769230769231,0,0,0.057692307692307696,30,0,0.6442307692307693,0.1201923076923077,0.7355769230769231,0,0,0.004807692307692308,0.028846153846153848,0.08653846153846154,0.038461538461538464,Mobil-nykommeren,208,0.484375,0.7355769230769231,0.2644230769230769,0.34134615384615385,0.057692307692307696,0.6298076923076923,208
c9642c7e6b729027c298084251edfec2,60,Mand,1,0,0,0,1,1,1,0,0,38,6+ måneder,Andet,mail,mail,31,8,0.2903225806451613,0.3225806451612903,0.7419354838709677,0.1935483870967742,0,0,15,0,0,0.6129032258064516,0,0.7419354838709677,0.25806451612903225,0,0.03225806451612903,0,0.03225806451612903,Mobil-nykommeren,31,0.3225806451612903,0.7419354838709677,0.25806451612903225,0.2903225806451613,0,0.3870967741935484,31
636b7d1b6d112fae9a3d0ef792410d65,60,Mand,0,0,0,0,0,0,0,1,1,36,6+ måneder,A,content,jp.dk,2,1,0.5,0.5,0,0,0,0.5,0,0,0,0,0,0,0,0,0,0,0,Desktop-traditionalisten,2,0.5,0,1,0.5,0.5,0,2
813bfd2231636d143e977b3c92482297,36,Kvinde,1,7,0,4,0,0,1,0,0,75,6+ måneder,Ukendt,Weblayer,jp.dk,77,7,0.4025974025974026,0.36363636363636365,0,0,0,0.38961038961038963,29,0,0.9090909090909091,0,0,0,1,0,0.03896103896103896,0.025974025974025976,0.05194805194805195,Desktop-traditionalisten,77,0.36363636363636365,0,1,0.4025974025974026,0.38961038961038963,0.5974025974025974,75
717f81079f55e2cd5f9e7585f0cef79e,60,Kvinde,0,0,0,0,0,0,0,1,0,75,0-7 dage,A,content,jp.dk,4,1,0.75,0.5625,0,0,0,0,0,0,0,0,0,0,1,0,0,0,0,Desktop-traditionalisten,4,0.5625,0,1,0.75,0,0.25,4
148f206186a57489b85ac823dcf1a46c,60,Mand,1,3,2,1,0,0,0,1,1,45,6+ måneder,Andet,Matrice,jp.dk,80,20,0.35,0.4625,0.2875,0,0,0.025,28,0,0.125,0.6625,0.9875,0,0.0125,0,0,0.125,0.0125,Mobil-nykommeren,80,0.4625,0.2875,0.0125,0.35,0.025,0.7,80
d0a723ae18afcbcc10a871182eef6575,60,Mand,1,2,2,0,0,0,1,0,0,68,6+ måneder,B,mail,mail,0,0,0,0,0,0,0,0,0,0,0,0,0,0,0,0,0,0,0,Spøgelses-brugeren (Lav aktivitet),0,0,0,0,0,0,0,0
802f3225124e073c4b270f6e4fc65300,60,Mand,0,0,0,0,0,0,0,1,0,58,0-7 dage,A,content,jp.dk,436,30,0.3348623853211009,0.3411697247706422,1,0,0,0.009174311926605505,30,0,0.33256880733944955,0.27522935779816515,1,0,0,0.020642201834862386,0.009174311926605505,0.07110091743119266,0.05733944954128441,Power-brugeren (Mest mobil),436,0.3411697247706422,1,0,0.3348623853211009,0.009174311926605505,0.6123853211009175,436
ae1d3d9df70b5a5b933464df7ba958a2,60,Mand,0,0,0,0,0,0,0,1,1,40,0-7 dage,B,content,jp.dk,15,4,0.13333333333333333,0.26666666666666666,0.7333333333333333,0,0,0.13333333333333333,13,0,0,0.06666666666666667,0,0.7333333333333333,0.26666666666666666,0,0,0,0,Mobil-nykommeren,15,0.26666666666666666,0.7333333333333333,0.26666666666666666,0.13333333333333333,0.13333333333333333,0.6,15
6b127ea1d52e08eaeb4a25097d1c35b7,60,Mand,0,4,3,3,0,0,1,0,0,70,6+ måneder,Andet,Matrice,jp.dk,489,27,0.2474437627811861,0.2198364008179959,1,0,0,0.5623721881390593,29,0,0.2822085889570552,0.2822085889570552,0,1,0,0.00408997955010225,0.010224948875255624,0.05930470347648262,0.032719836400818,Power-brugeren (Mest mobil),489,0.2198364008179959,1,0,0.2474437627811861,0.5623721881390593,0.4335378323108384,486
43ba9a358443177344257f5384a36a98,60,Mand,0,9,3,8,9,5,1,0,0,78,6+ måneder,Andet,mail,mail,89,27,0.5617977528089888,0.6882022471910112,0.38202247191011235,0,0,0,30,0,0.033707865168539325,0.20224719101123595,0.38202247191011235,0,0.4157303370786517,0,0.056179775280898875,0.06741573033707865,0.033707865168539325,Veteranen (Høj historik),89,0.6882022471910112,0.38202247191011235,0.6179775280898876,0.5617977528089888,0,0.20224719101123595,89
fd7c61d9b6e9f8be434088054b064ea1,60,Mand,0,6,2,2,0,0,0,1,0,97,6+ måneder,A,mail,mail,141,26,0.2907801418439716,0.5124113475177305,0,0,0,0,30,0,0.5035460992907801,0.3262411347517731,0,0,0,0,0.02127659574468085,0.0851063829787234,0.014184397163120567,Desktop-traditionalisten,141,0.5124113475177305,0,1,0.2907801418439716,0,0.6028368794326241,141
669659f0772f96da0bac4f84b1ff696d,60,Mand,1,3,1,2,0,0,0,1,0,70,6+ måneder,A,mail,mail,141,19,0.2978723404255319,0.4627659574468085,0,0,0,0,30,0,0.07092198581560284,0.14184397163120568,0,0,1,0.02127659574468085,0.04964539007092199,0.04964539007092199,0.014184397163120567,Desktop-traditionalisten,141,0.4627659574468085,0,1,0.2978723404255319,0,0.5177304964539007,141
91f8807046303bf8b0ebf8712503812d,60,Mand,0,3,2,2,1,1,0,1,0,73,6+ måneder,B,mail,mail,34,16,0.5588235294117647,0.5808823529411765,0.6470588235294118,0,0,0,29,0,0.14705882352941177,0.20588235294117646,0,0.6470588235294118,0.35294117647058826,0.058823529411764705,0.029411764705882353,0.20588235294117646,0,Mobil-nykommeren,34,0.5808823529411765,0.6470588235294118,0.35294117647058826,0.5588235294117647,0,0.20588235294117646,34
82c381bcb5da7b266e8457450d4d9d5a,60,Kvinde,0,0,0,0,0,0,1,0,0,70,0-7 dage,A,content,jp.dk,493,31,0.33468559837728196,0.3640973630831643,0,0,0,0,30,0,0.39553752535496955,0.2129817444219067,0.002028397565922921,0,0,0,0.032454361054766734,0.028397565922920892,0.034482758620689655,Desktop-traditionalisten,493,0.3640973630831643,0,0.9979716024340771,0.33468559837728196,0,0.5598377281947262,492
a5c0e0274f29cd61224a91e4a8a28cfb,60,Mand,0,6,3,2,0,0,1,0,0,46,6+ måneder,A,content,jp.dk,464,31,0.21767241379310345,0.20043103448275862,1,0,0,0.008620689655172414,30,0,0.14655172413793102,0.3771551724137931,1,0,0,0.0021551724137931034,0.017241379310344827,0.040948275862068964,0.040948275862068964,Power-brugeren (Mest mobil),464,0.20043103448275862,1,0,0.21767241379310345,0.008620689655172414,0.38362068965517243,464
25b091685441c9c3bdbe9e1bf30cd66a,60,Mand,0,0,0,0,0,0,0,1,0,90,0-7 dage,A,content,jp.dk,4,2,0.25,0.3125,0,0,0,0.5,1,0,0.75,0,0,0,0,0,0,0,0,Desktop-traditionalisten,4,0.3125,0,1,0.25,0.5,0.25,4
1c19b47d6d52112543b30ae5cb9e6153,60,Kvinde,0,0,0,0,0,0,1,0,0,32,0-7 dage,Andet,Matrice,jp.dk,19,3,0.42105263157894735,0.2894736842105263,1,0,0,0.10526315789473684,9,0,0,0.2631578947368421,1,0,0,0,0.15789473684210525,0,0.3157894736842105,Mobil-nykommeren,19,0.2894736842105263,1,0,0.42105263157894735,0.10526315789473684,0.47368421052631576,19
8e3f83df238b7c83c8cfa217c33b9e95,60,Mand,0,0,0,0,0,0,1,0,0,68,0-7 dage,A,content,jp.dk,326,28,0.19325153374233128,0.20398773006134968,0.5061349693251533,0,0,0,30,0,0.30368098159509205,0.03680981595092025,0.5061349693251533,0,0,0.009202453987730062,0.015337423312883436,0.049079754601226995,0.012269938650306749,Mobil-nykommeren,326,0.20398773006134968,0.5061349693251533,0.4938650306748466,0.19325153374233128,0,0.3374233128834356,326
47fe9178a7b10ed88cb364259c7eea75,60,Kvinde,0,0,0,0,0,0,0,1,1,63,6+ måneder,A,content,jp.dk,7,3,0.5714285714285714,0.8571428571428571,0,0,0,0.2857142857142857,12,0,0,0,0,0,1,0,0,0,0,Desktop-traditionalisten,7,0.8571428571428571,0,1,0.5714285714285714,0.2857142857142857,0.42857142857142855,7
743a9d6d44dfa092081f615773fdfd6b,60,Mand,0,4,4,0,0,0,1,0,0,63,6+ måneder,Andet,Matrice,jp.dk,714,31,0.2689075630252101,0.3084733893557423,0.04201680672268908,0,0,0,30,0,0.15266106442577032,0.2338935574229692,0.04201680672268908,0,0.0392156862745098,0.0028011204481792717,0.028011204481792718,0.04481792717086835,0.07282913165266107,Power-brugeren (Mest mobil),714,0.3084733893557423,0.04201680672268908,0.957983193277311,0.2689075630252101,0,0.5070028011204482,714
7b74009236e8b58936ab88e293fa7c7d,60,Kvinde,0,4,4,1,0,0,0,1,0,70,6+ måneder,Ukendt,topticker,jp.dk,451,29,0.2860310421286031,0.24722838137472283,0.9955654101995566,0,0,0,30,0,0.04212860310421286,0.29933481152993346,0.9955654101995566,0,0.004434589800443459,0,0.028824833702882482,0.06430155210643015,0.04212860310421286,Power-brugeren (Mest mobil),451,0.24722838137472283,0.9955654101995566,0.004434589800443459,0.2860310421286031,0,0.48337028824833705,449
a512d5a0ca762d99340e57b85e78705e,60,Mand,1,6,4,2,11,10,1,0,0,70,6+ måneder,Andet,mail,mail,54,16,0.5,0.75,0,0,0,0,30,0,0.037037037037037035,0.6111111111111112,0,0,1,0.16666666666666666,0.05555555555555555,0.018518518518518517,0.14814814814814814,Veteranen (Høj historik),54,0.75,0,1,0.5,0,0.4074074074074074,54
11358b0c3d185f3ea7fdae8c43348eff,60,Mand,0,11,8,3,0,0,0,1,1,72,6+ måneder,B,content,jp.dk,663,31,0.26244343891402716,0.28092006033182504,0.39819004524886875,0,0,0.530920060331825,30,0,0.17647058823529413,0.3167420814479638,0.4117647058823529,0,0.5882352941176471,0.004524886877828055,0.010558069381598794,0.04524886877828054,0.004524886877828055,Power-brugeren (Mest mobil),663,0.28092006033182504,0.39819004524886875,0.5882352941176471,0.26244343891402716,0.530920060331825,0.46304675716440424,663
60a0d1887cd106e7464a10a381ec3253,60,Kvinde,0,0,0,0,0,0,1,0,0,74,0-7 dage,Andet,Matrice,jp.dk,447,31,0.2371364653243848,0.30257270693512306,0.0022371364653243847,0,0,0,30,0,0.15212527964205816,0.3243847874720358,0.020134228187919462,0,0,0.015659955257270694,0.024608501118568233,0.035794183445190156,0.042505592841163314,Desktop-traditionalisten,447,0.30257270693512306,0.0022371364653243847,0.9798657718120806,0.2371364653243848,0,0.40492170022371365,447
00bdb5b652070c2b33e241a5998600e3,60,Mand,0,4,3,0,0,0,1,0,0,34,6+ måneder,Andet,Matrice,jp.dk,253,28,0.233201581027668,0.24802371541501977,0.43873517786561267,0,0,0.4901185770750988,30,0,0.308300395256917,0.2608695652173913,0.43873517786561267,0,0.5612648221343873,0.003952569169960474,0.003952569169960474,0.019762845849802372,0.015810276679841896,Desktop-traditionalisten,253,0.24802371541501977,0.43873517786561267,0.5612648221343873,0.233201581027668,0.4901185770750988,0.47035573122529645,253
9dab05fdf67b0b139c8520a54e9b97ce,60,Kvinde,0,1,0,1,0,0,1,0,0,93,6+ måneder,Andet,fb_matrice,some,54,17,0.25925925925925924,0.35648148148148145,0.5740740740740741,0,0,0,30,0,0.3888888888888889,0.3888888888888889,0.5740740740740741,0,0,0,0.037037037037037035,0.037037037037037035,0,Mobil-nykommeren,54,0.35648148148148145,0.5740740740740741,0.42592592592592593,0.25925925925925924,0,0.46296296296296297,54
d2bedcbfe15ea77c13a13272be47abcc,60,Mand,0,0,0,0,0,0,0,1,0,61,6+ måneder,Andet,Matrice,jp.dk,18,2,0.3333333333333333,0.2916666666666667,0,0,0,0.05555555555555555,6,0,0,0,0,0,0.1111111111111111,0,0,0.05555555555555555,0.16666666666666666,Desktop-traditionalisten,18,0.2916666666666667,0,1,0.3333333333333333,0.05555555555555555,0.6111111111111112,18
b9f915d50fe9b6b1b1ce989548f4c2a4,60,Mand,1,2,1,0,0,0,0,1,0,81,6+ måneder,A,content,jp.dk,622,31,0.32315112540192925,0.3967041800643087,0.6028938906752411,0,0,0.001607717041800643,30,0,0.1639871382636656,0.1527331189710611,0.6028938906752411,0,0,0.001607717041800643,0.02572347266881029,0.06913183279742766,0.06752411575562701,Power-brugeren (Mest mobil),622,0.3967041800643087,0.6028938906752411,0.3971061093247588,0.32315112540192925,0.001607717041800643,0.6446945337620579,622
7f13e8b114b2144fd2f134b9f850737c,60,Mand,0,14,9,1,0,0,0,1,1,69,6+ måneder,Ukendt,Matrice,jp.dk,0,0,0,0,0,0,0,0,0,0,0,0,0,0,0,0,0,0,0,Spøgelses-brugeren (Lav aktivitet),0,0,0,0,0,0,0,0
c09678054489731969a35eefa7ab61a3,60,Mand,1,0,0,0,0,0,1,0,0,47,6+ måneder,A,mail,mail,35,4,0.2,0.15714285714285714,1,0,0,0,3,0,0.11428571428571428,0.08571428571428572,1,0,0,0.08571428571428572,0,0.02857142857142857,0,Mobil-nykommeren,35,0.15714285714285714,1,0,0.2,0,0.7428571428571429,35
1b4b0d2897d5b4c6d4496d8c9e44c15b,60,Mand,1,22,4,20,3,3,0,1,1,75,6+ måneder,Andet,mail,mail,114,23,0.30701754385964913,0.4451754385964912,0.043859649122807015,0,0,0,30,0,0.3333333333333333,0.21929824561403508,0.47368421052631576,0,0,0.008771929824561403,0,0.12280701754385964,0.05263157894736842,Veteranen (Høj historik),114,0.4451754385964912,0.043859649122807015,0.5263157894736842,0.30701754385964913,0,0.5526315789473685,114
0117ef4e2fc98208852da4c90c5bd4f0,60,Mand,0,9,6,4,5,4,0,1,0,58,6+ måneder,B,mail,mail,201,24,0.3582089552238806,0.47761194029850745,0.26865671641791045,0,0,0,29,0,0.1691542288557214,0.19900497512437812,0.26865671641791045,0,0,0,0.009950248756218905,0.04477611940298507,0.024875621890547265,Veteranen (Høj historik),201,0.47761194029850745,0.26865671641791045,0.7313432835820896,0.3582089552238806,0,0.5074626865671642,201
c41d91fd81be3a4323a066782b30ff44,60,Mand,0,4,3,0,0,0,1,0,0,76,6+ måneder,Andet,mail,mail,83,12,0.27710843373493976,0.21084337349397592,0,0,0,0,17,0,0.6144578313253012,0,0,0,1,0,0.012048192771084338,0.1686746987951807,0.012048192771084338,Desktop-traditionalisten,83,0.21084337349397592,0,1,0.27710843373493976,0,0.54216867469879515,83
fe3c45af45c15c51b4552c23672cf422,60,Mand,0,2,2,0,2,2,0,1,1,58,6+ måneder,A,content,jp.dk,160,23,0.30625,0.309375,0.76875,0,0,0,30,0,0.2375,0.075,0,0.76875,0.23125,0.00625,0.0375,0.05625,0.0625,Mobil-nykommeren,160,0.309375,0.76875,0.23125,0.30625,0,0.60625,160
a2dd7c714c31465cdaf26be48eae1587,44,Mand,1,2,1,0,0,0,1,0,0,83,6+ måneder,Andet,mail,mail,11,3,0.6363636363636364,0.6136363636363636,0.7272727272727273,0,0,0,20,0,0,0,0.7272727272727273,0,0,0,0,0.18181818181818182,0.09090909090909091,Mobil-nykommeren,11,0.6136363636363636,0.7272727272727273,0.2727272727272727,0.6363636363636364,0,0.6363636363636364,11
3dba42c61edb0c46dacc14e879b2cdae,60,Kvinde,0,0,0,0,0,0,0,1,0,58,6+ måneder,A,content,jp.dk,17,2,0.4117647058823529,0.39705882352941174,1,0,0,0,23,0,1,0,1,0,0,0,0,0.23529411764705882,0.058823529411764705,Mobil-nykommeren,17,0.39705882352941174,1,0,0.4117647058823529,0,0.7647058823529411,17
458f7ba852df3db8bf4c69905eeaa68b,60,Mand,0,0,0,0,0,0,0,1,0,51,0-7 dage,B,content,jp.dk,4,1,0.25,0.75,1,0,0,0,0,0,1,0,1,0,0,0,0.5,0.25,0,Mobil-nykommeren,4,0.75,1,0,0.25,0,0.75,4
e325d7311c22dbdc14be5e551758ef38,60,Mand,1,0,0,0,0,0,1,0,0,56,0-7 dage,Andet,Matrice,jp.dk,2,2,0.5,0,0.5,0,0,0,13,0,0.5,0,0.5,0,0.5,0,0,0,0,Spøgelses-brugeren (Lav aktivitet),2,0,0.5,0.5,0.5,0,0,2
13158da72ff4bb01d6a27d7c284cde2b,60,Mand,0,0,0,0,0,0,0,1,0,72,1-6 måneder,B,content,jp.dk,3,1,0.6666666666666666,0.6666666666666666,0,0,0,0,0,0,1,0,0,0,1,0,0,0,0,Desktop-traditionalisten,3,0.6666666666666666,0,1,0.6666666666666666,0,0.3333333333333333,3
5c9960179eb77654c0eb0c510067473f,60,Mand,0,1,1,0,0,0,0,1,0,62,6+ måneder,Andet,Matrice,jp.dk,399,29,0.24561403508771928,0.20300751879699247,0.5388471177944862,0,0,0,30,0,0.3558897243107769,0.2581453634085213,0.5388471177944862,0,0.24310776942355888,0.020050125313283207,0.017543859649122806,0.045112781954887216,0.03759398496240601,Power-brugeren (Mest mobil),399,0.20300751879699247,0.5388471177944862,0.46115288220551376,0.24561403508771928,0,0.9824561403508771,399
fcfd45344b1647471f5ec6194c220c3e,60,Mand,0,2,1,1,0,0,0,1,1,72,6+ måneder,A,content,jp.dk,431,21,0.2737819025522042,0.2273781902552204,1,0,0,0.5127610208816705,30,0,0.1716937354988399,0.002320185614849188,0,1,0,0.002320185614849188,0.030162412993039442,0.048723897911832945,0.05336426914153132,Power-brugeren (Mest mobil),431,0.2273781902552204,1,0,0.2737819025522042,0.5127610208816705,0.48259860788863107,431
4d8c4f5a4d1d1e646380f9c35c4dcb51,60,Mand,0,14,5,9,0,0,1,0,0,66,6+ måneder,Andet,mail,mail,216,16,0.32407407407407407,0.2650462962962963,0,0,0,0.4675925925925926,26,0,0.6666666666666666,0,0,0,1,0.009259259259259259,0.023148148148148147,0.08796296296296297,0.018518518518518517,Veteranen (Høj historik),216,0.2650462962962963,0,1,0.32407407407407407,0.4675925925925926,0.5324074074074074,216
daa026f87a34f553164a8b7d87d095e9,60,Mand,0,7,2,6,0,0,0,1,1,76,6+ måneder,Andet,mail,mail,109,24,0.22018348623853212,0.13761467889908258,0,0,0,0.5596330275229358,30,0,0.908256880733945,0,0,0,1,0,0.009174311926605505,0.05504587155963303,0.009174311926605505,Desktop-traditionalisten,109,0.13761467889908258,0,1,0.22018348623853212,0.5596330275229358,0.3486238532110092,109
99b2dd2edb8fef8172f3d5b9f376f219,60,Kvinde,1,11,6,3,1,1,1,0,0,76,6+ måneder,Andet,mail,mail,784,31,0.19005102040816327,0.15465561224489796,1,0,0,0.3125,30,0,0.35331632653061223,0.1989795918367347,1,0,0,0.0012755102040816326,0.03571428571428571,0.008928571428571428,0.01913265306122449,Power-brugeren (Mest mobil),784,0.15465561224489796,1,0,0.19005102040816327,0.3125,0.37755102040816324,784
d94684e197cea38e5f304b72de68aea7,60,Kvinde,0,0,0,0,0,0,0,1,1,66,1-6 måneder,A,content,jp.dk,87,11,0.3448275862068966,0.40804597701149425,0,0.011494252873563218,0,0.19540229885057472,30,0,0,0.09195402298850575,0,0,1,0,0.011494252873563218,0.10344827586206896,0.05747126436781609,Desktop-traditionalisten,87,0.40804597701149425,0,1,0.3448275862068966,0.19540229885057472,0.6551724137931034,84
133510099c29b2622548e08d2692a728,60,Kvinde,0,0,0,0,0,0,0,1,0,95,0-7 dage,Andet,fb_matrice,some,194,29,0.28865979381443296,0.2036082474226804,0.010309278350515464,0.04639175257731959,0,0,29,0,0.12886597938144329,0.005154639175257732,0.010309278350515464,0,0.9896907216494846,0.005154639175257732,0.041237113402061855,0.02577319587628866,0.041237113402061855,Desktop-traditionalisten,194,0.2036082474226804,0.010309278350515464,0.9896907216494846,0.28865979381443296,0,0.4690721649484536,193
4c617fb65472db63d8a3c1e1a1bda25c,60,Kvinde,0,1,1,0,0,0,0,1,1,48,6+ måneder,A,content,jp.dk,4,1,0.75,0.4375,1,0.25,0,0,0,0,0.75,0,1,0,0,0,0,0,0.5,Mobil-nykommeren,4,0.4375,1,0,0.75,0,0.5,4
d37cd1babcd1ecb66465edf82425aa0d,60,Mand,0,1,1,0,0,0,0,1,1,47,1-6 måneder,A,content,jp.dk,154,17,0.33116883116883117,0.41883116883116883,0.8896103896103896,0.006493506493506494,0,0.006493506493506494,30,0,0.09740259740259741,0.512987012987013,0,0.8896103896103896,0.11038961038961038,0.006493506493506494,0.025974025974025976,0.07142857142857142,0.032467532467532464,Mobil-nykommeren,154,0.41883116883116883,0.8896103896103896,0.11038961038961038,0.33116883116883117,0.006493506493506494,0.5909090909090909,154
31312cce5cd757416a102a8df3bb54e9,60,Kvinde,0,0,0,0,0,0,1,0,0,48,6+ måneder,A,content,jp.dk,6,2,0.3333333333333333,0.3333333333333333,1,0,0,0.16666666666666666,1,0,0.16666666666666666,0,1,0,0,0,0,0,0.6666666666666666,Mobil-nykommeren,6,0.3333333333333333,1,0,0.3333333333333333,0.16666666666666666,0.6666666666666666,6
3ea2aa0aabcff460c0b99278add14b33,60,Mand,0,16,7,10,7,7,0,1,1,65,6+ måneder,B,content,jp.dk,389,24,0.38303341902313626,0.35025706940874035,0.480719794344473,0,0,0,29,0,0.3264781491002571,0.14910025706940874,0.4832904884318766,0,0,0.028277634961439587,0.033419023136246784,0.07197943444730077,0.015424164524421594,Veteranen (Høj historik),389,0.35025706940874035,0.480719794344473,0.5167095115681234,0.38303341902313626,0,0.6709511568123393,389
6323ed1aa67dc767d55d97846a20a59c,60,Mand,1,0,0,0,0,0,0,1,0,72,0-7 dage,A,content,jp.dk,395,31,0.41012658227848103,0.49873417721518987,0,0,0,0.21012658227848102,30,0,0.5012658227848101,0.2379746835443038,0,0,0.02278481012658228,0.053164556962025315,0.04556962025316456,0.0810126582278481,0.0379746835443038,Desktop-traditionalisten,395,0.49873417721518987,0,1,0.41012658227848103,0.21012658227848102,0.7721518987341772,395
de045497eb92dad6c43b7b86a32d4e45,60,Mand,0,1,0,1,0,0,0,1,1,47,6+ måneder,A,content,jp.dk,12,1,0.5,0.8541666666666666,0.8333333333333334,0,0,0.08333333333333333,0,0,0,0,0.8333333333333334,0,0.16666666666666666,0,0,0,0,Mobil-nykommeren,12,0.8541666666666666,0.8333333333333334,0.16666666666666666,0.5,0.08333333333333333,0.08333333333333333,12
17bc7bd25d2d7e1f1045dd9ea9c9ebba,60,Mand,0,0,0,0,0,0,0,1,0,49,0-7 dage,A,content,jp.dk,456,30,0.3574561403508772,0.34375,0.6710526315789473,0.0043859649122807015,0,0.0043859649122807015,30,0,0.19517543859649122,0.3508771929824561,0.6710526315789473,0,0.32894736842105265,0,0.02850877192982456,0.06359649122807018,0.04824561403508772,Power-brugeren (Mest mobil),456,0.34375,0.6710526315789473,0.32894736842105265,0.3574561403508772,0.0043859649122807015,0.6842105263157895,456
dcba10179c7398d65b5bfd8ee4889d8d,60,Mand,0,3,2,1,0,0,1,0,0,49,6+ måneder,A,content,jp.dk,213,29,0.29107981220657275,0.3333333333333333,0.892018779342723,0,0,0.009389671361502348,29,0,0.20657276995305165,0.24413145539906103,0,0.892018779342723,0.107981220657277,0.004694835680751174,0.03755868544600939,0.0892018779342723,0.04225352112676056,Mobil-nykommeren,213,0.3333333333333333,0.892018779342723,0.107981220657277,0.29107981220657275,0.009389671361502348,0.5586854460093896,213
43dff6a4be89d5565f9054a4448a135d,60,Kvinde,0,0,0,0,0,0,0,1,0,74,0-7 dage,B,content,jp.dk,19,1,0.3157894736842105,0.32894736842105265,0,0,0,0,0,0,0,0,0,0,0,0,0,0.10526315789473684,0,Desktop-traditionalisten,19,0.32894736842105265,0,1,0.3157894736842105,0,0.9473684210526315,19
bcbf7934cced8e50038e0c1b60ae2a63,60,Mand,0,0,0,0,0,0,0,1,0,68,0-7 dage,Andet,fb_matrice,some,7,3,0.2857142857142857,0.14285714285714285,0,0,0,0,5,0,0.5714285714285714,0.14285714285714285,1,0,0,0,0,0,0,Spøgelses-brugeren (Lav aktivitet),7,0.14285714285714285,0,0,0.2857142857142857,0,0.2857142857142857,7
64f71bebfa046a629b48594e23e6df3a,60,Kvinde,0,0,0,0,0,0,0,1,0,66,0-7 dage,B,content,jp.dk,63,9,0.31746031746031744,0.36904761904761907,0.1746031746031746,0,0,0.14285714285714285,29,0,0.2222222222222222,0.2698412698412698,0,0.1746031746031746,0.8253968253968254,0,0.015873015873015872,0.06349206349206349,0.015873015873015872,Desktop-traditionalisten,63,0.36904761904761907,0.1746031746031746,0.8253968253968254,0.31746031746031744,0.14285714285714285,0.5555555555555556,63
4186814b6bc1988f1aac92ccd15aec40,60,Kvinde,0,1,1,0,0,0,0,1,1,59,6+ måneder,Andet,mail,mail,4,2,0.75,0.3125,1,0,0,0,2,0,0,0,1,0,0,0,0,0.5,0,Mobil-nykommeren,4,0.3125,1,0,0.75,0,0.75,4
203fd81682e38a68c4f3fe5cec48bd4a,60,Kvinde,0,1,1,0,0,0,0,1,0,48,6+ måneder,A,content,jp.dk,9,2,0.4444444444444444,0.3888888888888889,0,0,0,0.2222222222222222,1,0,0.3333333333333333,0,0,0,1,0,0.4444444444444444,0,0,Desktop-traditionalisten,9,0.3888888888888889,0,1,0.4444444444444444,0.2222222222222222,0.4444444444444444,9
03cc98678dea5e372b9e5e4e700e0c65,60,Kvinde,0,0,0,0,0,0,0,1,0,45,6+ måneder,A,content,jp.dk,12,3,0.16666666666666666,0.3541666666666667,0.25,0.16666666666666666,0,0,24,0,0.25,0,0.25,0,0.75,0,0.08333333333333333,0,0.16666666666666666,Desktop-traditionalisten,12,0.3541666666666667,0.25,0.75,0.16666666666666666,0,0.5833333333333334,12
cb06350478e8e8b0fda136751593b4ea,60,Mand,0,1,0,1,0,0,0,1,0,60,6+ måneder,A,mail,mail,166,29,0.2469879518072289,0.3569277108433735,0,0,0,0.3674698795180723,30,0,0,0.5662650602409639,0,0,0,0,0.018072289156626505,0.024096385542168676,0.012048192771084338,Desktop-traditionalisten,166,0.3569277108433735,0,1,0.2469879518072289,0.3674698795180723,0.4578313253012048,166
c2015d711c84f908106bc0207442f3bd,60,Mand,0,0,0,0,0,0,0,1,0,77,0-7 dage,Ukendt,topticker,jp.dk,216,16,0.26851851851851855,0.29398148148148145,0,0,0,0.004629629629629629,30,0,0.28703703703703703,0.2037037037037037,0,0,0,0,0.032407407407407406,0.10648148148148148,0.032407407407407406,Desktop-traditionalisten,216,0.29398148148148145,0,1,0.26851851851851855,0.004629629629629629,0.9629629629629629,216
f1f13e18b2af733b92da4c5bca2a9ffe,60,Mand,0,6,1,4,1,1,1,0,0,48,6+ måneder,B,mail,mail,174,26,0.2988505747126437,0.2025862068965517,0,0,0,0,30,0,0.3103448275862069,0.16091954022988506,0,0,0.5574712643678161,0.005747126436781609,0.040229885057471264,0.034482758620689655,0.07471264367816093,Desktop-traditionalisten,174,0.2025862068965517,0,1,0.2988505747126437,0,0.6609195402298851,174
2a317adc7a549e70e196a6f3b0b8229a,60,Mand,0,2,0,2,0,0,0,1,0,71,6+ måneder,Ukendt,Ukendt,Ukendt,93,11,0.27956989247311825,0.4112903225806452,0,0,0,0,20,0,0.8494623655913979,0,0,0,1,0,0.021505376344086023,0.043010752688172046,0.010752688172043012,Desktop-traditionalisten,93,0.4112903225806452,0,1,0.27956989247311825,0,0.43010752688172044,93
fcff08f9900492e80d3bc88cd2816a0b,60,Kvinde,0,0,0,0,1,1,0,1,1,65,6+ måneder,A,content,jp.dk,19,7,0.631578947368421,0.5131578947368421,1,0,0,0,18,0,0.631578947368421,0.2631578947368421,0,1,0,0,0,0.05263157894736842,0,Mobil-nykommeren,19,0.5131578947368421,1,0,0.631578947368421,0,0.47368421052631576,19
de0e0931dcdd0be80e52b85aaa0efab5,60,Mand,1,5,3,2,2,3,0,1,0,64,6+ måneder,B,mail,mail,47,19,0.3404255319148936,0.35638297872340424,1,0,0,0,30,0,0,0.14893617021276595,1,0,0,0,0,0.3829787234042553,0,Mobil-nykommeren,47,0.35638297872340424,1,0,0.3404255319148936,0,0.2553191489361702,47
5bb60c4f60c5b51288e0567148d6d000,60,Mand,1,0,0,0,1,1,0,1,0,54,6+ måneder,Andet,Matrice,jp.dk,437,30,0.30663615560640733,0.38215102974828374,0.8146453089244852,0,0,0,30,0,0.2929061784897025,0.2288329519450801,0.8146453089244852,0,0.1853546910755149,0.02745995423340961,0.011441647597254004,0.05263157894736842,0.02517162471395881,Power-brugeren (Mest mobil),437,0.38215102974828374,0.8146453089244852,0.1853546910755149,0.30663615560640733,0,0.562929061784897,437
4e834057d5879fe473e6575f05c7bec2,60,Mand,0,1,1,0,0,0,1,0,0,70,6+ måneder,Andet,mail,mail,523,31,0.1835564053537285,0.17590822179732313,0,0,0,0.0019120458891013384,30,0,0.21606118546845124,0.30975143403441685,0,0,0.0057361376673040155,0.0057361376673040155,0.021032504780114723,0.036328871892925434,0.015296367112810707,Desktop-traditionalisten,523,0.17590822179732313,0,1,0.1835564053537285,0.0019120458891013384,0.3824091778202677,523
7dd7d15cf5f9a5190e6a640fa670fef7,60,Mand,0,4,1,2,0,0,0,1,0,53,6+ måneder,Andet,Matrice,jp.dk,116,22,0.28448275862068967,0.34698275862068967,0,0,0,0,30,0,0.1724137931034483,0.33620689655172414,0,0,0.43103448275862066,0,0.02586206896551724,0.034482758620689655,0.04310344827586207,Desktop-traditionalisten,116,0.34698275862068967,0,1,0.28448275862068967,0,0.49137931034482757,115
148f59f26319a0da968ce134584c8a6f,60,Kvinde,1,1,1,0,0,0,1,0,0,52,6+ måneder,B,content,jp.dk,675,31,0.2696296296296296,0.3362962962962963,0,0.0014814814814814814,0,0,30,0,0.29185185185185186,0.3762962962962963,0,0,0,0.0014814814814814814,0.04,0.04888888888888889,0.025185185185185185,Power-brugeren (Mest mobil),675,0.3362962962962963,0,1,0.2696296296296296,0,0.6903703703703704,675
a57f8cf69d62981546eab4ad5d846f52,60,Mand,0,10,6,4,4,5,0,1,0,65,6+ måneder,B,mail,mail,124,23,0.3629032258064516,0.45161290322580644,0.9274193548387096,0,0.22580645161290322,0,29,0,0.24193548387096775,0.25806451612903225,0,0.9274193548387096,0.07258064516129033,0.016129032258064516,0.024193548387096774,0.10483870967741936,0.06451612903225806,Veteranen (Høj historik),124,0.45161290322580644,0.9274193548387096,0.07258064516129033,0.3629032258064516,0,0.3951612903225806,124
b6f3a3976e7ea243c1b5922b001f9efa,60,Mand,1,1,0,0,0,0,0,1,1,75,6+ måneder,Andet,mail,mail,8,3,0.25,0.5,0,0,0,0.125,16,0,0,0.125,0,0,1,0,0,0.375,0,Desktop-traditionalisten,8,0.5,0,1,0.25,0.125,0.625,8
fb399d68e1c8af128a388d804d698c5a,60,Mand,0,4,4,0,0,0,0,1,0,57,6+ måneder,Andet,Matrice,jp.dk,521,31,0.2783109404990403,0.2826295585412668,0.8541266794625719,0,0,0,30,0,0.23032629558541268,0.2034548944337812,0.9712092130518234,0,0.028790786948176585,0.005758157389635317,0.028790786948176585,0.04222648752399232,0.08637236084452975,Power-brugeren (Mest mobil),521,0.2826295585412668,0.8541266794625719,0.028790786948176585,0.2783109404990403,0,0.4894433781190019,521
7775de537c04fc9861dc2968f2755917,60,Kvinde,0,0,0,0,0,0,0,1,1,40,0-7 dage,A,content,jp.dk,14,2,0.2857142857142857,0.75,0,0,0,0,8,0,0,0.9285714285714286,0,0,0,0,0,0.7857142857142857,0,Desktop-traditionalisten,14,0.75,0,1,0.2857142857142857,0,0.8571428571428571,14
bbeffb2333cdd4b8b6e1e0224f1e1cdf,60,Kvinde,0,1,0,1,3,3,0,1,1,85,6+ måneder,A,content,jp.dk,0,0,0,0,0,0,0,0,0,0,0,0,0,0,0,0,0,0,0,Spøgelses-brugeren (Lav aktivitet),0,0,0,0,0,0,0,0
c0aa8822b42eb6779e985aad39decc9f,60,Mand,1,0,0,0,0,0,1,0,0,64,6+ måneder,A,content,jp.dk,13,1,0.3076923076923077,0.40384615384615385,1,0,0,0,0,0,0,0,0,1,0,0,0.07692307692307693,0,0,Mobil-nykommeren,13,0.40384615384615385,1,0,0.3076923076923077,0,0.6923076923076923,13
dfbfebca04d0444f52ab783f051fcca9,60,Kvinde,0,0,0,0,0,0,0,1,1,21,6+ måneder,Andet,Matrice,jp.dk,16,4,0.3125,0.390625,0,0,0,0.125,11,0,0,0,0,0,0,0,0.0625,0,0,Desktop-traditionalisten,16,0.390625,0,1,0.3125,0.125,0.6875,16
fa5774c02510a61b6b305ffb50b98b01,60,Mand,0,2,2,0,0,0,0,1,0,64,6+ måneder,Andet,mail,mail,212,27,0.2783018867924528,0.3384433962264151,0.6981132075471698,0,0,0.04245283018867924,29,0,0.3018867924528302,0.4858490566037736,0,0.6981132075471698,0.2028301886792453,0.0047169811320754715,0.02358490566037736,0.04716981132075472,0.04716981132075472,Mobil-nykommeren,212,0.3384433962264151,0.6981132075471698,0.3018867924528302,0.2783018867924528,0.04245283018867924,0.5424528301886793,212
f31db9e7a7c8ce01c0bb89b326001d42,60,Mand,1,8,1,5,5,5,0,1,0,81,6+ måneder,Andet,mail,mail,429,31,0.38461538461538464,0.6165501165501166,0,0,0,0,30,0,0.24708624708624707,0.15384615384615385,0,0,1,0.011655011655011656,0.018648018648018648,0.06993006993006994,0.018648018648018648,Veteranen (Høj historik),429,0.6165501165501166,0,1,0.38461538461538464,0,0.6899766899766899,429
0a615aeb6124d44c0cadd477b8a8fe60,60,Kvinde,0,0,0,0,0,0,0,1,0,68,6+ måneder,A,content,jp.dk,762,31,0.34908136482939633,0.30741469816272965,0.6443569553805775,0,0,0.0026246719160104987,30,0,0.510498687664042,0.1784776902887139,1,0,0,0.009186351706036745,0.026246719160104987,0.07086614173228346,0.04068241469816273,Power-brugeren (Mest mobil),762,0.30741469816272965,0.6443569553805775,0,0.34908136482939633,0.0026246719160104987,0.6443569553805775,761
750dd3ddc294d786ba32f8f14cda190f,60,Kvinde,1,3,2,2,0,0,0,1,1,72,6+ måneder,B,mail,mail,2,1,0,0,0,0,0,0,0,0,0,0,0,0,0,0,0,0,0,Spøgelses-brugeren (Lav aktivitet),2,0,0,1,0,0,0,2
0a06a3d1ec0555b3b9e04186dbd26621,60,Mand,1,3,2,1,0,0,1,0,0,46,6+ måneder,Ukendt,topticker,jp.dk,539,31,0.2560296846011132,0.26716141001855287,0.9907235621521335,0,0,0.0018552875695732839,30,0,0.29313543599257885,0.3358070500927644,0.9907235621521335,0,0,0.00927643784786642,0.027829313543599257,0.05380333951762523,0.02040816326530612,Power-brugeren (Mest mobil),539,0.26716141001855287,0.9907235621521335,0.00927643784786642,0.2560296846011132,0.0018552875695732839,0.4044526901669759,539
1b8259534b52fe71de6dd436129c75c1,60,Mand,1,0,0,0,0,0,0,1,0,54,0-7 dage,A,content,jp.dk,299,30,0.17391304347826086,0.29264214046822745,0.010033444816053512,0.0033444816053511705,0,0,30,0,0.1939799331103679,0.39464882943143814,0,0.010033444816053512,0.41471571906354515,0.023411371237458192,0.006688963210702341,0.07692307692307693,0.016722408026755852,Desktop-traditionalisten,299,0.29264214046822745,0.010033444816053512,0.9899665551839465,0.17391304347826086,0,0.5652173913043478,299
4d75437cf49e25b7d8a5efede69397d1,60,Mand,0,4,2,1,0,0,0,1,0,62,6+ måneder,Andet,Matrice,jp.dk,16,4,0.3125,0.28125,0.25,0,0,0,29,0,0.375,0,0.25,0,0.75,0,0,0.125,0.125,Desktop-traditionalisten,16,0.28125,0.25,0.75,0.3125,0,0.5625,16
ddfabee485394d6aa5b99d1e5ecbffba,60,Mand,0,0,0,0,0,0,0,1,0,70,6+ måneder,A,content,jp.dk,268,22,0.31716417910447764,0.3031716417910448,0,0,0,0.05223880597014925,29,0,0.20522388059701493,0.3283582089552239,0,0,1,0.07835820895522388,0.03731343283582089,0.033582089552238806,0.026119402985074626,Desktop-traditionalisten,268,0.3031716417910448,0,1,0.31716417910447764,0.05223880597014925,0.6529850746268657,268
3234d46db0e6de36d49704d274247df2,60,Kvinde,0,1,0,1,0,0,1,0,0,55,6+ måneder,B,mail,mail,70,9,0.3,0.4142857142857143,0.5428571428571428,0.014285714285714285,0,0.07142857142857142,26,0,0.34285714285714286,0.5714285714285714,0.5428571428571428,0,0,0,0.04285714285714286,0.02857142857142857,0.17142857142857143,Desktop-traditionalisten,70,0.4142857142857143,0.5428571428571428,0.45714285714285713,0.3,0.07142857142857142,0.6571428571428571,70
d6b04f2cfd26bfcddd84203818a8ddde,60,Mand,0,0,0,0,0,0,1,0,0,59,6+ måneder,B,content,jp.dk,542,29,0.2029520295202952,0.25322878228782286,0,0,0,0,30,0,0.2693726937269373,0.1918819188191882,0.0036900369003690036,0,0.6678966789667896,0.005535055350553505,0.027675276752767528,0.04059040590405904,0.027675276752767528,Desktop-traditionalisten,542,0.25322878228782286,0,0.996309963099631,0.2029520295202952,0,0.8265682656826568,541
e46b8fb17a46068b69be35a78b643528,60,Mand,0,14,6,8,0,0,1,0,0,45,6+ måneder,Andet,Matrice,jp.dk,66,6,0.5303030303030303,0.7310606060606061,0.06060606060606061,0,0,0,29,0,0.6666666666666666,0,0,0.06060606060606061,0.9393939393939394,0,0.045454545454545456,0.13636363636363635,0.015151515151515152,Veteranen (Høj historik),66,0.7310606060606061,0.06060606060606061,0.9393939393939394,0.5303030303030303,0,0.8484848484848485,66
e2a42ae63cbf71f9a37698b08f859c43,60,Mand,0,0,0,0,0,0,0,1,0,48,0-7 dage,Andet,Matrice,jp.dk,2,2,0.5,0,0.5,0,0,0,18,0,0.5,0.5,1,0,0,0,0,0,0,Mobil-nykommeren,2,0,0.5,0,0.5,0,0,2
477a6728517c7b760839ab584c3a7cc5,60,Mand,0,0,0,0,0,0,1,0,0,36,0-7 dage,A,content,jp.dk,2,1,1,0.5,1,0,0,0,0,0,0,1,1,0,0,0,0,0,1,Mobil-nykommeren,2,0.5,1,0,1,0,0,2
0ea4d91c13fb3fb49113cdd91a8e9971,60,Mand,1,17,10,2,0,0,1,0,0,52,6+ måneder,A,content,jp.dk,174,19,0.4425287356321839,0.5272988505747126,0,0,0,0,30,0,0.25862068965517243,0.06321839080459771,0,0,1,0.005747126436781609,0.04597701149425287,0.14367816091954022,0.017241379310344827,Veteranen (Høj historik),174,0.5272988505747126,0,1,0.4425287356321839,0,0.8275862068965517,174
98cc01e63f399c96201bfd463028c9ee,60,Mand,0,0,0,0,0,0,0,1,1,75,6+ måneder,Ukendt,ppc,adwords,52,13,0.5384615384615384,0.5240384615384616,0.7307692307692307,0,0,0,30,0,0.17307692307692307,0.25,0.9807692307692307,0,0.019230769230769232,0,0.09615384615384616,0.15384615384615385,0.019230769230769232,Mobil-nykommeren,52,0.5240384615384616,0.7307692307692307,0.019230769230769232,0.5384615384615384,0,0.2692307692307692,52
617cf8c6d46a29f75c51b93c0fc42ef6,60,Ikke oplyst,1,2,0,0,0,0,0,1,0,80,6+ måneder,Andet,Matrice,jp.dk,174,28,0.40229885057471265,0.4238505747126437,0,0,0,0,30,0,0.8275862068965517,0.005747126436781609,0,0,1,0.011494252873563218,0.034482758620689655,0.034482758620689655,0.005747126436781609,Desktop-traditionalisten,174,0.4238505747126437,0,1,0.40229885057471265,0,0.5862068965517241,174
5204d369fbf62355800d2e3b5ce6baa9,60,Mand,0,0,0,0,0,0,1,0,0,39,0-7 dage,Andet,Matrice,jp.dk,33,3,0.2727272727272727,0.2727272727272727,1,0,0,0.030303030303030304,29,0,0.6363636363636364,0.15151515151515152,1,0,0,0,0,0.3939393939393939,0,Mobil-nykommeren,33,0.2727272727272727,1,0,0.2727272727272727,0.030303030303030304,0.6060606060606061,33
a86d5ef36eda767cce42d1c28dd18869,60,Kvinde,0,0,0,0,0,0,1,0,0,70,0-7 dage,A,content,jp.dk,1,1,1,1,1,0,0,0,0,0,0,0,1,0,0,0,0,0,0,Mobil-nykommeren,1,1,1,0,1,0,0,1
996dc85b06c948a2c541b04413a9dfb4,60,Mand,0,0,0,0,0,0,1,0,0,62,6+ måneder,A,content,jp.dk,393,20,0.2748091603053435,0.26590330788804073,0,0,0,0,29,0,0.07633587786259542,0.16539440203562342,0,0,0.07888040712468193,0.010178117048346057,0.022900763358778626,0.061068702290076333,0.04580152671755725,Desktop-traditionalisten,393,0.26590330788804073,0,1,0.2748091603053435,0,0.6437659033078881,393
0169ede4cd963dc8b84fc4bfb991b976,60,Mand,0,0,0,0,0,0,0,1,1,61,0-7 dage,A,content,jp.dk,2,1,0.5,0.625,0,0,0,0,0,0,0,0,0,0,1,0,0.5,0,0,Desktop-traditionalisten,2,0.625,0,1,0.5,0,0.5,2
d374ac8a05dd70988c87e7734fff9854,60,Mand,0,10,0,10,0,0,1,0,0,55,6+ måneder,B,content,jp.dk,498,25,0.24497991967871485,0.27660642570281124,0.15261044176706828,0,0,0,29,0,0.35542168674698793,0.050200803212851405,0.15261044176706828,0,0.8473895582329317,0.01606425702811245,0.002008032128514056,0.04819277108433735,0.0321285140562249,Power-brugeren (Mest mobil),498,0.27660642570281124,0.15261044176706828,0.8473895582329317,0.24497991967871485,0,0.44377510040160645,498
2da5fc5a7ab09c95c652562f4681bd29,60,Mand,0,1,0,1,0,0,0,1,0,55,6+ måneder,A,content,jp.dk,486,31,0.2962962962962963,0.2844650205761317,0.9567901234567902,0.00205761316872428,0,0,30,0,0.5432098765432098,0.17695473251028807,0,0.9567901234567902,0.043209876543209874,0.012345679012345678,0.03292181069958848,0.07613168724279835,0.02880658436213992,Power-brugeren (Mest mobil),486,0.2844650205761317,0.9567901234567902,0.043209876543209874,0.2962962962962963,0,0.5905349794238683,486
a9da990965cf54eeed3cf91c4ed152e5,60,Mand,0,5,2,1,3,3,0,1,0,85,6+ måneder,A,content,jp.dk,8,1,0.625,0.96875,0,0,0,0,0,0,0,0,0,0,1,0,0,0.375,0,Desktop-traditionalisten,8,0.96875,0,1,0.625,0,0.5,8
f7f494fc99907da182ccd8d6722d34f7,60,Mand,0,0,0,0,7,7,0,1,0,49,6+ måneder,A,content,jp.dk,4,2,0,0.5,1,0,0,0,1,0,0,0.25,1,0,0,0,0,0,0,Mobil-nykommeren,4,0.5,1,0,0,0,0.5,4
7f9c334a7773fd1aad4a9549571eb396,60,Kvinde,1,0,0,0,0,0,1,0,0,45,0-7 dage,Andet,ppc,adwords,472,30,0.3305084745762712,0.3988347457627119,1,0,0,0.01059322033898305,30,0,0.2711864406779661,0.3877118644067797,1,0,0,0,0.02754237288135593,0.06567796610169492,0.05084745762711865,Power-brugeren (Mest mobil),472,0.3988347457627119,1,0,0.3305084745762712,0.01059322033898305,0.5572033898305084,472
a63f3d49d0f18526f2965d7968082f2a,60,Mand,1,2,0,0,8,8,0,1,0,74,6+ måneder,Andet,mail,mail,40,12,0.775,0.7,0,0,0,0,29,0,0.6,0,0,0,1,0,0.125,0.1,0.025,Veteranen (Høj historik),40,0.7,0,1,0.775,0,0.525,40
bdba6e71913f8d10883e64d4a3eb100a,60,Mand,0,0,0,0,0,0,1,0,0,27,6+ måneder,B,content,jp.dk,13,5,0.6923076923076923,0.6730769230769231,0.07692307692307693,0,0,0.5384615384615384,24,0,0.23076923076923078,0.3076923076923077,0.07692307692307693,0,0,0,0,0,0,Desktop-traditionalisten,13,0.6730769230769231,0.07692307692307693,0.9230769230769231,0.6923076923076923,0.5384615384615384,0.07692307692307693,13
015c8f8df318631d67492e3d94b2794b,60,Mand,0,5,4,1,1,1,0,1,0,70,6+ måneder,B,mail,mail,772,31,0.33031088082901555,0.35006476683937826,0.8989637305699482,0,0,0,30,0,0.3860103626943005,0.18134715025906736,0.10103626943005181,0.8989637305699482,0,0.02072538860103627,0.027202072538860103,0.050518134715025906,0.025906735751295335,Power-brugeren (Mest mobil),772,0.35006476683937826,0.8989637305699482,0,0.33031088082901555,0,0.772020725388601,771
dc11ae6804e7e6d5703c16aede010648,60,Mand,1,0,0,0,0,0,1,0,0,66,6+ måneder,A,content,jp.dk,83,12,0.3493975903614458,0.32228915662650603,0,0,0,0,29,0,0.1927710843373494,0.5180722891566265,0,0,0,0,0,0.0963855421686747,0,Desktop-traditionalisten,83,0.32228915662650603,0,1,0.3493975903614458,0,0.9036144578313253,83
de7b1fb9571eb0bfa9a5286fd5dabb7e,60,Mand,0,4,2,2,0,0,1,0,0,71,6+ måneder,B,mail,mail,263,29,0.3612167300380228,0.3583650190114068,1,0,0,0.0076045627376425855,30,0,0.34220532319391633,0.27756653992395436,0,1,0,0,0.0076045627376425855,0.12167300380228137,0.019011406844106463,Mobil-nykommeren,263,0.3583650190114068,1,0,0.3612167300380228,0.0076045627376425855,0.5741444866920152,263
7b0ad7f1896e766c4ad4993f53082ce9,60,Mand,1,0,0,0,0,2,0,1,1,63,0-7 dage,Ukendt,topticker,jp.dk,51,11,0.3333333333333333,0.31862745098039214,0.11764705882352941,0.0196078431372549,0,0,30,0,0.6862745098039216,0.09803921568627451,0.11764705882352941,0,0.8823529411764706,0.0392156862745098,0.0784313725490196,0.058823529411764705,0.0196078431372549,Desktop-traditionalisten,51,0.31862745098039214,0.11764705882352941,0.8823529411764706,0.3333333333333333,0,0.43137254901960786,51
15cc75ac84f115080edd9ff1ccf67fa0,60,Mand,0,1,0,0,2,2,0,1,1,66,6+ måneder,Ukendt,adops,jp.dk,998,31,0.2605210420841683,0.25200400801603207,0.9829659318637275,0,0,0.001002004008016032,30,0,0.280561122244489,0.21342685370741482,0.9829659318637275,0,0.0070140280561122245,0.006012024048096192,0.01002004008016032,0.045090180360721446,0.033066132264529056,Power-brugeren (Mest mobil),998,0.25200400801603207,0.9829659318637275,0.017034068136272545,0.2605210420841683,0.001002004008016032,0.44288577154308617,997
677850815754ae05e51e9d6d395d574f,60,Mand,0,1,1,0,0,0,1,0,0,50,6+ måneder,A,content,jp.dk,503,31,0.2584493041749503,0.21769383697813122,0.7673956262425448,0,0,0.0437375745526839,30,0,0.22266401590457258,0.27236580516898606,0.7673956262425448,0,0,0.003976143141153081,0.02584493041749503,0.05964214711729622,0.04970178926441352,Power-brugeren (Mest mobil),503,0.21769383697813122,0.7673956262425448,0.23260437375745527,0.2584493041749503,0.0437375745526839,0.4572564612326044,503
16ff7e9941858bc50b4d9a4e98455f28,60,Mand,0,9,6,4,0,0,0,1,1,69,6+ måneder,A,mail,mail,41,8,0.34146341463414637,0.3597560975609756,0.14634146341463414,0,0,0.2926829268292683,22,0,0.34146341463414637,0.3170731707317073,0.14634146341463414,0,0,0,0.024390243902439025,0.04878048780487805,0.024390243902439025,Desktop-traditionalisten,41,0.3597560975609756,0.14634146341463414,0.8536585365853658,0.34146341463414637,0.2926829268292683,0.6097560975609756,41
8238b5ba161f0e8d1d88e2cb45fb6c49,60,Mand,0,0,0,0,0,0,0,1,0,50,0-7 dage,B,content,jp.dk,404,31,0.2995049504950495,0.41336633663366334,0.019801980198019802,0,0,0,30,0,0.7103960396039604,0.019801980198019802,0.019801980198019802,0,0.9801980198019802,0,0.04455445544554455,0.03217821782178218,0.01485148514851485,Desktop-traditionalisten,404,0.41336633663366334,0.019801980198019802,0.9801980198019802,0.2995049504950495,0,0.48267326732673266,404
679422c87961c3b866fc52150781731d,60,Kvinde,0,1,0,1,0,0,1,0,0,64,6+ måneder,Andet,Matrice,jp.dk,179,21,0.2681564245810056,0.16899441340782123,1,0,0,0,29,0,0.17318435754189945,0.19553072625698323,1,0,0,0,0.027932960893854747,0.03910614525139665,0.00558659217877095,Mobil-nykommeren,179,0.16899441340782123,1,0,0.2681564245810056,0,0.4134078212290503,179
746c3c7e52c85a005037bead64aa2949,60,Mand,1,26,10,18,0,0,1,0,0,79,6+ måneder,Andet,Matrice,jp.dk,5,2,0.4,0.2,0,0,0,0,25,0,1,0,0,0,0,0,0,0,0,Veteranen (Høj historik),5,0.2,0,1,0.4,0,0.6,5
6018d711be0ab2c0b733e52453da95a3,60,Kvinde,1,0,0,0,0,0,0,1,1,75,6+ måneder,A,content,jp.dk,5,2,0.8,0.45,1,0,0,0,1,0,0.4,0,1,0,0,0,0,0.4,0,Mobil-nykommeren,5,0.45,1,0,0.8,0,0.6,5
0152a4407923a40bef8b35a2b112ae30,60,Mand,0,12,2,6,3,3,1,0,0,74,6+ måneder,B,mail,mail,80,10,0.325,0.4875,0,0,0,0,29,0,0.0375,0.3125,0,0,0.8625,0,0,0.025,0,Veteranen (Høj historik),80,0.4875,0,1,0.325,0,0.8,80
ada1a9f52e76932f543ae8b32f1a3b20,60,Mand,0,8,3,4,0,0,1,0,0,69,6+ måneder,Andet,mail,mail,152,24,0.2236842105263158,0.1875,0,0,0,0,30,0,0.20394736842105263,0.039473684210526314,0.019736842105263157,0,0,0.006578947368421052,0.019736842105263157,0.013157894736842105,0.039473684210526314,Desktop-traditionalisten,152,0.1875,0,0.9802631578947368,0.2236842105263158,0,0.3355263157894737,152
b0d02cff781d2563577737273ac018a2,60,Mand,0,7,3,4,0,0,1,0,0,48,6+ måneder,Andet,mail,mail,292,29,0.2671232876712329,0.2577054794520548,0.660958904109589,0.003424657534246575,0,0,30,0,0.3938356164383562,0.2328767123287671,0.660958904109589,0,0.3356164383561644,0.003424657534246575,0.017123287671232876,0.0547945205479452,0.07876712328767123,Power-brugeren (Mest mobil),292,0.2577054794520548,0.660958904109589,0.339041095890411,0.2671232876712329,0,0.523972602739726,292
7fbcf23d92ff3ad185541f9b4626b20e,60,Mand,0,0,0,0,0,0,1,0,0,75,1-6 måneder,A,content,jp.dk,120,15,0.275,0.3958333333333333,0,0,0,0.16666666666666666,29,0,0.43333333333333335,0.09166666666666666,0,0,0,0.25833333333333336,0,0.008333333333333333,0.041666666666666664,Desktop-traditionalisten,120,0.3958333333333333,0,1,0.275,0.16666666666666666,0.7666666666666667,120
4db8972108485debeb090c70a547d7c1,60,Mand,0,2,2,0,3,3,1,0,0,51,6+ måneder,A,content,jp.dk,458,31,0.2205240174672489,0.29366812227074235,1,0,0,0.5633187772925764,30,0,0.13755458515283842,0.28602620087336245,0,1,0,0.004366812227074236,0.026200873362445413,0.0611353711790393,0.039301310043668124,Power-brugeren (Mest mobil),458,0.29366812227074235,1,0,0.2205240174672489,0.5633187772925764,0.43013100436681223,458
0b470ad1a99a77dcd692372316da8736,60,Mand,0,9,4,3,0,0,1,0,0,66,6+ måneder,A,mail,mail,798,31,0.2794486215538847,0.3508771929824561,0,0,0,0.03884711779448621,30,0,0.29949874686716793,0.3182957393483709,0,0,0.06390977443609022,0.006265664160401002,0.020050125313283207,0.08897243107769423,0.007518796992481203,Power-brugeren (Mest mobil),798,0.3508771929824561,0,1,0.2794486215538847,0.03884711779448621,0.49373433583959897,798
f9f741851c7ff91176b0b5fa4d36f930,60,Kvinde,0,1,0,0,0,0,1,0,0,59,6+ måneder,Andet,Matrice,App,143,21,0.2867132867132867,0.27797202797202797,1,0,0,0,30,0,0.25874125874125875,0.34965034965034963,0,1,0,0.006993006993006993,0.04195804195804196,0.03496503496503497,0.055944055944055944,Mobil-nykommeren,143,0.27797202797202797,1,0,0.2867132867132867,0,0.45454545454545453,143
f2e729572ee5d7ea093b9989e5fcd2cc,60,Mand,1,9,7,4,3,4,0,1,1,44,6+ måneder,B,mail,mail,212,25,0.37264150943396224,0.4988207547169811,0,0,0.018867924528301886,0,30,0,0.4339622641509434,0.17452830188679244,0,0,0.3867924528301887,0,0.0330188679245283,0.08962264150943396,0.0047169811320754715,Veteranen (Høj historik),212,0.4988207547169811,0,1,0.37264150943396224,0,0.6226415094339622,212
dfd3a068c917e611fbfa2b9a2fec9f07,60,Mand,1,0,0,0,0,0,1,0,0,46,0-7 dage,B,content,jp.dk,34,7,0.29411764705882354,0.35294117647058826,0.5588235294117647,0,0,0.3235294117647059,19,0,0.20588235294117646,0.6764705882352942,0.5588235294117647,0,0.4411764705882353,0,0,0.11764705882352941,0,Desktop-traditionalisten,34,0.35294117647058826,0.5588235294117647,0.4411764705882353,0.29411764705882354,0.3235294117647059,0.5882352941176471,34
d318a1f659b2a6ce46d0be0f99cbe2a7,60,Kvinde,0,0,0,0,0,0,1,0,0,53,6+ måneder,A,content,jp.dk,31,4,0.2903225806451613,0.1693548387096774,0,0,0,0.06451612903225806,20,0,0.7741935483870968,0,0,0,1,0,0,0.06451612903225806,0.03225806451612903,Desktop-traditionalisten,31,0.1693548387096774,0,1,0.2903225806451613,0.06451612903225806,0.5483870967741935,31
66e531018b3b999d38f0894511a6a6e0,60,Kvinde,0,0,0,0,0,0,0,1,1,39,6+ måneder,Ukendt,Weblayer,jp.dk,24,6,0.125,0.19791666666666666,0.375,0.041666666666666664,0,0.08333333333333333,21,0,0,0.20833333333333334,0.375,0,0,0,0,0,0.5833333333333334,Desktop-traditionalisten,24,0.19791666666666666,0.375,0.625,0.125,0.08333333333333333,0.5416666666666666,24
4bbbdf245a468adee474222404ee0688,60,Mand,0,2,2,1,1,1,0,1,0,67,6+ måneder,B,content,jp.dk,96,26,0.4375,0.4947916666666667,0.7291666666666666,0.59375,0,0.010416666666666666,30,0,0.3125,0.22916666666666666,0,0.7291666666666666,0.2708333333333333,0.010416666666666666,0.020833333333333332,0.13541666666666666,0.0625,Mobil-nykommeren,96,0.4947916666666667,0.7291666666666666,0.2708333333333333,0.4375,0.010416666666666666,0.20833333333333334,95
14b486bc22dee7a288a5ea9a60d66fa8,60,Mand,0,6,3,5,0,0,1,0,0,62,6+ måneder,A,content,jp.dk,112,19,0.4017857142857143,0.4330357142857143,0.7232142857142857,0,0,0,28,0,0.017857142857142856,0.3392857142857143,0,0.7232142857142857,0.2767857142857143,0.026785714285714284,0.026785714285714284,0.08035714285714286,0.0625,Mobil-nykommeren,112,0.4330357142857143,0.7232142857142857,0.2767857142857143,0.4017857142857143,0,0.7142857142857143,112
b2b9c2229c058653f5221e50b01d33c9,60,Mand,1,26,7,18,22,21,0,1,1,75,6+ måneder,A,mail,mail,137,20,0.44525547445255476,0.6058394160583942,0,0,0,0.014598540145985401,30,0,0.06569343065693431,0.34306569343065696,0,0,0.7153284671532847,0.058394160583941604,0.014598540145985401,0.051094890510948905,0.10948905109489052,Veteranen (Høj historik),137,0.6058394160583942,0,1,0.44525547445255476,0.014598540145985401,0.48175182481751827,137
f4f21a6db6bb6eb98f66aeddf3e6c3ea,60,Mand,0,0,0,0,0,0,1,0,0,69,0-7 dage,A,content,jp.dk,295,20,0.41694915254237286,0.5949152542372881,0.013559322033898305,0,0,0.006779661016949152,30,0,0.1016949152542373,0.1694915254237288,0,0.013559322033898305,0.9864406779661017,0,0.003389830508474576,0.07796610169491526,0.030508474576271188,Desktop-traditionalisten,295,0.5949152542372881,0.013559322033898305,0.9864406779661017,0.41694915254237286,0.006779661016949152,0.8711864406779661,295
770e935d77b3296db71e65fc65aa258d,60,Mand,1,0,0,0,0,0,0,1,0,62,0-7 dage,Andet,Matrice,jp.dk,6,5,0.8333333333333334,0.20833333333333334,1,0,0,0,19,0,0.3333333333333333,0.3333333333333333,1,0,0,0,0.6666666666666666,0,0,Mobil-nykommeren,6,0.20833333333333334,1,0,0.8333333333333334,0,0,6
b716ad43db052a060b2556ee56f4f599,60,Mand,0,1,0,0,2,2,0,1,0,54,6+ måneder,A,content,jp.dk,243,28,0.2757201646090535,0.25823045267489714,1,0,0,0,29,0,0.19753086419753085,0.30864197530864196,1,0,0,0,0.012345679012345678,0.04938271604938271,0.02880658436213992,Mobil-nykommeren,243,0.25823045267489714,1,0,0.2757201646090535,0,0.5390946502057613,243
7372bb3754849f8850ba4fdc28946eea,60,Mand,1,5,2,2,0,0,0,1,1,78,6+ måneder,Andet,mail,mail,0,0,0,0,0,0,0,0,0,0,0,0,0,0,0,0,0,0,0,Spøgelses-brugeren (Lav aktivitet),0,0,0,0,0,0,0,0
be7ee4feca2026e1f9905d54770f1580,60,Mand,0,8,6,2,0,0,1,0,0,55,6+ måneder,Andet,Matrice,jp.dk,1267,31,0.25887924230465664,0.2484214680347277,0.654301499605367,0,0,0.020520915548539857,30,0,0.3741120757695343,0.23520126282557222,0.9936858721389108,0,0.006314127861089187,0.02920284135753749,0.03314917127071823,0.03314917127071823,0.037884767166535126,Power-brugeren (Mest mobil),1267,0.2484214680347277,0.654301499605367,0.006314127861089187,0.25887924230465664,0.020520915548539857,0.5027624309392266,1267
2386a3f4ebca1a9b86919c3d8991680e,60,Mand,0,2,2,0,0,0,0,1,0,44,6+ måneder,B,content,jp.dk,74,15,0.28378378378378377,0.22972972972972974,0.16216216216216217,0,0,0,28,0,0.17567567567567569,0.3918918918918919,0.16216216216216217,0,0,0,0.04054054054054054,0.05405405405405406,0.02702702702702703,Desktop-traditionalisten,74,0.22972972972972974,0.16216216216216217,0.8378378378378378,0.28378378378378377,0,0.3918918918918919,74
2b18f2e4112c3260d1f29e3142f583d0,60,Mand,0,4,2,1,2,2,0,1,1,71,6+ måneder,Andet,mail,mail,145,31,0.2689655172413793,0.39827586206896554,0,0,0,0,30,0,0.1103448275862069,0.06896551724137931,0,0,1,0.006896551724137931,0.020689655172413793,0.027586206896551724,0.034482758620689655,Desktop-traditionalisten,145,0.39827586206896554,0,1,0.2689655172413793,0,0.6551724137931034,145
c37504d892a2f779e98c50ee0579ec35,60,Mand,1,1,1,0,0,0,1,0,0,46,1-6 måneder,Andet,Matrice,jp.dk,693,31,0.240981240981241,0.25613275613275616,0.4588744588744589,0,0,0.015873015873015872,30,0,0.46320346320346323,0.09379509379509379,0.4588744588744589,0,0.4098124098124098,0.007215007215007215,0.012987012987012988,0.04040404040404041,0.047619047619047616,Power-brugeren (Mest mobil),693,0.25613275613275616,0.4588744588744589,0.5411255411255411,0.240981240981241,0.015873015873015872,0.5252525252525253,693
d4a474d23bf644364f87a33c55b0e0c1,60,Mand,1,12,9,5,4,3,1,0,0,80,6+ måneder,A,content,jp.dk,282,31,0.2695035460992908,0.3829787234042553,0,0,0,0.0035460992907801418,30,0,0.1453900709219858,0.1702127659574468,0.05319148936170213,0,0.9468085106382979,0.014184397163120567,0.028368794326241134,0.0851063829787234,0.04609929078014184,Veteranen (Høj historik),282,0.3829787234042553,0,0.9468085106382979,0.2695035460992908,0.0035460992907801418,0.5141843971631206,282
12e2a855ade062adef5c52a6ce57d675,60,Mand,0,3,3,0,0,0,0,1,0,60,6+ måneder,Andet,Matrice,jp.dk,622,31,0.2797427652733119,0.33520900321543406,0.15434083601286175,0,0,0.00482315112540193,30,0,0.3440514469453376,0.2202572347266881,0.15434083601286175,0,0.4646302250803859,0.003215434083601286,0.04662379421221865,0.09003215434083602,0.014469453376205787,Power-brugeren (Mest mobil),622,0.33520900321543406,0.15434083601286175,0.8456591639871383,0.2797427652733119,0.00482315112540193,0.5032154340836013,622
cde126123f199937279bcad3d9e01720,60,Mand,0,2,2,1,4,4,0,1,1,76,6+ måneder,B,mail,mail,97,21,0.5979381443298969,0.5541237113402062,1,0,0,0,29,0,0.12371134020618557,0.030927835051546393,0,1,0,0.2268041237113402,0.041237113402061855,0.18556701030927836,0,Mobil-nykommeren,97,0.5541237113402062,1,0,0.5979381443298969,0,0.4948453608247423,97
f02473e32720855f52586ce55297678c,60,Mand,0,0,0,0,3,3,0,1,0,73,6+ måneder,A,content,jp.dk,711,29,0.32489451476793246,0.46272855133614627,1,0,0,0.4345991561181435,30,0,0.20815752461322082,0.17580872011251758,0,1,0,0.008438818565400843,0.03656821378340366,0.056258790436005623,0.014064697609001406,Power-brugeren (Mest mobil),711,0.46272855133614627,1,0,0.32489451476793246,0.4345991561181435,0.5428973277074542,705
223c8361a0a978b0e4d312112990dba8,60,Kvinde,0,3,3,0,0,0,0,1,1,46,6+ måneder,A,content,jp.dk,6,2,0.6666666666666666,0.7083333333333334,1,0,0,0,3,0,0,1,0,1,0,0,0,0,0,Mobil-nykommeren,6,0.7083333333333334,1,0,0.6666666666666666,0,0.6666666666666666,6
821ea9572a535876de8e1bd52f541497,60,Mand,1,9,8,5,1,1,1,0,0,74,6+ måneder,Andet,Matrice,jp.dk,0,0,0,0,0,0,0,0,0,0,0,0,0,0,0,0,0,0,0,Spøgelses-brugeren (Lav aktivitet),0,0,0,0,0,0,0,0
07aac1ad911f0fa3d80e29cb0dbf0215,60,Mand,0,2,2,0,0,0,1,0,0,72,6+ måneder,Andet,Matrice,jp.dk,309,31,0.28802588996763756,0.26941747572815533,0.3074433656957929,0,0,0.003236245954692557,30,0,0.6375404530744336,0.04854368932038835,0.3074433656957929,0,0.6925566343042071,0.006472491909385114,0.02912621359223301,0.03559870550161812,0.042071197411003236,Desktop-traditionalisten,309,0.26941747572815533,0.3074433656957929,0.6925566343042071,0.28802588996763756,0.003236245954692557,0.7184466019417476,309
9cfc1a5af23116db7eb52b11effcc4b3,60,Mand,1,12,5,8,0,0,0,1,0,81,6+ måneder,Andet,mail,mail,1,1,0,0,0,0,0,0,0,0,0,0,1,0,0,0,0,0,0,Spøgelses-brugeren (Lav aktivitet),1,0,0,0,0,0,0,1
513a1875871ce9ee20375595a2ff9231,60,Kvinde,0,2,2,0,0,0,1,0,0,54,6+ måneder,Andet,Matrice,jp.dk,144,21,0.3055555555555556,0.3472222222222222,0.4166666666666667,0,0,0.2777777777777778,30,0,0.5138888888888888,0,0,0.4166666666666667,0.5833333333333334,0,0.06944444444444445,0.04861111111111111,0.09722222222222222,Desktop-traditionalisten,144,0.3472222222222222,0.4166666666666667,0.5833333333333334,0.3055555555555556,0.2777777777777778,0.5694444444444444,144
693f1f1a7599754a15cb76e9cc6f151f,60,Mand,0,5,2,1,4,4,0,1,0,76,6+ måneder,B,content,jp.dk,466,31,0.2703862660944206,0.3342274678111588,0.23819742489270387,0,0,0.004291845493562232,30,0,0.18025751072961374,0.3605150214592275,0,0.23819742489270387,0,0.04291845493562232,0.03862660944206009,0.0407725321888412,0.0407725321888412,Power-brugeren (Mest mobil),466,0.3342274678111588,0.23819742489270387,0.7618025751072961,0.2703862660944206,0.004291845493562232,0.6030042918454935,466
6ceb2f19dc3cff14b56818b7c9058ee0,60,Mand,0,4,2,2,0,0,0,1,0,72,6+ måneder,A,mail,mail,462,31,0.4264069264069264,0.5752164502164502,1,0,0,0.0021645021645021645,30,0,0.2532467532467532,0.2987012987012987,0,1,0,0.0021645021645021645,0.017316017316017316,0.09523809523809523,0.021645021645021644,Power-brugeren (Mest mobil),462,0.5752164502164502,1,0,0.4264069264069264,0.0021645021645021645,0.8311688311688312,462
59f0a3e11217529a01c1eefef93e8a98,60,Mand,1,14,5,7,13,13,1,0,0,73,6+ måneder,Andet,mail,mail,0,0,0,0,0,0,0,0,0,0,0,0,0,0,0,0,0,0,0,Veteranen (Høj historik),0,0,0,0,0,0,0,0
6739966e381899913b6e47129d7677b9,60,Mand,0,2,1,0,5,5,0,1,0,60,6+ måneder,A,content,jp.dk,34,14,0.3235294117647059,0.35294117647058826,0.23529411764705882,0,0,0,28,0,0.20588235294117646,0.23529411764705882,0.23529411764705882,0,0.058823529411764705,0,0.029411764705882353,0.08823529411764706,0,Desktop-traditionalisten,34,0.35294117647058826,0.23529411764705882,0.7647058823529411,0.3235294117647059,0,0.35294117647058826,34
1db6ca5e773d6284f2ae5553a7425e46,60,Mand,0,1,0,1,0,0,0,1,0,62,6+ måneder,A,content,jp.dk,66,9,0.24242424242424243,0.32196969696969696,0.06060606060606061,0,0,0,21,0,0.030303030303030304,0.15151515151515152,0.06060606060606061,0,0,0,0.015151515151515152,0.12121212121212122,0.06060606060606061,Desktop-traditionalisten,66,0.32196969696969696,0.06060606060606061,0.9393939393939394,0.24242424242424243,0,0.5909090909090909,66
1b2792bf1dd006aba1cb96a063a2f84f,60,Mand,0,0,0,0,0,0,1,0,0,33,6+ måneder,A,content,jp.dk,0,0,0,0,0,0,0,0,0,0,0,0,0,0,0,0,0,0,0,Spøgelses-brugeren (Lav aktivitet),0,0,0,0,0,0,0,0
15502cb0020afc4c01801b63cc753d1d,60,Mand,0,2,1,1,14,15,0,1,0,61,6+ måneder,Andet,Matrice,jp.dk,66,19,0.5909090909090909,0.7954545454545454,0,0,0,0,29,0,0.5909090909090909,0,0.6060606060606061,0,0,0,0.12121212121212122,0.15151515151515152,0.030303030303030304,Veteranen (Høj historik),66,0.7954545454545454,0,0.3939393939393939,0.5909090909090909,0,0.16666666666666666,66
e4049089a6293865bd0718a74b7e9059,60,Kvinde,0,3,2,1,0,0,0,1,0,59,6+ måneder,A,content,jp.dk,112,23,0.5803571428571429,0.7589285714285714,0,0,0,0,30,0,0,0,0,0,1,0.008928571428571428,0.026785714285714284,0.09821428571428571,0.05357142857142857,Desktop-traditionalisten,112,0.7589285714285714,0,1,0.5803571428571429,0,0.44642857142857145,112
b2ae7dec25805c7059ea2c7ffd5f54d7,60,Mand,0,5,1,4,0,0,0,1,1,57,6+ måneder,Andet,mail,mail,531,31,0.3427495291902072,0.18785310734463276,1,0,0,0,30,0,0.23163841807909605,0.2730696798493409,1,0,0,0.01694915254237288,0.005649717514124294,0.04331450094161959,0.0696798493408663,Power-brugeren (Mest mobil),531,0.18785310734463276,1,0,0.3427495291902072,0,0.623352165725047,531
7a70cfa85256557dbf368c6287d20378,60,Mand,0,9,8,1,1,1,1,0,0,73,6+ måneder,B,content,jp.dk,847,31,0.31759149940968123,0.4197166469893743,0.7249114521841794,0,0.0070838252656434475,0,30,0,0.4025974025974026,0.22077922077922077,0.025974025974025976,0.6989374262101535,0,0.014167650531286895,0.025974025974025976,0.031877213695395513,0.01652892561983471,Power-brugeren (Mest mobil),847,0.4197166469893743,0.7249114521841794,0.27508854781582054,0.31759149940968123,0,0.6351829988193625,847
c05fb3534804590d4b0adc1e32c75030,60,Kvinde,0,14,10,5,0,0,0,1,0,46,6+ måneder,Andet,Matrice,jp.dk,75,16,0.22666666666666666,0.17,0.10666666666666667,0,0,0.08,29,0,0.18666666666666668,0.38666666666666666,0.14666666666666667,0,0,0,0.05333333333333334,0.10666666666666667,0.02666666666666667,Veteranen (Høj historik),75,0.17,0.10666666666666667,0.8533333333333334,0.22666666666666666,0.08,0.52,75
6c92627df0684ad210c2d339d1476e25,60,Mand,0,7,5,3,0,0,0,1,1,75,6+ måneder,Andet,mail,mail,2,2,1,0,1,0,0,0,1,0,0,0,1,0,0,0,0,1,0,Mobil-nykommeren,2,0,1,0,1,0,0,2
a4f15224d97eb071028a4f5c814322ab,60,Mand,0,11,4,4,0,0,1,0,0,50,6+ måneder,A,content,jp.dk,258,26,0.37209302325581395,0.42151162790697677,0.9844961240310077,0,0,0.003875968992248062,30,0,0.24031007751937986,0.32170542635658916,1,0,0,0.003875968992248062,0.023255813953488372,0.08527131782945736,0.05813953488372093,Power-brugeren (Mest mobil),258,0.42151162790697677,0.9844961240310077,0,0.37209302325581395,0.003875968992248062,0.7131782945736435,258
6be1f70d713e332f19221af13f05290a,60,Mand,0,7,5,2,0,0,1,0,0,57,6+ måneder,Ukendt,Weblayer,jp.dk,115,15,0.3565217391304348,0.3391304347826087,1,0,0,0,29,0,0.043478260869565216,0.2,1,0,0,0.008695652173913044,0.034782608695652174,0.06086956521739131,0.017391304347826087,Mobil-nykommeren,115,0.3391304347826087,1,0,0.3565217391304348,0,0.5826086956521739,115
eaa673792cafda1755c469aa3093b123,60,Kvinde,0,0,0,0,3,3,0,1,0,64,6+ måneder,B,content,jp.dk,116,16,0.5862068965517241,0.6702586206896551,0,0,0,0,30,0,0.15517241379310345,0.008620689655172414,0,0,0.8448275862068966,0.008620689655172414,0.008620689655172414,0.034482758620689655,0.3275862068965517,Desktop-traditionalisten,116,0.6702586206896551,0,1,0.5862068965517241,0,0.5517241379310345,116
54a5f3ccb94923bdb079beb55f981eec,60,Mand,0,4,3,0,0,0,1,0,0,73,6+ måneder,A,mail,mail,0,0,0,0,0,0,0,0,0,0,0,0,0,0,0,0,0,0,0,Spøgelses-brugeren (Lav aktivitet),0,0,0,0,0,0,0,0
5420998369744cd40dec21da5107114f,60,Mand,0,0,0,0,0,0,0,1,0,78,6+ måneder,A,content,jp.dk,5,3,0.2,0.5,0,0.2,0,0,20,0,0,0.6,0,0,1,0,0,0,0,Desktop-traditionalisten,5,0.5,0,1,0.2,0,0.2,5
b4d3412295cc2cdfc094904ec09d62d8,60,Mand,1,5,3,5,1,1,0,1,0,71,6+ måneder,B,mail,mail,9,2,0.5555555555555556,0.25,1,0,0,0,12,0,0.1111111111111111,0,0,1,0,0,0,0,0.1111111111111111,Mobil-nykommeren,9,0.25,1,0,0.5555555555555556,0,0.7777777777777778,9
1ebd769533f806c239afc2ca81cf43f7,60,Kvinde,0,0,0,0,0,0,1,0,0,62,0-7 dage,Andet,ppc,adwords,1,1,0,0,1,0,0,0,0,0,0,1,1,0,0,0,0,0,0,Spøgelses-brugeren (Lav aktivitet),1,0,1,0,0,0,0,1
70a170d32950120143a1af34636ae8ab,60,Mand,1,2,0,2,0,0,1,0,0,25,6+ måneder,A,content,jp.dk,2,1,1,0.5,0,0,0,0,0,0,0,0,0,0,0,1,0,0,0,Desktop-traditionalisten,2,0.5,0,1,1,0,0.5,2
49b048d1df52534dc1b0cd371c8851f6,60,Kvinde,0,0,0,0,0,0,0,1,0,83,6+ måneder,Andet,Matrice,jp.dk,5,2,0.2,0.2,0,0,0,0,11,0,0,0.4,0,0,1,0,0,0,0,Desktop-traditionalisten,5,0.2,0,1,0.2,0,0.6,5
a1982f47d5e6ad76a062e64367127c07,60,Kvinde,0,0,0,0,0,0,1,0,0,49,6+ måneder,A,content,jp.dk,7,1,0.5714285714285714,0.2857142857142857,0,0,0,0.2857142857142857,0,0,0,0,0,0,0,0,0,0,0,Desktop-traditionalisten,7,0.2857142857142857,0,1,0.5714285714285714,0.2857142857142857,0.42857142857142855,7
14ae5fda85c636519e6bfc6886270325,60,Ikke oplyst,0,0,0,0,0,0,0,1,1,65,6+ måneder,Andet,Matrice,jp.dk,283,27,0.35335689045936397,0.5114840989399293,0,0.0035335689045936395,0,0.007067137809187279,30,0,0.14840989399293286,0.40636042402826855,0,0,0,0.0035335689045936395,0.05653710247349823,0.045936395759717315,0.03180212014134275,Desktop-traditionalisten,283,0.5114840989399293,0,1,0.35335689045936397,0.007067137809187279,0.7279151943462897,283
7aec7c5ef4851aaa9d0f08f8f8312457,60,Kvinde,0,7,3,4,0,0,0,1,0,79,6+ måneder,A,content,jp.dk,292,22,0.4178082191780822,0.6078767123287672,1,0,0,0.017123287671232876,29,0,0.08904109589041095,0.17123287671232876,1,0,0,0.030821917808219176,0.05136986301369863,0.08561643835616438,0.0821917808219178,Power-brugeren (Mest mobil),292,0.6078767123287672,1,0,0.4178082191780822,0.017123287671232876,0.7465753424657534,292
e7bc7f5186893dc1471ef45413025209,60,Mand,0,0,0,0,0,0,0,1,0,51,0-7 dage,Andet,Matrice,jp.dk,166,25,0.24096385542168675,0.15963855421686746,0.7831325301204819,0,0,0,30,0,0.006024096385542169,0.18072289156626506,0.7831325301204819,0,0,0.006024096385542169,0.030120481927710843,0.018072289156626505,0.04819277108433735,Mobil-nykommeren,166,0.15963855421686746,0.7831325301204819,0.21686746987951808,0.24096385542168675,0,0.42771084337349397,166
47378391834a5d8266f892c218e86a24,60,Mand,0,0,0,0,0,0,0,1,1,68,0-7 dage,A,content,jp.dk,289,28,0.23183391003460208,0.21366782006920415,1,0,0,0.0034602076124567475,30,0,0.24567474048442905,0.27335640138408307,0,1,0,0.01384083044982699,0.02422145328719723,0.0726643598615917,0.006920415224913495,Mobil-nykommeren,289,0.21366782006920415,1,0,0.23183391003460208,0.0034602076124567475,0.4083044982698962,289
c725b4f13e87aee2d75db85f4b717ab6,60,Mand,0,0,0,0,0,0,0,1,0,50,0-7 dage,A,content,jp.dk,648,31,0.3888888888888889,0.5659722222222222,0.3101851851851852,0,0,0,30,0,0.32098765432098764,0.1728395061728395,0.3101851851851852,0,0.6898148148148148,0.013888888888888888,0.026234567901234566,0.09567901234567901,0.029320987654320986,Power-brugeren (Mest mobil),648,0.5659722222222222,0.3101851851851852,0.6898148148148148,0.3888888888888889,0,0.6759259259259259,648
5480b280d24995741819da1706528ed7,60,Kvinde,1,11,4,7,0,0,1,0,0,73,6+ måneder,Andet,mail,mail,83,10,0.37349397590361444,0.2921686746987952,0.8795180722891566,0,0,0.012048192771084338,25,0,0.5662650602409639,0.12048192771084337,0.963855421686747,0,0.03614457831325301,0.024096385542168676,0.060240963855421686,0.012048192771084338,0.18072289156626506,Veteranen (Høj historik),83,0.2921686746987952,0.8795180722891566,0.03614457831325301,0.37349397590361444,0.012048192771084338,0.7951807228915663,83
182197fc3916b2d8947f32f00b3d5257,60,Mand,0,2,1,1,1,1,1,0,0,69,6+ måneder,B,mail,mail,13,5,0.46153846153846156,0.6923076923076923,1,0,0,0,13,0,0.07692307692307693,0.07692307692307693,1,0,0,0,0,0,0,Mobil-nykommeren,13,0.6923076923076923,1,0,0.46153846153846156,0,0.6153846153846154,13
2a73451a7f4e0be51f5a8e30082805b4,60,Mand,0,2,0,2,0,0,1,0,0,59,6+ måneder,B,content,jp.dk,1284,31,0.3029595015576324,0.27044392523364486,1,0,0,0,30,0,0.279595015576324,0.24143302180685358,0,1,0,0.011682242990654205,0.027258566978193146,0.0763239875389408,0.027258566978193146,Power-brugeren (Mest mobil),1284,0.27044392523364486,1,0,0.3029595015576324,0,0.5693146417445483,754
b316d81d3f371ef676cacdfe393af472,60,Mand,0,0,0,0,0,0,0,1,0,58,6+ måneder,Andet,Matrice,jp.dk,28,4,0.5,0.5089285714285714,0.5357142857142857,0,0,0.03571428571428571,23,0,0.32142857142857145,0.4642857142857143,0.5357142857142857,0,0.4642857142857143,0,0,0.10714285714285714,0,Desktop-traditionalisten,28,0.5089285714285714,0.5357142857142857,0.4642857142857143,0.5,0.03571428571428571,0.75,28
98a508cb2794343697306b36d6838903,60,Mand,0,0,0,0,0,0,0,1,0,64,6+ måneder,Andet,Matrice,jp.dk,49,14,0.08163265306122448,0.1377551020408163,0,0,0,0,20,0,0.30612244897959184,0,0,0,1,0,0,0,0,Spøgelses-brugeren (Lav aktivitet),49,0.1377551020408163,0,1,0.08163265306122448,0,0.24489795918367346,49
dc06958e674987da4c082feed698ab7b,60,Mand,0,2,1,1,0,0,1,0,0,58,6+ måneder,Ukendt,topticker,jp.dk,369,31,0.2926829268292683,0.3394308943089431,0.6178861788617886,0,0,0,30,0,0.2845528455284553,0.24390243902439024,0.6178861788617886,0,0,0,0.04065040650406504,0.06775067750677506,0.03523035230352303,Power-brugeren (Mest mobil),369,0.3394308943089431,0.6178861788617886,0.3821138211382114,0.2926829268292683,0,0.5880758807588076,369
184b7d504cea2726418cfe3ffee86e47,60,Kvinde,0,0,0,0,0,0,1,0,0,69,6+ måneder,A,content,jp.dk,2,1,1,1,0,0,0,0,0,0,0,0,0,0,1,0,0,0,0,Desktop-traditionalisten,2,1,0,1,1,0,0,2
bb67464668525ef9adea575cbb6b55d1,60,Mand,0,0,0,0,0,0,0,1,1,59,0-7 dage,B,content,jp.dk,889,31,0.2688413948256468,0.30821147356580425,1,0,0,0,30,0,0.30821147356580425,0.17885264341957255,0,1,0,0.008998875140607425,0.015748031496062992,0.05399325084364454,0.04274465691788527,Power-brugeren (Mest mobil),889,0.30821147356580425,1,0,0.2688413948256468,0,0.4814398200224972,889
7080837382b57577727af45c00841473,60,Mand,1,0,0,0,0,2,1,0,0,65,6+ måneder,Andet,Matrice,jp.dk,37,6,0.40540540540540543,0.5202702702702703,0,0,0,0,26,0,0.21621621621621623,0.05405405405405406,0,0,1,0,0,0.02702702702702703,0,Desktop-traditionalisten,37,0.5202702702702703,0,1,0.40540540540540543,0,0.4864864864864865,37
67dfa9590d274a17c6ebf25307c19b82,60,Mand,1,3,1,2,0,0,0,1,0,73,6+ måneder,A,content,jp.dk,465,31,0.30752688172043013,0.289247311827957,0.5956989247311828,0,0,0.2752688172043011,30,0,0.4817204301075269,0.012903225806451613,0,0.5956989247311828,0.4043010752688172,0.0064516129032258064,0.04946236559139785,0.05591397849462366,0.05591397849462366,Power-brugeren (Mest mobil),465,0.289247311827957,0.5956989247311828,0.4043010752688172,0.30752688172043013,0.2752688172043011,0.5376344086021505,465
38b5b39ff16ebd584f08e55684902a3d,60,Mand,0,2,2,0,1,1,0,1,0,55,6+ måneder,Andet,Matrice,jp.dk,505,31,0.22376237623762377,0.31732673267326733,0.3108910891089109,0,0.015841584158415842,0.0039603960396039604,30,0,0.1702970297029703,0.300990099009901,0,0.3108910891089109,0.502970297029703,0.02178217821782178,0.0039603960396039604,0.06930693069306931,0.019801980198019802,Power-brugeren (Mest mobil),505,0.31732673267326733,0.3108910891089109,0.689108910891089,0.22376237623762377,0.0039603960396039604,0.6039603960396039,505
c502b0e0ba6d4368ce45fd4f8a87a07a,60,Mand,1,8,8,2,0,0,1,0,0,56,6+ måneder,Andet,mail,mail,550,31,0.2818181818181818,0.27,0,0,0,0,30,0,0.21272727272727274,0.12727272727272726,0.0018181818181818182,0,0.9963636363636363,0.00909090909090909,0.016363636363636365,0.07818181818181819,0.04727272727272727,Power-brugeren (Mest mobil),550,0.27,0,0.9981818181818182,0.2818181818181818,0,0.5854545454545454,548
0cb912d21dd09ce5dbef80537ee33207,60,Mand,1,12,3,11,3,2,1,0,0,59,6+ måneder,B,mail,mail,188,15,0.19680851063829788,0.26861702127659576,1,0,0,0.2393617021276596,30,0,0.4308510638297872,0.2127659574468085,0,1,0,0,0,0.0851063829787234,0.0425531914893617,Veteranen (Høj historik),188,0.26861702127659576,1,0,0.19680851063829788,0.2393617021276596,0.4627659574468085,188
66104ab0613a2f9088b1df33c38dbc59,60,Kvinde,0,0,0,0,0,0,1,0,0,32,0-7 dage,Andet,Matrice,jp.dk,6,2,0,0.16666666666666666,1,0,0,0,1,0,0.6666666666666666,0,1,0,0,0,0,0,0,Mobil-nykommeren,6,0.16666666666666666,1,0,0,0,0.8333333333333334,6
e13de6e155664bb2e86516f767b1cf9a,60,Mand,0,10,5,5,0,0,0,1,0,60,6+ måneder,A,content,jp.dk,695,31,0.2273381294964029,0.2435251798561151,0.37985611510791367,0,0,0,30,0,0.1856115107913669,0.45323741007194246,0.37985611510791367,0,0,0.0014388489208633094,0.012949640287769784,0.0618705035971223,0.02014388489208633,Power-brugeren (Mest mobil),695,0.2435251798561151,0.37985611510791367,0.6201438848920864,0.2273381294964029,0,0.7553956834532374,695
bf50a347c7aa164323490d1a16fb021d,60,Mand,0,20,7,16,0,0,0,1,0,64,6+ måneder,A,mail,mail,796,31,0.30025125628140703,0.3649497487437186,0.1934673366834171,0.005025125628140704,0,0.0728643216080402,30,0,0.36180904522613067,0.23618090452261306,0,0.1934673366834171,0.8065326633165829,0.005025125628140704,0.017587939698492462,0.05527638190954774,0.018844221105527637,Veteranen (Høj historik),796,0.3649497487437186,0.1934673366834171,0.8065326633165829,0.30025125628140703,0.0728643216080402,0.635678391959799,796
163cd6267e1d757e6daf66d9dafec0f4,60,Mand,0,3,0,2,2,2,0,1,1,85,6+ måneder,A,mail,mail,307,29,0.2899022801302932,0.46416938110749184,0,0,0,0,30,0,0,0.14332247557003258,0,0,0.9543973941368078,0.029315960912052116,0.016286644951140065,0.08469055374592833,0.016286644951140065,Desktop-traditionalisten,307,0.46416938110749184,0,1,0.2899022801302932,0,0.5146579804560261,307
95278ba8adc6b0fdd3f509baf2f967e4,60,Kvinde,0,9,5,5,2,2,1,0,0,76,6+ måneder,Andet,mail,mail,109,27,0.5412844036697247,0.5825688073394495,0.045871559633027525,0,0,0.01834862385321101,30,0,0.6513761467889908,0,0.1743119266055046,0,0,0.009174311926605505,0.07339449541284404,0.1743119266055046,0.03669724770642202,Veteranen (Høj historik),109,0.5825688073394495,0.045871559633027525,0.8256880733944955,0.5412844036697247,0.01834862385321101,0.1651376146788991,109
8a807bb2fc8743e59c5d7479472d53d9,60,Kvinde,1,1,1,0,0,0,0,1,0,55,6+ måneder,Andet,mail,mail,194,26,0.22164948453608246,0.21520618556701032,0.8298969072164949,0,0,0.02577319587628866,30,0,0.20618556701030927,0.3917525773195876,0.8298969072164949,0,0.030927835051546393,0.005154639175257732,0.005154639175257732,0.04639175257731959,0.05670103092783505,Mobil-nykommeren,194,0.21520618556701032,0.8298969072164949,0.17010309278350516,0.22164948453608246,0.02577319587628866,0.41237113402061853,194
f54ffadf1451a7caef4cc67e01afee38,60,Mand,0,17,9,11,1,1,1,0,0,48,6+ måneder,Ukendt,topticker,jp.dk,440,30,0.31136363636363634,0.35170454545454544,0.9590909090909091,0,0,0.0022727272727272726,30,0,0.33636363636363636,0.2909090909090909,0.9590909090909091,0,0,0.00909090909090909,0.011363636363636364,0.08409090909090909,0.056818181818181816,Veteranen (Høj historik),440,0.35170454545454544,0.9590909090909091,0.04090909090909091,0.31136363636363634,0.0022727272727272726,0.525,440
cd59224fcfcc404981604bd2c95ed713,60,Mand,1,4,2,1,1,2,0,1,1,76,6+ måneder,Andet,mail,mail,105,21,0.4095238095238095,0.5547619047619048,0.9333333333333333,0,0,0.17142857142857143,30,0,0.6190476190476191,0.12380952380952381,0.9333333333333333,0,0.06666666666666667,0.009523809523809525,0.02857142857142857,0.09523809523809523,0,Mobil-nykommeren,105,0.5547619047619048,0.9333333333333333,0.06666666666666667,0.4095238095238095,0.17142857142857143,0.5619047619047619,105
1afe42c07c73086a3d7239d14b5418a0,60,Mand,0,8,1,2,1,21,1,0,0,90,6+ måneder,Andet,mail,mail,5,2,0.8,0.25,0,0,0,0,11,0,0,0.6,0,0,0,0,0.2,0,0,Veteranen (Høj historik),5,0.25,0,1,0.8,0,0.8,5
da62f8551246a22ec01f2082ec6d51d8,60,Mand,0,0,0,0,0,0,0,1,1,63,0-7 dage,Andet,Matrice,jp.dk,1409,31,0.31369765791341375,0.28282469836763663,0.5202271114265437,0,0,7.097232079489e-4,30,0,0.38963804116394607,0.22001419446415899,0,0.5202271114265437,0.034066713981547196,0.0014194464158978,0.030518097941802696,0.063875088715401,0.030518097941802696,Power-brugeren (Mest mobil),1409,0.28282469836763663,0.5202271114265437,0.47977288857345635,0.31369765791341375,7.097232079489e-4,0.5294535131298793,1409
1c457d31216e43a1f6eb9f1b14303b0f,60,Mand,0,2,1,0,0,0,0,1,0,52,6+ måneder,A,content,jp.dk,3,1,0.6666666666666666,0.08333333333333333,0,0,0,0,0,0,0,0,0,0,1,0,0.3333333333333333,0,0,Desktop-traditionalisten,3,0.08333333333333333,0,1,0.6666666666666666,0,0.6666666666666666,3
82649ad2ffa03cbbf4c823a76d75a1b1,60,Kvinde,0,1,0,0,0,0,1,0,0,46,6+ måneder,Andet,Matrice,jp.dk,5,3,0.2,0.45,0.8,0,0,0,27,0,0.2,0.8,0.4,0.4,0,0,0,0,0,Mobil-nykommeren,5,0.45,0.8,0.2,0.2,0,0.2,5
62891d0bcc22360e6d25694b45cd0920,60,Mand,0,0,0,0,0,0,1,0,0,62,6+ måneder,A,content,jp.dk,735,30,0.2870748299319728,0.2445578231292517,0.9292517006802721,0,0,0,30,0,0.2163265306122449,0.031292517006802724,0.9292517006802721,0,0,0,0.029931972789115645,0.08163265306122448,0.03945578231292517,Power-brugeren (Mest mobil),735,0.2445578231292517,0.9292517006802721,0.0707482993197279,0.2870748299319728,0,0.5523809523809524,735
df243b961367b2174f33a26ff9d970db,60,Mand,0,0,0,0,0,0,0,1,0,62,6+ måneder,B,content,jp.dk,15,2,0.26666666666666666,0.48333333333333334,1,0.06666666666666667,0,0,27,0,0,0.6666666666666666,0,1,0,0,0,0.6,0.06666666666666667,Mobil-nykommeren,15,0.48333333333333334,1,0,0.26666666666666666,0,0.8,15
723ae23af4965904651d7857ab1c8d37,60,Kvinde,0,1,0,1,0,0,0,1,0,69,6+ måneder,B,content,jp.dk,1194,31,0.26800670016750416,0.3234924623115578,0.6415410385259631,8.375209380234506e-4,0,0.005025125628140704,30,0,0.37520938023450584,0.19597989949748743,0.6415410385259631,0,0.08710217755443886,0.023450586264656615,0.019262981574539362,0.046063651591289785,0.02680067001675042,Power-brugeren (Mest mobil),1194,0.3234924623115578,0.6415410385259631,0.35845896147403683,0.26800670016750416,0.005025125628140704,0.52428810720268,1193
261b2aa96e257baca502e9274d1f6737,60,Ikke oplyst,0,1,1,0,0,0,0,1,0,49,6+ måneder,A,content,jp.dk,297,27,0.2828282828282828,0.3063973063973064,1,0,0,0.003367003367003367,26,0,0.2895622895622896,0.25252525252525254,1,0,0,0.006734006734006734,0.04040404040404041,0.03367003367003367,0.026936026936026935,Mobil-nykommeren,297,0.3063973063973064,1,0,0.2828282828282828,0.003367003367003367,0.46464646464646464,295
b28ed967404925126fefb4e03b60eee9,60,Mand,1,0,0,0,0,0,0,1,1,61,0-7 dage,B,content,jp.dk,3,3,0.3333333333333333,0.5833333333333334,1,0.6666666666666666,0,0,16,0,0,0.6666666666666666,0,1,0,0,0,0,0,Mobil-nykommeren,3,0.5833333333333334,1,0,0.3333333333333333,0,0,3
441fba58754878611c05fa395b86c80b,60,Mand,0,2,2,0,0,0,0,1,1,34,6+ måneder,A,content,jp.dk,5,2,1,0.2,1,0,0,0.2,9,0,0.2,0.2,1,0,0,0,0,0,0,Mobil-nykommeren,5,0.2,1,0,1,0.2,0,5
d39d2ba1e1aaae6b07ef60d8e46b63b2,60,Kvinde,1,1,1,0,0,0,0,1,1,58,6+ måneder,Andet,Matrice,jp.dk,154,11,0.2597402597402597,0.2792207792207792,1,0,0,0.01948051948051948,10,0,0.21428571428571427,0.2727272727272727,1,0,0,0,0.01948051948051948,0.045454545454545456,0.006493506493506494,Mobil-nykommeren,154,0.2792207792207792,1,0,0.2597402597402597,0.01948051948051948,0.4155844155844156,154
cef8c111e1a6a010e5e1a9801e09a2e0,60,Mand,0,0,0,0,0,0,1,0,0,43,0-7 dage,B,content,jp.dk,12,6,0.3333333333333333,0.25,0.75,0,0,0.16666666666666666,29,0,0.25,0.08333333333333333,0.75,0,0,0,0,0,0.5,Mobil-nykommeren,12,0.25,0.75,0.25,0.3333333333333333,0.16666666666666666,0.4166666666666667,12
6327de327a3d8f57a37c7462da321d07,60,Mand,0,0,0,0,0,0,1,0,0,21,0-7 dage,Andet,Matrice,jp.dk,8,4,0.25,0.21875,0.125,0,0,0.125,11,0,0,0.125,0.125,0,0.875,0,0,0,0,Desktop-traditionalisten,8,0.21875,0.125,0.875,0.25,0.125,0.25,8
ac147643ddbb23fbd9182a4236c57ac8,60,Ikke oplyst,0,0,0,0,0,0,0,1,0,79,0-7 dage,A,content,jp.dk,8,3,0.375,0.8125,0,0,0,0,29,0,0,0,0,0,1,0,0,0.375,0,Desktop-traditionalisten,8,0.8125,0,1,0.375,0,0.5,8
cfda831591d317b78cb24f401d7fe1b4,60,Mand,0,0,0,0,0,0,1,0,0,65,6+ måneder,A,content,jp.dk,737,31,0.24830393487109906,0.17062415196743555,0,0,0,0.0027137042062415195,30,0,0.33921302578018997,0.2225237449118046,0,0,1,0.010854816824966078,0.04206241519674356,0.012211668928086838,0.017639077340569877,Power-brugeren (Mest mobil),737,0.17062415196743555,0,1,0.24830393487109906,0.0027137042062415195,0.4491180461329715,737
cf69da92adfa9b7918789261eb805ecc,60,Kvinde,1,1,1,0,0,0,0,1,0,48,6+ måneder,A,content,jp.dk,0,0,0,0,0,0,0,0,0,0,0,0,0,0,0,0,0,0,0,Spøgelses-brugeren (Lav aktivitet),0,0,0,0,0,0,0,0
0ec6b8f267326da4d32c62d776716dd5,60,Ikke oplyst,0,0,0,0,0,0,1,0,0,64,0-7 dage,Andet,Matrice,jp.dk,167,7,0.2275449101796407,0.2874251497005988,0.40718562874251496,0,0,0.05389221556886228,13,0,0.4431137724550898,0.2874251497005988,0.40718562874251496,0,0,0.029940119760479042,0.029940119760479042,0.029940119760479042,0.07784431137724551,Desktop-traditionalisten,167,0.2874251497005988,0.40718562874251496,0.592814371257485,0.2275449101796407,0.05389221556886228,0.6706586826347305,166
1270765e2f706706f11feb985c9b970d,60,Mand,0,0,0,0,0,0,0,1,0,46,0-7 dage,A,content,jp.dk,20,2,0.4,0.4,1,0,0,0,21,0,0.4,0.3,1,0,0,0,0,0,0,Mobil-nykommeren,20,0.4,1,0,0.4,0,0.7,20
b2a735ace0cd594f47ca9b0b2746514a,60,Mand,0,1,1,0,0,0,0,1,1,37,6+ måneder,A,content,jp.dk,48,11,0.3541666666666667,0.3333333333333333,0.125,0,0,0,25,0,0.20833333333333334,0.2708333333333333,0.125,0,0.2708333333333333,0,0,0.0625,0.020833333333333332,Desktop-traditionalisten,48,0.3333333333333333,0.125,0.875,0.3541666666666667,0,0.5,48
958256f5ac2353959f4f7f76b7cdda54,60,Mand,0,1,1,0,0,0,1,0,0,41,6+ måneder,A,content,jp.dk,684,31,0.2880116959064328,0.32858187134502925,0.9941520467836257,0,0,0,30,0,0.2324561403508772,0.3932748538011696,0.9956140350877193,0,0,0.014619883040935672,0.03216374269005848,0.07163742690058479,0.017543859649122806,Power-brugeren (Mest mobil),684,0.32858187134502925,0.9941520467836257,0.0043859649122807015,0.2880116959064328,0,0.6622807017543859,684
9e0e45845c878498d17ca42dbd872785,60,Mand,0,0,0,0,0,0,1,0,0,64,6+ måneder,A,content,jp.dk,234,25,0.358974358974359,0.38675213675213677,0,0,0,0,30,0,0.008547008547008548,0.39316239316239315,0.004273504273504274,0,0,0.008547008547008548,0.02564102564102564,0.10256410256410256,0.01282051282051282,Desktop-traditionalisten,234,0.38675213675213677,0,0.9957264957264957,0.358974358974359,0,0.717948717948718,234
f900fad4ac42e8268816ff7a5971bdde,60,Kvinde,0,1,1,0,0,0,0,1,0,59,6+ måneder,Andet,Matrice,jp.dk,24,17,0.5,0.6458333333333334,1,0.9583333333333334,0,0,29,0,0.20833333333333334,0.375,0,1,0,0.041666666666666664,0.08333333333333333,0.041666666666666664,0,Mobil-nykommeren,24,0.6458333333333334,1,0,0.5,0,0,24
a849d9488b9cdf59051a61d3ef094af8,60,Mand,0,4,3,0,0,0,0,1,0,57,6+ måneder,A,content,jp.dk,1028,29,0.31712062256809337,0.4180447470817121,0.6867704280155642,0,0,0,30,0,0.2704280155642023,0.07295719844357977,0.6867704280155642,0,0,0.008754863813229572,0.016536964980544747,0.05252918287937743,0.014591439688715954,Power-brugeren (Mest mobil),1028,0.4180447470817121,0.6867704280155642,0.3132295719844358,0.31712062256809337,0,0.6916342412451362,1027
1725d628a9e0eca83995d9c9f6811bb8,60,Mand,0,0,0,0,0,0,0,1,1,67,6+ måneder,B,mail,mail,267,29,0.27340823970037453,0.28558052434456926,0.0749063670411985,0,0,0,28,0,0.5692883895131086,0.07865168539325842,0.0749063670411985,0,0.9250936329588015,0.003745318352059925,0.0149812734082397,0.08239700374531835,0.0149812734082397,Desktop-traditionalisten,267,0.28558052434456926,0.0749063670411985,0.9250936329588015,0.27340823970037453,0,0.43820224719101125,267
451d2956462e734e2086bd99e0d51b2c,60,Mand,0,2,1,0,4,4,0,1,1,64,6+ måneder,B,mail,mail,825,31,0.3151515151515151,0.32727272727272727,0.9806060606060606,0,0,0,30,0,0.10545454545454545,0.3212121212121212,0.9806060606060606,0,0,0.006060606060606061,0.01575757575757576,0.041212121212121214,0.013333333333333334,Power-brugeren (Mest mobil),825,0.32727272727272727,0.9806060606060606,0.019393939393939394,0.3151515151515151,0,0.7854545454545454,825
b57e84e749107c4ff8a270681f26455f,60,Mand,0,1,1,0,6,6,0,1,1,72,6+ måneder,A,content,jp.dk,11,4,0.2727272727272727,0.3409090909090909,1,0,0,0,7,0,0,0.09090909090909091,1,0,0,0,0.18181818181818182,0.36363636363636365,0,Mobil-nykommeren,11,0.3409090909090909,1,0,0.2727272727272727,0,0,11
ebeca48dfb318c270bfb475b68999df2,60,Mand,0,0,0,0,0,0,1,0,0,57,0-7 dage,A,content,jp.dk,426,29,0.2676056338028169,0.2875586854460094,1,0,0,0.02112676056338028,30,0,0.23708920187793428,0.3333333333333333,1,0,0,0.014084507042253521,0.02112676056338028,0.08685446009389672,0.046948356807511735,Power-brugeren (Mest mobil),426,0.2875586854460094,1,0,0.2676056338028169,0.02112676056338028,0.4812206572769953,426
b5702853f7eb0115759ddbc7df0976c0,60,Mand,0,0,0,0,0,0,0,1,0,65,6+ måneder,A,content,jp.dk,226,26,0.3672566371681416,0.4081858407079646,0,0,0,0.01327433628318584,30,0,0.46017699115044247,0.15486725663716813,0,0,0,0.030973451327433628,0.017699115044247787,0.07079646017699115,0.084070796460177,Desktop-traditionalisten,226,0.4081858407079646,0,1,0.3672566371681416,0.01327433628318584,0.6283185840707964,226
481c8265554f63d9673fdfc21d40b119,60,Mand,0,4,1,4,0,0,0,1,1,52,6+ måneder,Andet,Matrice,jp.dk,386,30,0.24352331606217617,0.22862694300518135,0.9844559585492227,0,0,0.02849740932642487,30,0,0.344559585492228,0.2823834196891192,0.9844559585492227,0,0,0.0051813471502590676,0.0025906735751295338,0.010362694300518135,0.054404145077720206,Power-brugeren (Mest mobil),386,0.22862694300518135,0.9844559585492227,0.015544041450777202,0.24352331606217617,0.02849740932642487,0.56476683937823835,385
354e7a5939a921d12feedb99c6d967d1,60,Kvinde,0,0,0,0,0,0,0,1,0,30,6+ måneder,A,content,jp.dk,224,29,0.29464285714285715,0.28683035714285715,0.017857142857142856,0.013392857142857142,0,0,30,0,0,0.44642857142857145,0.017857142857142856,0,0.9821428571428571,0.004464285714285714,0.022321428571428572,0.08035714285714286,0.04017857142857143,Desktop-traditionalisten,224,0.28683035714285715,0.017857142857142856,0.9821428571428571,0.29464285714285715,0,0.71875,223
8a239924445f96f10127646a4856955e,60,Mand,0,0,0,0,3,3,0,1,0,53,6+ måneder,A,content,jp.dk,229,18,0.2314410480349345,0.3722707423580786,0.18777292576419213,0,0.021834061135371178,0,30,0,0.47161572052401746,0.2663755458515284,0,0.18777292576419213,0,0,0.021834061135371178,0.0611353711790393,0.07860262008733625,Desktop-traditionalisten,229,0.3722707423580786,0.18777292576419213,0.8122270742358079,0.2314410480349345,0,0.5240174672489083,229
fbdfb1d45b4477cf1f0ccbb98868f70a,60,Mand,1,0,0,0,0,0,1,0,0,62,0-7 dage,Andet,Matrice,jp.dk,43,9,0.23255813953488372,0.31976744186046513,0,0,0,0.11627906976744186,24,0,0.023255813953488372,0.06976744186046512,0,0,0.6744186046511628,0,0.023255813953488372,0.09302325581395349,0.06976744186046512,Desktop-traditionalisten,43,0.31976744186046513,0,1,0.23255813953488372,0.11627906976744186,0.6511627906976745,43
73fe5fb3c7941d317c7d1d0af638d6d7,60,Mand,0,0,0,0,0,0,1,0,0,64,6+ måneder,Andet,Matrice,jp.dk,331,26,0.26586102719033233,0.27416918429003023,0.31419939577039274,0,0,0.00906344410876133,30,0,0.09063444108761329,0.37462235649546827,0.31722054380664655,0,0.08459214501510574,0.06042296072507553,0.00906344410876133,0.1419939577039275,0.08459214501510574,Desktop-traditionalisten,331,0.27416918429003023,0.31419939577039274,0.6827794561933535,0.26586102719033233,0.00906344410876133,0.7522658610271903,331
b369776f5a7d9687ff77d6c0613dbc17,60,Kvinde,0,0,0,0,0,0,1,0,0,68,0-7 dage,Ukendt,Ukendt,Ukendt,27,4,0.37037037037037035,0.5925925925925926,0.48148148148148145,0,0,0,27,0,0,0.2222222222222222,0.48148148148148145,0,0.5185185185185185,0,0,0.037037037037037035,0.037037037037037035,Desktop-traditionalisten,27,0.5925925925925926,0.48148148148148145,0.5185185185185185,0.37037037037037035,0,0.9259259259259259,27
046878673f1947c44cae501a7bf9b3c3,60,Mand,0,0,0,0,0,0,0,1,0,57,0-7 dage,Ukendt,Ukendt,Ukendt,0,0,0,0,0,0,0,0,0,0,0,0,0,0,0,0,0,0,0,Spøgelses-brugeren (Lav aktivitet),0,0,0,0,0,0,0,0
a5f6f94c551812c51e21c140a3b31346,60,Kvinde,0,0,0,0,0,0,0,1,0,51,0-7 dage,Andet,Matrice,jp.dk,5,2,0.2,0.4,1,0,0,0,10,0,0,0,1,0,0,0,0,0,0,Mobil-nykommeren,5,0.4,1,0,0.2,0,0.4,5
928b157e4e5cadd4d92b31f0458e8a25,60,Kvinde,0,1,1,0,0,0,0,1,1,37,6+ måneder,A,content,jp.dk,4,2,0.25,0.25,0,0.25,0,0,11,0,0.25,0,0,0,1,0,0.25,0,0,Desktop-traditionalisten,4,0.25,0,1,0.25,0,0.25,4
b830221f1ce2bb617658079c1c1b13fe,50,Mand,1,0,0,0,0,0,1,0,0,64,0-7 dage,B,mail,mail,244,26,0.29508196721311475,0.30225409836065575,0,0,0,0,29,0,0.0778688524590164,0.09016393442622951,0,0,0,0.028688524590163935,0.020491803278688523,0.06147540983606557,0.045081967213114756,Desktop-traditionalisten,244,0.30225409836065575,0,1,0.29508196721311475,0,0.5655737704918032,244
45334961f410050e6723765f1b7eae29,60,Mand,1,1,0,1,0,0,0,1,1,53,6+ måneder,Andet,Matrice,jp.dk,30,17,0.5,0.20833333333333334,0.9333333333333333,0.3333333333333333,0,0,30,0,0.13333333333333333,0.43333333333333335,0.9333333333333333,0,0.06666666666666667,0,0.2,0.1,0.03333333333333333,Mobil-nykommeren,30,0.20833333333333334,0.9333333333333333,0.06666666666666667,0.5,0,0.13333333333333333,30
91a2573ca8e375c5c1612a20c525f5c5,60,Mand,0,5,3,1,0,0,1,0,0,48,6+ måneder,B,content,jp.dk,1327,31,0.22305953278070836,0.23455162019593068,0.8251695553880934,0,0,0.0015071590052750565,30,0,0.27807083647324793,0.28334589299171065,0.8251695553880934,0,0.10097965335342879,0.002260738507912585,0.016578749058025623,0.027882441597588545,0.033157498116051246,Power-brugeren (Mest mobil),1327,0.23455162019593068,0.8251695553880934,0.17483044461190655,0.22305953278070836,0.0015071590052750565,0.3700075357950264,1323
4b533526985480b9c90d72288ab55c41,60,Kvinde,0,0,0,0,0,0,1,0,0,44,6+ måneder,Andet,Matrice,jp.dk,90,10,0.36666666666666664,0.375,0.32222222222222224,0,0,0.06666666666666667,24,0,0.34444444444444444,0.6111111111111112,0,0.32222222222222224,0.3,0.011111111111111112,0,0.08888888888888889,0.05555555555555555,Desktop-traditionalisten,90,0.375,0.32222222222222224,0.6777777777777778,0.36666666666666664,0.06666666666666667,0.7333333333333333,90
e02076a514c52dda3fa98d8902d143b2,60,Kvinde,0,1,0,0,0,0,1,0,0,32,6+ måneder,B,content,jp.dk,1,1,1,1,0,0,0,0,0,0,0,1,0,0,0,0,0,0,0,Desktop-traditionalisten,1,1,0,1,1,0,0,1
bbb3918da131e3f8c9ab270a2224ef1b,60,Mand,0,0,0,0,0,0,1,0,0,21,0-7 dage,Andet,Matrice,jp.dk,9,2,0.2222222222222222,0.4166666666666667,0.1111111111111111,0,0,0.3333333333333333,12,0,0,0,0.1111111111111111,0,0,0.1111111111111111,0,0,0,Desktop-traditionalisten,9,0.4166666666666667,0.1111111111111111,0.8888888888888888,0.2222222222222222,0.3333333333333333,0.1111111111111111,9
adcf67549ea5003d9f1ab69ed748c94a,8,Kvinde,1,9,4,3,6,5,1,0,0,71,6+ måneder,B,content,jp.dk,5,2,0.6,0.55,1,0,0,0.4,7,0,0,0,1,0,0,0,0,0,0,Veteranen (Høj historik),5,0.55,1,0,0.6,0.4,0.4,5
5b184e20faf8e969c0e55e9f82dc821f,60,Mand,0,0,0,0,0,0,0,1,1,60,6+ måneder,B,content,jp.dk,14,2,0.5,0.21428571428571427,0,0,0,0,6,0,0,0.7142857142857143,0,0,0,0.07142857142857142,0.14285714285714285,0,0,Desktop-traditionalisten,14,0.21428571428571427,0,1,0.5,0,0.6428571428571429,14
a27140357601e9c28ca749163db1ea4f,60,Kvinde,1,3,1,2,0,0,1,0,0,70,6+ måneder,Andet,mail,mail,0,0,0,0,0,0,0,0,0,0,0,0,0,0,0,0,0,0,0,Spøgelses-brugeren (Lav aktivitet),0,0,0,0,0,0,0,0
df2460fe773a98e7e564d45cc0c6da70,60,Mand,0,0,0,0,0,0,0,1,0,50,6+ måneder,A,content,jp.dk,186,13,0.41397849462365593,0.3293010752688172,0.9354838709677419,0.005376344086021506,0,0,25,0,0.20430107526881722,0.25268817204301075,0.9354838709677419,0,0,0.021505376344086023,0.03763440860215054,0.07526881720430108,0.04838709677419355,Mobil-nykommeren,186,0.3293010752688172,0.9354838709677419,0.06451612903225806,0.41397849462365593,0,0.6935483870967742,186
ebf5c4601d4f18fc942ea7484462e14b,60,Mand,1,0,0,0,0,0,1,0,0,54,6+ måneder,A,content,jp.dk,6,3,0.3333333333333333,0.4583333333333333,0.6666666666666666,0,0,0,11,0,0.3333333333333333,0.16666666666666666,0.6666666666666666,0,0.3333333333333333,0,0,0,0,Mobil-nykommeren,6,0.4583333333333333,0.6666666666666666,0.3333333333333333,0.3333333333333333,0,0.16666666666666666,6
6ef97b05e9a9dd60bdbbd8f31c87c5d1,60,Kvinde,0,0,0,0,0,0,1,0,0,79,6+ måneder,B,content,jp.dk,0,0,0,0,0,0,0,0,0,0,0,0,0,0,0,0,0,0,0,Spøgelses-brugeren (Lav aktivitet),0,0,0,0,0,0,0,0
35e4a3451e17fa1e4f7b69cb8768ddd7,60,Mand,1,0,0,0,0,0,1,0,0,68,6+ måneder,Andet,mail,mail,5,4,0.4,0.4,1,0,0.8,0,18,0,0.8,0,0,1,0,0,0,0,0,Mobil-nykommeren,5,0.4,1,0,0.4,0,0.2,5
a1ab031d1263dbcbc2c4f235f3564423,60,Mand,1,8,3,2,3,3,1,0,0,89,6+ måneder,Andet,mail,mail,141,28,0.2198581560283688,0.31382978723404253,0,0,0,0,30,0,0.40425531914893614,0.04964539007092199,0,0,1,0,0.06382978723404255,0.02127659574468085,0.014184397163120567,Desktop-traditionalisten,141,0.31382978723404253,0,1,0.2198581560283688,0,0.41134751773049644,141
e463f0f9681d51595aa29d943c869b0d,60,Mand,1,0,0,0,0,0,0,1,0,76,6+ måneder,Andet,Matrice,jp.dk,290,17,0.30689655172413793,0.4068965517241379,0,0,0,0,16,0,0.3586206896551724,0.1310344827586207,0,0,1,0.013793103448275862,0.027586206896551724,0.07241379310344828,0.010344827586206896,Desktop-traditionalisten,290,0.4068965517241379,0,1,0.30689655172413793,0,0.5482758620689655,290
ac379f976af179c7f900b2b9f118c123,60,Mand,0,4,4,1,0,0,0,1,1,78,6+ måneder,Andet,mail,mail,291,30,0.31958762886597936,0.3745704467353952,0,0,0,0.003436426116838488,30,0,0.570446735395189,0.12714776632302405,0,0,0.027491408934707903,0,0.027491408934707903,0.054982817869415807,0.027491408934707903,Desktop-traditionalisten,291,0.3745704467353952,0,1,0.31958762886597936,0.003436426116838488,0.47766323024054985,291
c279248607a5bab56ccba7ac446223f6,60,Mand,0,1,1,0,0,0,0,1,0,57,1-6 måneder,Andet,Matrice,jp.dk,586,31,0.15699658703071673,0.18344709897610922,1,0,0,0,30,0,0.2696245733788396,0.2832764505119454,1,0,0,0,0.008532423208191127,0.03754266211604096,0.020477815699658702,Power-brugeren (Mest mobil),586,0.18344709897610922,1,0,0.15699658703071673,0,0.2781569965870307,586
70b4d870d09b91a6d0b8b07af47a65c5,60,Mand,0,0,0,0,0,0,1,0,0,37,6+ måneder,A,content,jp.dk,46,13,0.5217391304347826,0.3695652173913043,0.9782608695652174,0.021739130434782608,0,0.021739130434782608,24,0,0.30434782608695654,0.43478260869565216,0.9782608695652174,0,0.021739130434782608,0,0.043478260869565216,0.30434782608695654,0,Mobil-nykommeren,46,0.3695652173913043,0.9782608695652174,0.021739130434782608,0.5217391304347826,0.021739130434782608,0.30434782608695654,45
f0f705e69a3153587156a90de673faee,60,Mand,1,0,0,0,0,0,0,1,1,24,1-6 måneder,Andet,Matrice,jp.dk,70,12,0.44285714285714284,0.3464285714285714,0.5857142857142857,0,0,0.07142857142857142,28,0,0,0.21428571428571427,0.5857142857142857,0,0.4142857142857143,0,0.11428571428571428,0,0,Mobil-nykommeren,70,0.3464285714285714,0.5857142857142857,0.4142857142857143,0.44285714285714284,0.07142857142857142,0.5142857142857142,69
b9fcb0eed6c3143d5102e67740a162f5,60,Mand,1,2,2,0,1,1,0,1,0,92,6+ måneder,A,content,jp.dk,163,22,0.25153374233128833,0.3696319018404908,0,0,0,0.03680981595092025,29,0,0,0.6134969325153374,0,0,1,0.012269938650306749,0.012269938650306749,0.018404907975460124,0,Desktop-traditionalisten,163,0.3696319018404908,0,1,0.25153374233128833,0.03680981595092025,0.7116564417177914,163
0c102fba45b6df93b843ac40049572a3,60,Mand,0,1,1,0,0,0,0,1,0,32,1-6 måneder,A,content,jp.dk,274,21,0.28102189781021897,0.4041970802919708,0,0,0,0,30,0,0.291970802919708,0,0,0,1,0,0.025547445255474453,0.12773722627737227,0.014598540145985401,Desktop-traditionalisten,274,0.4041970802919708,0,1,0.28102189781021897,0,0.5036496350364964,274
efe89095184e910f2b51824e8c4439c4,60,Kvinde,0,0,0,0,0,0,1,0,0,53,0-7 dage,Andet,Matrice,jp.dk,15,4,0.26666666666666666,0.43333333333333335,1,0,0,0,4,0,0,0.7333333333333333,1,0,0,0.06666666666666667,0,0,0,Mobil-nykommeren,15,0.43333333333333335,1,0,0.26666666666666666,0,0.4666666666666667,15
97277819e09ed9f7d393fd3f3d624656,60,Mand,1,25,10,14,8,8,1,0,0,70,6+ måneder,B,content,jp.dk,60,27,0.6166666666666667,0.575,1,0,0.9666666666666667,0,30,0,0.16666666666666666,0.05,0,1,0,0,0.05,0.06666666666666667,0.03333333333333333,Veteranen (Høj historik),60,0.575,1,0,0.6166666666666667,0,0.03333333333333333,60
54094c3c9edc3db4786151a6c8b9b5a6,60,Mand,0,3,0,3,3,4,0,1,1,67,6+ måneder,A,content,jp.dk,747,31,0.1927710843373494,0.19912985274431058,1,0,0,0.024096385542168676,30,0,0.1459170013386881,0.2597054886211513,0,1,0,0.004016064257028112,0.022757697456492636,0.04417670682730924,0.0321285140562249,Power-brugeren (Mest mobil),747,0.19912985274431058,1,0,0.1927710843373494,0.024096385542168676,0.3119143239625167,746
53a5a0ac68ef0f39ff5d68a23ad1b88e,60,Mand,1,3,3,0,0,0,1,0,0,43,6+ måneder,A,content,jp.dk,658,31,0.2857142857142857,0.2405015197568389,0.12310030395136778,0,0,0,30,0,0.3662613981762918,0.12310030395136778,0,0.12310030395136778,0.776595744680851,0.0060790273556231,0.016717325227963525,0.0425531914893617,0.0425531914893617,Power-brugeren (Mest mobil),658,0.2405015197568389,0.12310030395136778,0.8768996960486323,0.2857142857142857,0,0.5668693009118541,658
61423e0d9a8a1b3b06f4e29a0515c61b,60,Kvinde,0,0,0,0,0,0,1,0,0,73,6+ måneder,Andet,Matrice,jp.dk,3,1,0,0.3333333333333333,1,0,0,0,0,0,0,1,1,0,0,0,0,0,0,Mobil-nykommeren,3,0.3333333333333333,1,0,0,0,1,3
d7de0bb1872779d0fa95792981d2e399,60,Mand,0,0,0,0,0,0,0,1,0,50,6+ måneder,A,content,jp.dk,1,1,0,1,1,0,0,0,0,0,0,1,1,0,0,0,0,0,0,Mobil-nykommeren,1,1,1,0,0,0,0,1
f32c43d378bf9c3fff05c3106dcf599f,60,Kvinde,1,0,0,0,0,0,1,0,0,53,6+ måneder,A,content,jp.dk,6,2,0.5,0.4166666666666667,0,0,0,0,21,0,0,0.16666666666666666,0,0,0,0,0.5,0,0,Desktop-traditionalisten,6,0.4166666666666667,0,1,0.5,0,0.3333333333333333,6
c7942fc44892805619480b10b00a1c97,60,Mand,0,1,1,0,0,0,0,1,0,66,6+ måneder,B,content,jp.dk,160,21,0.35625,0.396875,0,0,0,0,30,0,0.6375,0.03125,0,0,1,0.00625,0.025,0.1125,0.00625,Desktop-traditionalisten,160,0.396875,0,1,0.35625,0,0.6,160
f19cb9bef22172940b4139ddc47320c0,60,Mand,0,0,0,0,0,0,0,1,0,59,6+ måneder,B,content,jp.dk,124,12,0.3790322580645161,0.36088709677419356,0.1774193548387097,0,0,0.008064516129032258,30,0,0.29838709677419356,0.1532258064516129,0.1774193548387097,0,0,0.008064516129032258,0.016129032258064516,0.07258064516129033,0.03225806451612903,Desktop-traditionalisten,124,0.36088709677419356,0.1774193548387097,0.8225806451612904,0.3790322580645161,0.008064516129032258,0.8467741935483871,124
02480b1eb465af71452760dd0d8916f8,60,Kvinde,0,2,2,0,3,3,0,1,0,53,6+ måneder,Andet,Matrice,jp.dk,98,21,0.22448979591836735,0.20408163265306123,0.5102040816326531,0,0,0.030612244897959183,30,0,0.23469387755102042,0.3469387755102041,0.5102040816326531,0,0.4897959183673469,0,0.01020408163265306,0.030612244897959183,0.02040816326530612,Mobil-nykommeren,98,0.20408163265306123,0.5102040816326531,0.4897959183673469,0.22448979591836735,0.030612244897959183,0.32653061224489793,98
003a92354fb88e0e3e411bc290291b6a,60,Kvinde,0,5,4,2,1,1,0,1,1,76,6+ måneder,B,mail,mail,517,31,0.2978723404255319,0.3471953578336557,0.4796905222437137,0,0,0.015473887814313346,30,0,0.2553191489361702,0.23210831721470018,0.4796905222437137,0,0,0.0038684719535783366,0.019342359767891684,0.061895551257253385,0.03481624758220503,Power-brugeren (Mest mobil),517,0.3471953578336557,0.4796905222437137,0.5203094777562862,0.2978723404255319,0.015473887814313346,0.5241779497098646,516
cfb0f260bbd8b345ebb474ee8b3a31c3,60,Mand,0,1,1,0,0,0,0,1,1,63,6+ måneder,B,content,jp.dk,60,12,0.5666666666666667,0.6833333333333333,0.25,0.05,0.13333333333333333,0,28,0,0.16666666666666666,0.016666666666666666,0,0.25,0.75,0,0,0.1,0.016666666666666666,Desktop-traditionalisten,60,0.6833333333333333,0.25,0.75,0.5666666666666667,0,0.65,60
3f267ca819325c1fe782457dac5089e1,60,Mand,0,2,2,1,0,0,0,1,1,46,6+ måneder,Andet,mail,mail,337,30,0.3115727002967359,0.30415430267062316,0,0,0,0,30,0,0.2818991097922849,0.27002967359050445,0.5637982195845698,0,0.4362017804154303,0.002967359050445104,0.01483679525222552,0.05934718100890208,0.01483679525222552,Desktop-traditionalisten,337,0.30415430267062316,0,0.4362017804154303,0.3115727002967359,0,0.5934718100890207,337
be465621bdb0c21f03d0394cd0d5bf0f,60,Mand,0,0,0,0,0,0,0,1,0,59,6+ måneder,Andet,Matrice,jp.dk,32,3,0.3125,0.203125,0.25,0,0,0,7,0,0.5625,0,0.25,0,0,0,0,0.0625,0.0625,Desktop-traditionalisten,32,0.203125,0.25,0.75,0.3125,0,0.78125,32
134dd83b74c604e99debbbe1d9c57439,60,Mand,0,0,0,0,0,0,1,0,0,53,6+ måneder,A,content,jp.dk,77,20,0.2597402597402597,0.237012987012987,0,0,0,0,30,0,0.025974025974025976,0.4155844155844156,0,0,1,0.025974025974025976,0,0.025974025974025976,0,Desktop-traditionalisten,77,0.237012987012987,0,1,0.2597402597402597,0,0.38961038961038963,77
10a0ed175bf7ebdb21f21e266673a8be,60,Mand,0,8,4,4,5,5,1,0,0,74,6+ måneder,A,content,jp.dk,179,16,0.4022346368715084,0.4581005586592179,0.329608938547486,0,0,0.00558659217877095,30,0,0.1452513966480447,0.329608938547486,1,0,0,0.01675977653631285,0.027932960893854747,0.061452513966480445,0.0446927374301676,Veteranen (Høj historik),179,0.4581005586592179,0.329608938547486,0,0.4022346368715084,0.00558659217877095,0.770949720670391,179
b7cd75ab3ab11de36960a62aa04af6e0,60,Kvinde,0,0,0,0,0,0,1,0,0,63,0-7 dage,Andet,Matrice,jp.dk,346,27,0.26011560693641617,0.23699421965317918,0,0,0,0.014450867052023121,30,0,0.5635838150289018,0.13005780346820808,0,0,0,0.005780346820809248,0.031791907514450865,0.06647398843930635,0.028901734104046242,Desktop-traditionalisten,346,0.23699421965317918,0,1,0.26011560693641617,0.014450867052023121,0.5346820809248555,346
68818956d457acc9f70ebf681b0e4893,60,Mand,1,4,2,0,2,2,0,1,0,69,6+ måneder,Andet,Matrice,jp.dk,540,29,0.21851851851851853,0.2800925925925926,0,0,0,0,30,0,0.2759259259259259,0.19444444444444445,0,0,1,0.001851851851851852,0.011111111111111112,0.018518518518518517,0.05925925925925926,Desktop-traditionalisten,540,0.2800925925925926,0,1,0.21851851851851853,0,0.4111111111111111,540
fc860489591750d23f909bcc9450b0ef,60,Mand,1,6,3,3,6,6,0,1,0,66,6+ måneder,Andet,mail,mail,209,28,0.23444976076555024,0.32057416267942584,1,0,0,0.48325358851674644,30,0,0.42105263157894735,0.14832535885167464,0,1,0,0,0.06698564593301436,0.06698564593301436,0.014354066985645933,Veteranen (Høj historik),209,0.32057416267942584,1,0,0.23444976076555024,0.48325358851674644,0.46411483253588515,209
e171a8643675f93226e0df6704494ed7,60,Mand,0,0,0,0,0,0,0,1,0,55,0-7 dage,B,content,jp.dk,18,4,0.2222222222222222,0.4305555555555556,0.3333333333333333,0,0,0,9,0,0.3888888888888889,0,0.3333333333333333,0,0.6666666666666666,0,0,0.5,0,Desktop-traditionalisten,18,0.4305555555555556,0.3333333333333333,0.6666666666666666,0.2222222222222222,0,0.5,18
bf88a2da0661ba3ff1e98352538369ef,60,Mand,1,0,0,0,0,0,1,0,0,56,6+ måneder,Andet,Matrice,jp.dk,0,0,0,0,0,0,0,0,0,0,0,0,0,0,0,0,0,0,0,Spøgelses-brugeren (Lav aktivitet),0,0,0,0,0,0,0,0
5cefcaad01e8ec72faac4537f2ea715b,60,Mand,0,7,4,0,0,0,1,0,0,55,6+ måneder,B,content,jp.dk,377,28,0.38992042440318303,0.3978779840848806,0.5543766578249337,0,0,0.1830238726790451,30,0,0.3448275862068966,0.14058355437665782,0.8753315649867374,0,0.1246684350132626,0.002652519893899204,0.03183023872679045,0.1909814323607427,0.034482758620689655,Power-brugeren (Mest mobil),377,0.3978779840848806,0.5543766578249337,0.1246684350132626,0.38992042440318303,0.1830238726790451,0.596816976127321,376
9b286b9d8135a91d3d8edc5f6caefe5d,60,Mand,0,1,0,1,0,0,0,1,1,45,6+ måneder,B,content,jp.dk,140,12,0.35,0.4107142857142857,0,0,0,0,27,0,0.40714285714285714,0.37857142857142856,0,0,0,0,0.03571428571428571,0.07142857142857142,0.014285714285714285,Desktop-traditionalisten,140,0.4107142857142857,0,1,0.35,0,0.7642857142857142,140
6dadff0c41d7b24501bba233d55bebc5,60,Kvinde,0,4,1,2,0,0,0,1,0,47,6+ måneder,A,content,jp.dk,292,30,0.339041095890411,0.3792808219178082,1,0,0,0,30,0,0.19863013698630136,0.3493150684931507,1,0,0,0,0.0136986301369863,0.06164383561643835,0.0410958904109589,Mobil-nykommeren,292,0.3792808219178082,1,0,0.339041095890411,0,0.541095890410959,292
b4dad48c72f72f415a9ea3e137b06419,60,Kvinde,0,0,0,0,0,0,0,1,1,39,0-7 dage,A,content,jp.dk,6,2,0.3333333333333333,0.6666666666666666,1,0.5,0,0,5,0,0.8333333333333334,0,1,0,0,0,0,0,0,Mobil-nykommeren,6,0.6666666666666666,1,0,0.3333333333333333,0,0,6
e4d9cab3486eec07a0601a5874711d9e,60,Mand,0,9,5,5,0,0,1,0,0,74,6+ måneder,A,content,jp.dk,1101,31,0.22161671207992734,0.2974568574023615,0,0,0,0.0036330608537693005,30,0,0.3069936421435059,0.1044504995458674,0,0,1,0,0.023614895549500452,0.03360581289736603,0.01634877384196185,Power-brugeren (Mest mobil),1101,0.2974568574023615,0,1,0.22161671207992734,0.0036330608537693005,0.405086285195277,1101
30af1188b05d88e62fc64e6615574579,60,Mand,0,5,3,1,0,0,1,0,0,56,6+ måneder,Andet,Matrice,jp.dk,328,29,0.25,0.3871951219512195,0.8414634146341463,0,0,0.009146341463414634,30,0,0.1524390243902439,0.36890243902439024,0.8414634146341463,0,0,0.009146341463414634,0.018292682926829267,0.03048780487804878,0.018292682926829267,Power-brugeren (Mest mobil),328,0.3871951219512195,0.8414634146341463,0.15853658536585366,0.25,0.009146341463414634,0.5426829268292683,328
cdcf80d158f378db78d1d8fadb387ab8,60,Mand,1,1,0,0,0,0,0,1,0,50,6+ måneder,A,content,jp.dk,225,31,0.5111111111111111,0.7244444444444444,0.68,0,0,0.0044444444444444444,30,0,0.3111111111111111,0.13777777777777778,0.68,0,0.32,0,0.07111111111111111,0.1111111111111111,0.04888888888888889,Mobil-nykommeren,225,0.7244444444444444,0.68,0.32,0.5111111111111111,0.0044444444444444444,0.21777777777777776,225
7310d9a89f117d551524d81270cc4cea,60,Mand,0,0,0,0,0,0,0,1,0,72,0-7 dage,A,content,jp.dk,267,28,0.3782771535580524,0.5056179775280899,0.651685393258427,0,0,0,30,0,0.14232209737827714,0.2247191011235955,0.651685393258427,0,0,0.003745318352059925,0.011235955056179775,0.0898876404494382,0.018726591760299626,Mobil-nykommeren,267,0.5056179775280899,0.651685393258427,0.34831460674157305,0.3782771535580524,0,0.6853932584269663,267
add49e9f3efbc829a809336238069353,60,Mand,1,3,2,2,1,1,1,0,0,76,6+ måneder,Andet,mail,mail,93,14,0.44086021505376344,0.3521505376344086,0.41935483870967744,0,0,0.13978494623655913,29,0,0.2903225806451613,0.053763440860215055,0.41935483870967744,0,0,0.06451612903225806,0.021505376344086023,0.07526881720430108,0.13978494623655913,Desktop-traditionalisten,93,0.3521505376344086,0.41935483870967744,0.5806451612903226,0.44086021505376344,0.13978494623655913,0.4838709677419355,93
b23d91918f36a511ee6bb142a6980359,60,Mand,0,1,1,0,0,0,1,0,0,56,6+ måneder,B,mail,mail,381,30,0.2782152230971129,0.3569553805774278,0.8083989501312336,0,0,0.005249343832020997,30,0,0.23622047244094488,0.15748031496062992,0,0.8083989501312336,0.19160104986876642,0.0026246719160104987,0.02099737532808399,0.05774278215223097,0.023622047244094488,Power-brugeren (Mest mobil),381,0.3569553805774278,0.8083989501312336,0.19160104986876642,0.2782152230971129,0.005249343832020997,0.49606299212598426,381
24d200dbbdc90ade21b149b9ebc16d98,60,Kvinde,0,0,0,0,0,0,1,0,0,67,6+ måneder,A,content,jp.dk,3,1,0,0.6666666666666666,0,0,0,0,0,0,0,0,0,0,0.3333333333333333,0,0,0,0,Desktop-traditionalisten,3,0.6666666666666666,0,1,0,0,0.3333333333333333,3
e673b3a9ddc2393a2ccc0ce52666ba2f,60,Kvinde,0,2,2,0,0,0,1,0,0,64,6+ måneder,A,content,jp.dk,577,31,0.28422876949740034,0.35701906412478335,0.8682842287694974,0,0,0.43674176776429807,30,0,0.2564991334488735,0.1854419410745234,0,0.8682842287694974,0.1317157712305026,0.0017331022530329288,0.01733102253032929,0.07452339688041594,0.01386481802426343,Power-brugeren (Mest mobil),577,0.35701906412478335,0.8682842287694974,0.1317157712305026,0.28422876949740034,0.43674176776429807,0.48873483535528595,577
2f2789bce65dd9b3344478bdce2342e6,60,Mand,0,12,8,4,1,0,0,1,1,41,6+ måneder,A,content,jp.dk,584,30,0.4006849315068493,0.5291095890410958,0.0136986301369863,0,0,0,30,0,0.3065068493150685,0.2243150684931507,0,0.0136986301369863,0.9863013698630136,0,0.04452054794520548,0.05821917808219178,0.02226027397260274,Veteranen (Høj historik),584,0.5291095890410958,0.0136986301369863,0.9863013698630136,0.4006849315068493,0,0.9006849315068494,584
ef90ea2326cba1cf3eee3776c430b624,60,Mand,0,0,0,0,0,0,0,1,0,35,6+ måneder,B,content,jp.dk,2,1,0.5,0.5,1,0,0,0,0,0,0,0,1,0,0,0,0,0,1,Mobil-nykommeren,2,0.5,1,0,0.5,0,0,2
ed4d4eaaf45e242a84710ec306d662a8,60,Mand,0,1,1,0,1,1,0,1,0,70,1-6 måneder,Andet,Matrice,jp.dk,25,7,0.6,0.56,0.4,0,0,0,29,0,0.52,0.12,0.52,0,0,0,0,0.04,0.16,Mobil-nykommeren,25,0.56,0.4,0.48,0.6,0,0.48,25
28cde128aeb3f6579a2f6b02edd80a9a,60,Mand,0,7,3,2,0,0,1,0,0,78,6+ måneder,Andet,mail,mail,0,0,0,0,0,0,0,0,0,0,0,0,0,0,0,0,0,0,0,Spøgelses-brugeren (Lav aktivitet),0,0,0,0,0,0,0,0
f87ca85b587609d9510f97269789c02c,60,Mand,1,15,12,4,2,1,0,1,0,70,6+ måneder,A,content,jp.dk,882,30,0.2562358276643991,0.31179138321995464,0.0022675736961451248,0,0,0.003401360544217687,30,0,0.1621315192743764,0.31405895691609975,0.0022675736961451248,0,0.08616780045351474,0.01927437641723356,0.017006802721088437,0.06349206349206349,0.04081632653061224,Veteranen (Høj historik),882,0.31179138321995464,0.0022675736961451248,0.9977324263038548,0.2562358276643991,0.003401360544217687,0.9727891156462585,882
82e94553b5632fdab9a7723df1b4fde4,60,Mand,0,0,0,0,0,0,0,1,1,41,0-7 dage,Andet,Matrice,jp.dk,72,7,0.3472222222222222,0.3819444444444444,1,0,0,0.027777777777777776,29,0,0.4444444444444444,0.16666666666666666,0,1,0,0,0.041666666666666664,0.027777777777777776,0.027777777777777776,Mobil-nykommeren,72,0.3819444444444444,1,0,0.3472222222222222,0.027777777777777776,0.9444444444444444,72
4905dd46c16d18159de212431037b037,60,Mand,1,5,0,2,0,0,0,1,1,65,6+ måneder,Andet,mail,mail,59,8,0.1864406779661017,0.1652542372881356,0,0,0,0,29,0,0.11864406779661017,0.5254237288135594,0,0,1,0,0,0.01694915254237288,0,Desktop-traditionalisten,59,0.1652542372881356,0,1,0.1864406779661017,0,0.7796610169491526,59
2a5ac71661a5b6fab9cb884c8bead8d6,60,Mand,0,2,1,1,0,0,0,1,0,52,6+ måneder,A,content,jp.dk,363,30,0.36363636363636365,0.29958677685950413,0.953168044077135,0,0,0,30,0,0.5537190082644629,0.2066115702479339,0,0.953168044077135,0.046831955922865015,0,0.011019283746556474,0.07988980716253444,0.03305785123966942,Power-brugeren (Mest mobil),363,0.29958677685950413,0.953168044077135,0.046831955922865015,0.36363636363636365,0,0.5840220385674931,363
d58d431c768aa802457db2134c04e7fa,60,Kvinde,0,0,0,0,0,0,0,1,0,67,6+ måneder,B,content,jp.dk,50,17,0.12,0.175,0,0,0,0,30,0,0.22,0.48,0,0,0,0,0,0.04,0.04,Desktop-traditionalisten,50,0.175,0,1,0.12,0,0.44,50
67d63442a6872a7d0c8c9c556222efb3,60,Kvinde,1,0,0,0,0,1,1,0,0,76,6+ måneder,Andet,mail,mail,651,31,0.2980030721966206,0.2672811059907834,0.019969278033794162,0.041474654377880185,0,0.015360983102918587,30,0,0.3794162826420891,0.09523809523809523,0.07834101382488479,0,0,0.007680491551459293,0.02457757296466974,0.07834101382488479,0.029185867895545316,Power-brugeren (Mest mobil),651,0.2672811059907834,0.019969278033794162,0.9216589861751152,0.2980030721966206,0.015360983102918587,0.43164362519201227,651
7bd3476e9c4d1e139317924f42a5b8fb,60,Mand,1,3,2,0,0,0,1,0,0,64,6+ måneder,B,mail,mail,546,31,0.2509157509157509,0.30448717948717946,0,0,0,0,30,0,0.1978021978021978,0.2490842490842491,1,0,0,0.023809523809523808,0.04212454212454213,0.023809523809523808,0.0641025641025641,Power-brugeren (Mest mobil),546,0.30448717948717946,0,0,0.2509157509157509,0,0.4523809523809524,546
276ad228a0e3d1283a9ed066a5de77f9,60,Mand,1,5,1,5,5,5,0,1,0,83,6+ måneder,Andet,mail,mail,59,18,0.3559322033898305,0.4152542372881356,0.4745762711864407,0,0.423728813559322,0,30,0,0.3898305084745763,0.15254237288135594,0,0.4745762711864407,0.5254237288135594,0.01694915254237288,0.03389830508474576,0.13559322033898305,0.1016949152542373,Veteranen (Høj historik),59,0.4152542372881356,0.4745762711864407,0.5254237288135594,0.3559322033898305,0,0.15254237288135594,59
403adce9ceebe9bf502807ff561d4336,60,Mand,1,8,3,4,3,3,1,0,0,87,6+ måneder,A,mail,mail,72,22,0.5138888888888888,0.5555555555555556,0,0,0,0.027777777777777776,27,0,0.7361111111111112,0,0,0,0,0,0.09722222222222222,0.041666666666666664,0.08333333333333333,Veteranen (Høj historik),72,0.5555555555555556,0,1,0.5138888888888888,0.027777777777777776,0.125,72
e9e13727ac2e77bab1603fe24946eacf,60,Mand,1,10,8,4,1,1,1,0,0,66,6+ måneder,A,content,jp.dk,487,31,0.26899383983572894,0.3080082135523614,0.9342915811088296,0,0,0.008213552361396304,30,0,0.33675564681724846,0.26078028747433263,0.9342915811088296,0,0.018480492813141684,0.002053388090349076,0.006160164271047228,0.057494866529774126,0.03285420944558522,Power-brugeren (Mest mobil),487,0.3080082135523614,0.9342915811088296,0.06570841889117043,0.26899383983572894,0.008213552361396304,0.4209445585215606,487
cd6c3e6398909fdb7208c8a41682afec,60,Mand,0,0,0,0,0,0,1,0,0,28,0-7 dage,A,content,jp.dk,34,8,0.3235294117647059,0.2647058823529412,0.5882352941176471,0,0,0,26,0,0.3235294117647059,0.38235294117647056,0.6470588235294118,0,0,0,0,0.029411764705882353,0.029411764705882353,Mobil-nykommeren,34,0.2647058823529412,0.5882352941176471,0.35294117647058826,0.3235294117647059,0,0.4411764705882353,34
077ad124aef49eab3dc083a6fb080799,60,Mand,1,0,0,0,0,0,0,1,1,37,6+ måneder,A,content,jp.dk,2,1,0.5,1,1,0,0,0,0,0,0,1,1,0,0,0,0,0,0,Mobil-nykommeren,2,1,1,0,0.5,0,0,2
89fe18e88ee14abb6b80d6c2bffe70fe,60,Mand,0,10,5,6,1,1,0,1,1,63,6+ måneder,Andet,mail,mail,92,19,0.3695652173913043,0.4266304347826087,1,0,0,0.18478260869565216,30,0,0.41304347826086957,0,1,0,0,0.021739130434782608,0.043478260869565216,0.05434782608695652,0.07608695652173914,Veteranen (Høj historik),92,0.4266304347826087,1,0,0.3695652173913043,0.18478260869565216,0.358695652173913,92
32752ac08b09a3190d1691e16508a2b6,60,Mand,0,6,1,5,0,0,0,1,0,52,6+ måneder,A,content,jp.dk,251,24,0.32669322709163345,0.2818725099601594,0.8725099601593626,0,0,0,28,0,0.3904382470119522,0.26294820717131473,0.8725099601593626,0,0.12749003984063745,0.01195219123505976,0.01593625498007968,0.07171314741035857,0.043824701195219126,Power-brugeren (Mest mobil),251,0.2818725099601594,0.8725099601593626,0.12749003984063745,0.32669322709163345,0,0.5737051792828686,251
c72388148b999f0f684abdc883dfb610,60,Mand,0,0,0,0,0,0,0,1,1,55,0-7 dage,A,content,jp.dk,213,27,0.3192488262910798,0.30633802816901406,0.9765258215962441,0,0,0,27,0,0.07981220657276995,0.5070422535211268,0.9765258215962441,0,0,0.004694835680751174,0.009389671361502348,0.0892018779342723,0.014084507042253521,Mobil-nykommeren,213,0.30633802816901406,0.9765258215962441,0.023474178403755867,0.3192488262910798,0,0.4788732394366197,212
004b2a16f2f9167482481fec96be4856,60,Kvinde,0,15,13,1,0,0,1,0,0,70,6+ måneder,Andet,Matrice,jp.dk,603,31,0.3200663349917081,0.417910447761194,0.8308457711442786,0,0,0.439469320066335,30,0,0.19237147595356552,0.28192371475953565,1,0,0,0.014925373134328358,0.02321724709784411,0.06799336650082918,0.06965174129353234,Power-brugeren (Mest mobil),603,0.417910447761194,0.8308457711442786,0,0.3200663349917081,0.439469320066335,0.5356550580431177,603
30f784b5886a73a096111934c55158a9,60,Kvinde,1,5,3,3,0,0,0,1,0,79,6+ måneder,B,mail,mail,4,1,0.25,0.75,1,0,0,0,0,0,0,0,1,0,0,0,0,0.25,0,Mobil-nykommeren,4,0.75,1,0,0.25,0,0.75,4
3828bc6e3a5fdfa667cb87eb2a13abf3,60,Mand,0,0,0,0,0,0,0,1,1,71,6+ måneder,A,content,jp.dk,208,13,0.3605769230769231,0.5240384615384616,0,0,0,0,30,0,0.009615384615384616,0.1778846153846154,0,0,0,0,0,0.09615384615384616,0.03365384615384615,Desktop-traditionalisten,208,0.5240384615384616,0,1,0.3605769230769231,0,0.9134615384615384,208
d2e7df5218a6ff959bf1ab85f1858ce4,60,Mand,1,7,3,4,2,2,1,0,0,66,6+ måneder,Ukendt,topticker,jp.dk,434,31,0.2926267281105991,0.29723502304147464,0.43548387096774194,0,0,0.004608294930875576,30,0,0.271889400921659,0.195852534562212,0,0.43548387096774194,0.5645161290322581,0.0069124423963133645,0.02304147465437788,0.07142857142857142,0.018433179723502304,Power-brugeren (Mest mobil),434,0.29723502304147464,0.43548387096774194,0.5645161290322581,0.2926267281105991,0.004608294930875576,0.532258064516129,434
9bfae9e41939127da82276d8e0c6a15b,60,Kvinde,0,3,3,0,0,0,1,0,0,65,6+ måneder,Andet,Matrice,jp.dk,744,31,0.31586021505376344,0.3165322580645161,1,0,0,0,30,0,0.33198924731182794,0.1989247311827957,1,0,0,0,0.030913978494623656,0.06854838709677419,0.013440860215053764,Power-brugeren (Mest mobil),744,0.3165322580645161,1,0,0.31586021505376344,0,0.543010752688172,744
abeb1d79971bcb963d77fc429fdc130d,60,Mand,1,7,2,5,0,0,0,1,1,55,6+ måneder,Andet,mail,mail,24,17,0.6666666666666666,0.6770833333333334,1,0.7083333333333334,0,0,25,0,0.20833333333333334,0.25,1,0,0,0,0.041666666666666664,0.20833333333333334,0.08333333333333333,Mobil-nykommeren,24,0.6770833333333334,1,0,0.6666666666666666,0,0.16666666666666666,24
e623f27be79cacb492037e987b93e622,60,Mand,0,4,3,1,2,2,0,1,0,53,6+ måneder,B,content,jp.dk,268,25,0.3619402985074627,0.4337686567164179,0.5970149253731343,0.007462686567164179,0,0,30,0,0.2537313432835821,0.23134328358208955,0.5970149253731343,0,0.40298507462686567,0.0037313432835820895,0.022388059701492536,0.11194029850746269,0.026119402985074626,Mobil-nykommeren,268,0.4337686567164179,0.5970149253731343,0.40298507462686567,0.3619402985074627,0,0.6492537313432836,267
91da1e0cb5dca0f1aa2018f7cd3c4508,60,Kvinde,0,5,1,3,4,4,1,0,0,80,6+ måneder,Andet,mail,mail,2,2,0.5,0.25,0.5,0,0,0,19,0,0.5,0,0.5,0,0,0,0,0.5,0,Mobil-nykommeren,2,0.25,0.5,0.5,0.5,0,0,2
b05464e0ee4bf859a46eb460baa70052,60,Mand,0,3,1,1,5,5,1,0,0,53,6+ måneder,Andet,mail,mail,424,30,0.30660377358490565,0.24764150943396226,0.9905660377358491,0,0,0.0023584905660377358,30,0,0.09433962264150944,0.4009433962264151,0.9905660377358491,0,0.009433962264150943,0.018867924528301886,0.02358490566037736,0.07075471698113207,0.049528301886792456,Mobil-nykommeren,424,0.24764150943396226,0.9905660377358491,0.009433962264150943,0.30660377358490565,0.0023584905660377358,0.5070754716981132,424
34d88178100f7dc67e01e0aaba334352,60,Mand,0,6,2,2,0,0,1,0,0,26,6+ måneder,Andet,Matrice,jp.dk,529,31,0.2627599243856333,0.29820415879017015,0.005671077504725898,0,0,0.003780718336483932,30,0,0.28166351606805295,0.2948960302457467,0.005671077504725898,0,0,0,0.015122873345935728,0.04914933837429111,0.011342155009451797,Power-brugeren (Mest mobil),529,0.29820415879017015,0.005671077504725898,0.994328922495274,0.2627599243856333,0.003780718336483932,0.6313799621928167,529
0e8de2444b618b91a174a5834a364882,60,Kvinde,0,0,0,0,0,0,0,1,1,26,6+ måneder,A,content,jp.dk,6,3,0.3333333333333333,0.75,0,0,0,0.16666666666666666,22,0,0,0,0,0,0,0,0,0,0,Desktop-traditionalisten,6,0.75,0,1,0.3333333333333333,0.16666666666666666,0.3333333333333333,6
f52035d04affa1321c66d4076947afcb,60,Kvinde,0,0,0,0,0,0,0,1,1,32,0-7 dage,A,content,jp.dk,20,3,0.35,0.2,1,0,0,0,4,0,0.75,0.15,1,0,0,0,0.1,0.2,0.05,Mobil-nykommeren,20,0.2,1,0,0.35,0,0.4,20
e86c2ca04e30c7880e34bc7a6e698898,60,Kvinde,0,0,0,0,0,0,1,0,0,66,6+ måneder,A,content,jp.dk,15,3,0.26666666666666666,0.5666666666666667,0.6,0,0,0,28,0,0,0,0.6,0,0,0,0.06666666666666667,0,0.2,Mobil-nykommeren,15,0.5666666666666667,0.6,0.4,0.26666666666666666,0,0.8,15
95558b3372f189aac34ee20d87310feb,61,Kvinde,0,5,4,0,1,1,0,1,0,62,6+ måneder,Ukendt,Weblayer,jp.dk,16,9,0.3125,0.265625,1,0,0,0,23,0,0.375,0.125,1,0,0,0,0.0625,0,0.125,Mobil-nykommeren,16,0.265625,1,0,0.3125,0,0.25,16
befa7a8c62ddf34b84108309cd2c1f59,60,Mand,0,0,0,0,0,0,1,0,0,68,6+ måneder,A,content,jp.dk,5,2,0.4,1,0,0,0,0.4,1,0,0.2,0,0,0,1,0,0,0.6,0,Desktop-traditionalisten,5,1,0,1,0.4,0.4,0.2,5
95475eb5c95d53d33288731c7721d070,60,Kvinde,0,0,0,0,0,0,0,1,1,67,0-7 dage,A,content,jp.dk,11,3,0.18181818181818182,0.25,1,0,0,0,20,0,0.09090909090909091,0.18181818181818182,1,0,0,0,0,0,0,Mobil-nykommeren,11,0.25,1,0,0.18181818181818182,0,0.2727272727272727,11
9153a6624713df854263c439289aa3a4,60,Kvinde,0,1,1,0,0,2,0,1,0,82,6+ måneder,Andet,mail,mail,0,0,0,0,0,0,0,0,0,0,0,0,0,0,0,0,0,0,0,Spøgelses-brugeren (Lav aktivitet),0,0,0,0,0,0,0,0
9a740f002bede65a38ed185625bccb35,60,Mand,1,10,4,3,0,0,1,0,0,61,6+ måneder,A,content,jp.dk,1077,30,0.25812441968430827,0.27274837511606315,1,0,0,0,30,0,0.25069637883008355,0.3751160631383473,0,1,0,0.007428040854224698,0.02135561745589601,0.032497678737233054,0.013927576601671309,Power-brugeren (Mest mobil),1077,0.27274837511606315,1,0,0.25812441968430827,0,0.9962859795728877,1076
aace5950e6b447f75724c6edebe9b719,60,Mand,0,9,5,4,0,0,0,1,1,73,6+ måneder,A,mail,mail,228,30,0.32894736842105265,0.375,0.2719298245614035,0,0,0,30,0,0.20175438596491227,0.16228070175438597,0.2719298245614035,0,0,0,0.03508771929824561,0.12719298245614036,0.013157894736842105,Desktop-traditionalisten,228,0.375,0.2719298245614035,0.7280701754385965,0.32894736842105265,0,0.631578947368421,228
ed29887940286545ed9f378597b0384b,60,Mand,0,0,0,0,0,0,0,1,0,50,0-7 dage,A,content,jp.dk,186,23,0.27956989247311825,0.34274193548387094,1,0,0,0,30,0,0.16129032258064516,0.478494623655914,0,1,0,0.03225806451612903,0.08602150537634409,0.05913978494623656,0.03763440860215054,Mobil-nykommeren,186,0.34274193548387094,1,0,0.27956989247311825,0,0.5376344086021505,186
798f1ad26b892da22923188a9e8e4797,60,Mand,1,34,10,26,10,10,0,1,0,76,6+ måneder,B,mail,mail,102,20,0.5,0.4485294117647059,0.9411764705882353,0,0,0,27,0,0.14705882352941177,0.5392156862745098,0.9411764705882353,0,0,0.049019607843137254,0.029411764705882353,0.21568627450980393,0.029411764705882353,Veteranen (Høj historik),102,0.4485294117647059,0.9411764705882353,0.058823529411764705,0.5,0,0.3235294117647059,102
a569d2248b9913b7e918dfc1f172760c,60,Mand,1,5,2,2,0,0,1,0,0,77,6+ måneder,Andet,mail,mail,0,0,0,0,0,0,0,0,0,0,0,0,0,0,0,0,0,0,0,Spøgelses-brugeren (Lav aktivitet),0,0,0,0,0,0,0,0
245f21fbcfbc2c99dbf41818ef3774fc,60,Kvinde,0,0,0,0,0,0,1,0,0,47,8-30 dage,B,content,jp.dk,17,5,0.47058823529411764,0.5588235294117647,1,0,0.47058823529411764,0.29411764705882354,12,0,0.5294117647058824,0.23529411764705882,0,1,0,0,0,0,0,Mobil-nykommeren,17,0.5588235294117647,1,0,0.47058823529411764,0.29411764705882354,0,17
f8aaf2658148a3cff3785804aac976d2,60,Mand,0,0,0,0,0,0,1,0,0,57,0-7 dage,A,content,jp.dk,378,25,0.29365079365079366,0.2810846560846561,0.12433862433862433,0,0,0,29,0,0.12433862433862433,0.24867724867724866,0,0.12433862433862433,0.8756613756613757,0.005291005291005291,0.05026455026455026,0.06084656084656084,0.021164021164021163,Desktop-traditionalisten,378,0.2810846560846561,0.12433862433862433,0.8756613756613757,0.29365079365079366,0,0.6640211640211641,378
61a8d7545abeeae31cca4d7ea8adfbd5,60,Mand,0,1,1,0,0,0,1,0,0,73,6+ måneder,B,content,jp.dk,605,28,0.24297520661157024,0.2359504132231405,0.6512396694214876,0,0,0,30,0,0.0859504132231405,0.35702479338842974,0.6512396694214876,0,0,0.009917355371900827,0.0049586776859504135,0.0512396694214876,0.024793388429752067,Power-brugeren (Mest mobil),605,0.2359504132231405,0.6512396694214876,0.3487603305785124,0.24297520661157024,0,0.4479338842975207,605
59ae565e5018e86e8a80ed789f3b6450,60,Kvinde,0,1,1,0,1,1,1,0,0,61,6+ måneder,A,content,jp.dk,43,6,0.7441860465116279,0.7790697674418605,0,0,0,0,25,0,0,0.7674418604651163,0,0,1,0,0.13953488372093023,0.06976744186046512,0.27906976744186046,Desktop-traditionalisten,43,0.7790697674418605,0,1,0.7441860465116279,0,0.5581395348837209,43
8b716e11d42ed2e3a0ab16af04e27afd,5,Mand,0,0,0,0,0,0,1,0,0,73,6+ måneder,A,content,jp.dk,3,2,0.3333333333333333,0.6666666666666666,1,0,0,0,1,0,0,0,1,0,0,0,0,1,0,Mobil-nykommeren,3,0.6666666666666666,1,0,0.3333333333333333,0,0,3
9914011e182681ed9d6c24cb442405ce,60,Mand,1,4,3,3,1,1,1,0,0,77,6+ måneder,B,mail,mail,3,1,0.6666666666666666,0.5,0,0,0,0,0,0,0,0,0,0,1,0,0,0,0,Desktop-traditionalisten,3,0.5,0,1,0.6666666666666666,0,0.6666666666666666,3
1dea1f63217786b469f54f3de9c83a6c,60,Kvinde,0,0,0,0,0,0,0,1,0,56,0-7 dage,Ukendt,Weblayer,jp.dk,50,11,0.28,0.24,1,0,0,0,16,0,0.22,0.36,1,0,0,0,0,0.04,0.02,Mobil-nykommeren,50,0.24,1,0,0.28,0,0.48,50
e4ef9939aade2fbcfc42abe59387806f,60,Mand,0,0,0,0,0,0,0,1,1,26,0-7 dage,Andet,matrice,jp.dk,9,2,0,0,0.6666666666666666,0,0,0.1111111111111111,13,0,0,0.3333333333333333,0,0.6666666666666666,0.3333333333333333,0,0,0,0,Spøgelses-brugeren (Lav aktivitet),9,0,0.6666666666666666,0.3333333333333333,0,0.1111111111111111,0,9
6fc98d7428258b1f7e2cbfcf32151197,60,Kvinde,0,0,0,0,0,0,1,0,0,40,0-7 dage,A,content,jp.dk,0,0,0,0,0,0,0,0,0,0,0,0,0,0,0,0,0,0,0,Spøgelses-brugeren (Lav aktivitet),0,0,0,0,0,0,0,0
77b11ccf26a9e23d4e6fb10a372b8374,60,Mand,0,0,0,0,0,0,0,1,0,55,0-7 dage,A,content,jp.dk,194,23,0.34536082474226804,0.41237113402061853,0.041237113402061855,0.010309278350515464,0,0.020618556701030927,30,0,0.29381443298969073,0.020618556701030927,0,0.041237113402061855,0.9587628865979382,0.005154639175257732,0.030927835051546393,0.06701030927835051,0.02577319587628866,Desktop-traditionalisten,194,0.41237113402061853,0.041237113402061855,0.9587628865979382,0.34536082474226804,0.020618556701030927,0.7783505154639175,194
5daa2e5e9f52ac6ee7ef98806e2b42ad,60,Kvinde,1,0,0,0,3,3,0,1,0,69,6+ måneder,A,content,jp.dk,179,20,0.37988826815642457,0.44553072625698326,0,0,0,0.0223463687150838,30,0,0.3240223463687151,0.45251396648044695,1,0,0,0,0.03910614525139665,0.08379888268156424,0.0335195530726257,Mobil-nykommeren,179,0.44553072625698326,0,0,0.37988826815642457,0.0223463687150838,0.770949720670391,179
d717496b69d3d8d5d201e81fa257ac9e,60,Mand,0,0,0,0,0,0,0,1,0,52,6+ måneder,A,content,jp.dk,7,4,0.14285714285714285,0.6785714285714286,1,0.14285714285714285,0,0.2857142857142857,19,0,0.2857142857142857,0.14285714285714285,1,0,0,0,0,0,0,Mobil-nykommeren,7,0.6785714285714286,1,0,0.14285714285714285,0.2857142857142857,0,7
1fc6c306171021f85d6e02cf977da4f1,60,Kvinde,0,0,0,0,0,0,1,0,0,78,6+ måneder,A,content,jp.dk,33,6,0.36363636363636365,0.6287878787878788,0,0,0,0.09090909090909091,27,0,0.15151515151515152,0.30303030303030304,0,0,1,0,0.030303030303030304,0,0.12121212121212122,Desktop-traditionalisten,33,0.6287878787878788,0,1,0.36363636363636365,0.09090909090909091,0.7878787878787878,33
111f0b8ba99b5f710b9ff3e9fb73df42,60,Mand,0,5,3,2,2,2,0,1,1,60,6+ måneder,Ukendt,Matrice,jp.dk,434,31,0.2695852534562212,0.31048387096774194,0.7142857142857143,0,0,0.002304147465437788,30,0,0.1359447004608295,0.37557603686635943,0.7142857142857143,0,0.2857142857142857,0.03917050691244239,0.02534562211981567,0.029953917050691243,0.009216589861751152,Power-brugeren (Mest mobil),434,0.31048387096774194,0.7142857142857143,0.2857142857142857,0.2695852534562212,0.002304147465437788,0.4631336405529954,434
53d01f1f3bec115d6ef1353f681595cb,60,Mand,0,1,1,0,0,0,1,0,0,60,6+ måneder,A,content,jp.dk,68,22,0.5882352941176471,0.44485294117647056,0,0,0,0,27,0,0.10294117647058823,0.4411764705882353,0,0,0,0.014705882352941176,0.058823529411764705,0.08823529411764706,0.10294117647058823,Desktop-traditionalisten,68,0.44485294117647056,0,1,0.5882352941176471,0,0.4117647058823529,68
c62e2aca7afc1e9c73872a62e30e7848,60,Kvinde,1,0,0,0,0,0,0,1,1,36,6+ måneder,Andet,Matrice,jp.dk,3,2,0.6666666666666666,0.4166666666666667,1,0,0,0.6666666666666666,1,0,0.3333333333333333,0.6666666666666666,1,0,0,0,0,0,0,Mobil-nykommeren,3,0.4166666666666667,1,0,0.6666666666666666,0.6666666666666666,0,3
8d6db829e8ec4283d3d84a0f47ef3c8e,60,Mand,1,4,4,3,4,4,0,1,1,84,6+ måneder,Andet,Matrice,jp.dk,49,14,0.4897959183673469,0.33163265306122447,0,0,0,0.04081632653061224,26,0,0.3673469387755102,0,0.04081632653061224,0,0,0,0.08163265306122448,0.10204081632653061,0.04081632653061224,Veteranen (Høj historik),49,0.33163265306122447,0,0.9591836734693877,0.4897959183673469,0.04081632653061224,0.3673469387755102,49
5ec9609c523d672d8c7b3cfc38b5cf8f,60,Kvinde,1,14,3,11,0,0,0,1,1,53,6+ måneder,Andet,mail,mail,23,11,0.5652173913043478,0.6847826086956522,1,0.6956521739130435,0,0,28,0,0.21739130434782608,0.17391304347826086,1,0,0,0,0,0.043478260869565216,0.043478260869565216,Veteranen (Høj historik),23,0.6847826086956522,1,0,0.5652173913043478,0,0.21739130434782608,23
e5de615145f8a831304370c9bb2e4c42,60,Mand,0,2,2,0,2,2,0,1,0,68,6+ måneder,A,content,jp.dk,62,20,0.4838709677419355,0.7540322580645161,0,0,0,0,30,0,0.06451612903225806,0.16129032258064516,0,0,1,0,0.43548387096774194,0.0967741935483871,0.016129032258064516,Desktop-traditionalisten,62,0.7540322580645161,0,1,0.4838709677419355,0,0.41935483870967744,62
270b83e04ecc73760c6f4c5f678bae8a,60,Mand,0,0,0,0,0,0,0,1,1,32,0-7 dage,Andet,matrice,jp.dk,0,0,0,0,0,0,0,0,0,0,0,0,0,0,0,0,0,0,0,Spøgelses-brugeren (Lav aktivitet),0,0,0,0,0,0,0,0
1cde84f1aa8759c31f345196e5a0ac4a,60,Mand,1,8,3,6,1,1,0,1,0,79,6+ måneder,Andet,mail,mail,9,3,0.2222222222222222,0.5,1,0,0,0,19,0,0.6666666666666666,0.1111111111111111,0,1,0,0,0,0,0.1111111111111111,Mobil-nykommeren,9,0.5,1,0,0.2222222222222222,0,0.3333333333333333,9
0c1f0cec87d275a5a25de0d6f7f3a32a,60,Kvinde,0,0,0,0,0,0,0,1,1,58,6+ måneder,A,content,jp.dk,4,1,0.25,0.25,1,0,0,0,0,0,0,1,1,0,0,0,0,0,0,Mobil-nykommeren,4,0.25,1,0,0.25,0,0.5,4
5582f3359c519dabc59888fe33454786,5,Kvinde,1,0,0,0,2,2,0,1,1,70,6+ måneder,B,mail,mail,6,1,0.5,0.6666666666666666,1,0,0,0,0,0,0,0,1,0,0,0,0.16666666666666666,0.16666666666666666,0,Mobil-nykommeren,6,0.6666666666666666,1,0,0.5,0,0.8333333333333334,6
1aa8b8e306867a78fdf10facd145d9d2,60,Ikke oplyst,1,0,0,0,0,0,0,1,1,46,0-7 dage,B,content,jp.dk,20,2,0.35,0.575,0,0,0,0,2,0,0,0.65,0,0,0,0.05,0.05,0.1,0.05,Desktop-traditionalisten,20,0.575,0,1,0.35,0,0.9,20
6091f63e9313dc3e4146be31e293f445,60,Mand,0,0,0,0,3,3,0,1,0,84,6+ måneder,A,content,jp.dk,47,19,0.48936170212765956,0.7021276595744681,0.14893617021276595,0,0,0,30,0,0,0.10638297872340426,0.19148936170212766,0,0,0,0.0425531914893617,0.14893617021276595,0,Desktop-traditionalisten,47,0.7021276595744681,0.14893617021276595,0.8085106382978723,0.48936170212765956,0,0.3404255319148936,47
bb57881a5cf90e79b2b7fbf18fcba6ef,60,Mand,0,7,6,0,0,0,0,1,0,47,6+ måneder,Andet,mail,mail,967,31,0.2936918304033092,0.35806618407445706,0.8562564632885212,0,0,0,30,0,0.19441571871768357,0.46845915201654603,0,0.8562564632885212,0.1437435367114788,0.002068252326783868,0.02688728024819028,0.09513960703205791,0.027921406411582212,Power-brugeren (Mest mobil),967,0.35806618407445706,0.8562564632885212,0.1437435367114788,0.2936918304033092,0,0.7156153050672182,967
0929400c8fa50fe0f12172f3eb32c042,60,Mand,0,1,0,0,0,0,0,1,0,78,6+ måneder,Ukendt,Weblayer,jp.dk,0,0,0,0,0,0,0,0,0,0,0,0,0,0,0,0,0,0,0,Spøgelses-brugeren (Lav aktivitet),0,0,0,0,0,0,0,0
bb36e706698779b4386e240e45a76c9f,60,Mand,0,0,0,0,0,0,0,1,0,52,0-7 dage,Andet,Matrice,jp.dk,16,11,0.375,0.1875,0.9375,0,0,0,25,0,0,0.375,0.9375,0,0,0.0625,0.125,0,0,Mobil-nykommeren,16,0.1875,0.9375,0.0625,0.375,0,0,16
c9e12beabccbe760eb991404a1a6d8a8,60,Mand,0,0,0,0,0,0,0,1,1,80,6+ måneder,B,content,jp.dk,346,27,0.37572254335260113,0.4328034682080925,1,0,0,0.08670520231213873,30,0,0.17052023121387283,0.16184971098265896,0,1,0,0.13005780346820808,0.03468208092485549,0.07803468208092486,0.049132947976878616,Mobil-nykommeren,346,0.4328034682080925,1,0,0.37572254335260113,0.08670520231213873,0.7658959537572254,346
c8a278dec924a95815133c3f0c15e8cd,60,Mand,0,5,3,1,4,4,0,1,0,71,6+ måneder,Andet,Matrice,jp.dk,14,5,0.2857142857142857,0.19642857142857142,0,0,0,0,28,0,0.42857142857142855,0,0,0,1,0,0.07142857142857142,0,0,Desktop-traditionalisten,14,0.19642857142857142,0,1,0.2857142857142857,0,0.6428571428571429,14
0fbf18c8102a33efcce853cb88f22501,60,Mand,0,5,4,4,2,2,1,0,0,59,6+ måneder,Andet,mail,mail,89,20,0.651685393258427,0.44662921348314605,0.9325842696629213,0.011235955056179775,0,0.02247191011235955,28,0,0.056179775280898875,0.0449438202247191,0.9325842696629213,0,0.06741573033707865,0.02247191011235955,0.056179775280898875,0.056179775280898875,0.16853932584269662,Mobil-nykommeren,89,0.44662921348314605,0.9325842696629213,0.06741573033707865,0.651685393258427,0.02247191011235955,0.39325842696629215,89
31a8bcdc10668cbc947138c9a0b10ef0,60,Kvinde,0,0,0,0,0,0,1,0,0,59,0-7 dage,Ukendt,Matrice,jp.dk,0,0,0,0,0,0,0,0,0,0,0,0,0,0,0,0,0,0,0,Spøgelses-brugeren (Lav aktivitet),0,0,0,0,0,0,0,0
995b95ede4107aab54f00f40a337f04f,60,Mand,0,0,0,0,0,0,0,1,0,48,0-7 dage,A,content,jp.dk,153,19,0.21568627450980393,0.29248366013071897,0,0,0,0.0196078431372549,28,0,0.30718954248366015,0.09803921568627451,0,0,1,0.0392156862745098,0.0196078431372549,0.058823529411764705,0.013071895424836602,Desktop-traditionalisten,153,0.29248366013071897,0,1,0.21568627450980393,0.0196078431372549,0.47058823529411764,153
b83f2517fe31511f1844600382c10fff,60,Kvinde,0,0,0,0,0,0,0,1,1,20,6+ måneder,A,content,jp.dk,2,2,0.5,0.5,0,0,0,0.5,3,0,0,0.5,0,0,0,0,0,0,0,Desktop-traditionalisten,2,0.5,0,1,0.5,0.5,0,2
e7b7e0997cfb6da158631fb040cc14a4,60,Mand,1,3,2,2,0,0,1,0,0,84,6+ måneder,A,content,jp.dk,115,12,0.5217391304347826,0.6630434782608695,0,0,0,0,29,0,0.6347826086956522,0.11304347826086956,1,0,0,0,0.043478260869565216,0.06086956521739131,0.043478260869565216,Desktop-traditionalisten,115,0.6630434782608695,0,0,0.5217391304347826,0,0.8173913043478261,115
555edd907cc4194ff6ac3441ebd3dbbe,60,Mand,0,1,1,0,0,0,1,0,0,44,6+ måneder,Andet,Matrice,jp.dk,27,5,0.37037037037037035,0.46296296296296297,0.18518518518518517,0,0,0.1111111111111111,22,0,0.18518518518518517,0.037037037037037035,0,0.18518518518518517,0.8148148148148148,0,0,0,0.037037037037037035,Desktop-traditionalisten,27,0.46296296296296297,0.18518518518518517,0.8148148148148148,0.37037037037037035,0.1111111111111111,0.7037037037037037,27
212576b9422b677f9ab77323ac2e636f,60,Kvinde,0,1,1,0,0,0,0,1,1,72,6+ måneder,A,content,jp.dk,0,0,0,0,0,0,0,0,0,0,0,0,0,0,0,0,0,0,0,Spøgelses-brugeren (Lav aktivitet),0,0,0,0,0,0,0,0
c275388bc56a60aedfef3a0d4197b3e8,60,Kvinde,0,1,1,0,0,0,0,1,0,66,6+ måneder,B,content,jp.dk,19,5,0.631578947368421,0.3157894736842105,1,0.2631578947368421,0,0.15789473684210525,27,0,0.2631578947368421,0.6842105263157895,0,1,0,0,0.05263157894736842,0.10526315789473684,0.21052631578947367,Mobil-nykommeren,19,0.3157894736842105,1,0,0.631578947368421,0.15789473684210525,0.47368421052631576,19
d3bbd78fc08ccc5abd12a2162dd5633e,60,Kvinde,0,0,0,0,0,0,1,0,0,50,0-7 dage,A,content,jp.dk,17,3,0.5882352941176471,0.5147058823529411,0.9411764705882353,0,0,0,12,0,0,0.17647058823529413,0.9411764705882353,0,0,0,0,0.35294117647058826,0,Mobil-nykommeren,17,0.5147058823529411,0.9411764705882353,0.058823529411764705,0.5882352941176471,0,0.5882352941176471,17
6329358de53bfa9dbc7d0f9fa5507d3f,60,Kvinde,0,1,1,0,0,0,1,0,0,70,6+ måneder,Andet,mail,mail,19,12,0.47368421052631576,0.9210526315789473,1,0.10526315789473684,0,0,25,0,0.631578947368421,0.05263157894736842,1,0,0,0,0,0.3684210526315789,0,Mobil-nykommeren,19,0.9210526315789473,1,0,0.47368421052631576,0,0.05263157894736842,19
77d030727b03fd6c9a637362091819d1,60,Mand,0,1,0,1,0,0,0,1,0,49,6+ måneder,Andet,mail,mail,5,4,0.4,0.25,0.6,0,0,0,4,0,0.4,0.2,0.6,0,0,0,0.2,0.2,0,Mobil-nykommeren,5,0.25,0.6,0.4,0.4,0,0.2,5
2c82f7a3f92409b674dbf5d3321f88c9,60,Mand,1,3,2,2,2,2,0,1,1,74,6+ måneder,B,mail,mail,2,1,0,0.5,1,0,0,0,0,0,0,0,1,0,0,0,0,0,0,Mobil-nykommeren,2,0.5,1,0,0,0,0.5,2
bfc04c65971b32ccb1e0fad11903aba1,60,Mand,1,1,0,1,0,0,0,1,1,42,6+ måneder,B,content,jp.dk,609,31,0.30377668308702793,0.25779967159277506,1,0,0,0.0016420361247947454,30,0,0.180623973727422,0.39901477832512317,1,0,0,0.0049261083743842365,0.008210180623973728,0.07717569786535304,0.03940886699507389,Power-brugeren (Mest mobil),609,0.25779967159277506,1,0,0.30377668308702793,0.0016420361247947454,0.5435139573070608,609
59873b542c5de67efd6802e056c1510b,60,Kvinde,0,2,2,0,0,0,1,0,0,50,6+ måneder,A,content,jp.dk,84,18,0.27380952380952384,0.37202380952380953,0.6190476190476191,0.023809523809523808,0,0,30,0,0.15476190476190477,0.4642857142857143,0.6190476190476191,0,0.38095238095238093,0,0,0.13095238095238096,0.011904761904761904,Mobil-nykommeren,84,0.37202380952380953,0.6190476190476191,0.38095238095238093,0.27380952380952384,0,0.5357142857142857,84
47694cdbb2243f81f62a7682056c852e,60,Kvinde,0,3,1,1,0,0,0,1,0,63,6+ måneder,B,mail,mail,328,25,0.2774390243902439,0.34527439024390244,1,0.009146341463414634,0,0.006097560975609756,29,0,0.07926829268292683,0.38414634146341464,0,1,0,0.003048780487804878,0.01524390243902439,0.09451219512195122,0.042682926829268296,Mobil-nykommeren,328,0.34527439024390244,1,0,0.2774390243902439,0.006097560975609756,0.5,328
807140c18ac69fe5e80575caee161c43,60,Mand,1,0,0,0,0,0,0,1,0,73,6+ måneder,Ukendt,Weblayer,jp.dk,3,2,0,0.08333333333333333,0.6666666666666666,0,0,0,14,0,0,0,0.6666666666666666,0,0.3333333333333333,0,0,0.3333333333333333,0,Spøgelses-brugeren (Lav aktivitet),3,0.08333333333333333,0.6666666666666666,0.3333333333333333,0,0,0.6666666666666666,3
0c67f17cceae3e2cec14347f059d0a00,60,Kvinde,0,6,4,2,0,0,1,0,0,62,6+ måneder,Ukendt,Weblayer,jp.dk,255,19,0.32941176470588235,0.22647058823529412,0,0,0,0,30,0,0.41568627450980394,0.5686274509803921,0,0,0,0.0196078431372549,0.0196078431372549,0.047058823529411764,0.06666666666666667,Desktop-traditionalisten,255,0.22647058823529412,0,1,0.32941176470588235,0,0.5568627450980392,255
165f56b5135a0282a1e37ae63be6482c,60,Mand,0,3,2,1,0,0,0,1,0,66,6+ måneder,Ukendt,Weblayer,jp.dk,0,0,0,0,0,0,0,0,0,0,0,0,0,0,0,0,0,0,0,Spøgelses-brugeren (Lav aktivitet),0,0,0,0,0,0,0,0
66c688595e2ec62dcbd9fe7d840d3ce1,60,Mand,1,0,0,0,0,0,0,1,0,59,0-7 dage,B,content,jp.dk,26,5,0.19230769230769232,0.2692307692307692,0.038461538461538464,0,0,0,18,0,0.2692307692307692,0.11538461538461539,0.038461538461538464,0,0,0,0,0.038461538461538464,0,Desktop-traditionalisten,26,0.2692307692307692,0.038461538461538464,0.9615384615384616,0.19230769230769232,0,0.8846153846153846,26
509eb40f6a6056d22be169a2acd80db3,60,Mand,0,0,0,0,0,0,0,1,0,66,0-7 dage,Ukendt,Weblayer,jp.dk,437,30,0.28604118993135014,0.3438215102974828,0,0,0,0.002288329519450801,30,0,0.36155606407322655,0.16247139588100687,0,0,1,0.009153318077803204,0.006864988558352402,0.036613272311212815,0.07093821510297482,Desktop-traditionalisten,437,0.3438215102974828,0,1,0.28604118993135014,0.002288329519450801,0.4919908466819222,437
5469793ef2178893320b025aec95559b,60,Mand,0,0,0,0,0,0,0,1,0,66,0-7 dage,B,content,jp.dk,11,1,0.2727272727272727,0.13636363636363635,0,0,0,0,0,0,0,1,0,0,0,0,0,0.18181818181818182,0,Desktop-traditionalisten,11,0.13636363636363635,0,1,0.2727272727272727,0,0.45454545454545453,11
aac9bb91d160b45de44dd566969c0839,60,Mand,0,6,5,1,1,2,0,1,1,69,6+ måneder,A,content,jp.dk,512,31,0.255859375,0.22314453125,0.99609375,0,0,0.439453125,30,0,0.17578125,0.28515625,0.99609375,0,0,0.005859375,0.021484375,0.072265625,0.017578125,Power-brugeren (Mest mobil),512,0.22314453125,0.99609375,0.00390625,0.255859375,0.439453125,0.435546875,512
68f122f11bd427db445b55d31d330b93,61,Mand,0,9,6,3,0,0,0,1,1,51,6+ måneder,Andet,mail,mail,131,7,0.3282442748091603,0.3301526717557252,0.9770992366412213,0,0,0,6,0,0.2900763358778626,0.3435114503816794,0.9770992366412213,0,0,0,0.015267175572519083,0.03816793893129771,0.030534351145038167,Power-brugeren (Mest mobil),131,0.3301526717557252,0.9770992366412213,0.022900763358778626,0.3282442748091603,0,0.5419847328244275,131
1da131d7a8dc57b82789529e6f1df128,60,Mand,0,21,11,13,4,4,1,0,0,74,6+ måneder,A,mail,mail,34,13,0.5294117647058824,0.375,1,0,0,0.2647058823529412,28,0,0.47058823529411764,0.3235294117647059,0,1,0,0,0,0.058823529411764705,0.17647058823529413,Veteranen (Høj historik),34,0.375,1,0,0.5294117647058824,0.2647058823529412,0.35294117647058826,34
f21cb19a15c316900e2e471423ad2eb2,60,Mand,0,15,6,6,0,0,1,0,0,50,6+ måneder,A,content,jp.dk,330,25,0.3424242424242424,0.3212121212121212,0.6727272727272727,0.0030303030303030303,0,0.0030303030303030303,28,0,0.3393939393939394,0.17272727272727273,0.6727272727272727,0,0.030303030303030304,0,0.015151515151515152,0.12121212121212122,0.05454545454545454,Veteranen (Høj historik),330,0.3212121212121212,0.6727272727272727,0.32727272727272727,0.3424242424242424,0.0030303030303030303,0.6878787878787879,330
6bd0f400ff4d5f60356a683f2b2ead41,60,Mand,0,0,0,0,0,0,0,1,0,61,0-7 dage,B,content,jp.dk,211,24,0.20853080568720378,0.3234597156398104,0,0,0,0,30,0,0.037914691943127965,0.16113744075829384,0,0,0.7582938388625592,0.004739336492890996,0.03317535545023697,0.03317535545023697,0.023696682464454975,Desktop-traditionalisten,211,0.3234597156398104,0,1,0.20853080568720378,0,0.5165876777251185,211
02b7d82acbdccb3a893aaab9163b895e,60,Kvinde,0,0,0,0,0,0,0,1,0,71,6+ måneder,Andet,Matrice,jp.dk,85,30,0.2235294117647059,0.17058823529411765,0,0,0,0,30,0,0.7764705882352941,0,0,0,0.023529411764705882,0,0.011764705882352941,0.08235294117647059,0.011764705882352941,Desktop-traditionalisten,85,0.17058823529411765,0,1,0.2235294117647059,0,0.3764705882352941,85
8e48f4745035a6aec9cb5ce22b3cf29e,60,Mand,1,4,1,1,0,0,0,1,0,61,6+ måneder,Andet,Matrice,jp.dk,637,30,0.37676609105180536,0.4215070643642072,0.5855572998430141,0,0,0.0015698587127158557,30,0,0.3453689167974882,0.2370486656200942,0,0.5855572998430141,0.41444270015698587,0.02197802197802198,0.018838304552590265,0.10361067503924647,0.0423861852433281,Power-brugeren (Mest mobil),637,0.4215070643642072,0.5855572998430141,0.41444270015698587,0.37676609105180536,0.0015698587127158557,0.6122448979591837,637
d7b8fd9ea68936826991511041434b9c,60,Mand,0,4,2,2,0,0,0,1,0,44,6+ måneder,Ukendt,topticker,jp.dk,332,31,0.35843373493975905,0.39156626506024095,0.15963855421686746,0,0,0.0030120481927710845,30,0,0.3644578313253012,0.18072289156626506,0,0.15963855421686746,0.8403614457831325,0.012048192771084338,0.024096385542168676,0.06325301204819277,0.08433734939759036,Desktop-traditionalisten,332,0.39156626506024095,0.15963855421686746,0.8403614457831325,0.35843373493975905,0.0030120481927710845,0.5873493975903614,332
5eb134a15957b96a04fdaa64d3990e0e,60,Mand,0,8,6,1,0,0,1,0,0,81,6+ måneder,B,content,jp.dk,602,30,0.2840531561461794,0.3704318936877076,0,0,0,0,29,0,0.28903654485049834,0.22757475083056478,0,0,1,0.014950166112956811,0.026578073089700997,0.061461794019933555,0.008305647840531562,Power-brugeren (Mest mobil),602,0.3704318936877076,0,1,0.2840531561461794,0,0.4950166112956811,602
5f9c3f215ecb6d25befc985b9c24beb3,60,Mand,0,4,4,0,0,0,1,0,0,52,6+ måneder,Andet,Matrice,jp.dk,322,31,0.18322981366459629,0.2080745341614907,1,0,0,0,30,0,0.14285714285714285,0.4440993788819876,0,1,0,0,0.040372670807453416,0.040372670807453416,0.015527950310559006,Power-brugeren (Mest mobil),322,0.2080745341614907,1,0,0.18322981366459629,0,0.36024844720496896,322
571159ca10daca95e57ac9661ce75d2c,60,Mand,0,2,1,1,0,0,1,0,0,33,6+ måneder,Andet,Matrice,jp.dk,56,10,0.25,0.32589285714285715,1,0,0,0.07142857142857142,30,0,0.10714285714285714,0.8928571428571429,0,1,0,0,0.03571428571428571,0.14285714285714285,0.05357142857142857,Mobil-nykommeren,56,0.32589285714285715,1,0,0.25,0.07142857142857142,0.6607142857142857,56
647b9a8e69e1823003b5351fa6ce97a8,60,Mand,0,0,0,0,0,0,1,0,0,27,0-7 dage,Ukendt,Weblayer,jp.dk,11,6,0.2727272727272727,0.5,1,0.36363636363636365,0,0,28,0,0,0.5454545454545454,0,1,0,0,0,0,0,Mobil-nykommeren,11,0.5,1,0,0.2727272727272727,0,0.2727272727272727,11
99a0f95a4a750cccd246fe2f3191a5bf,60,Mand,0,1,0,0,0,0,0,1,0,69,6+ måneder,Andet,Matrice,jp.dk,54,11,0.05555555555555555,0.19444444444444445,0,0,0,0,29,0,0.24074074074074073,0.05555555555555555,0,0,1,0,0,0.037037037037037035,0,Desktop-traditionalisten,54,0.19444444444444445,0,1,0.05555555555555555,0,0.5185185185185185,54
1b80666626b354ab5a46a621d4b881ab,60,Mand,0,5,2,2,0,0,0,1,0,70,6+ måneder,A,content,jp.dk,268,27,0.2462686567164179,0.1837686567164179,0.9552238805970149,0,0,0,30,0,0.20149253731343283,0.24253731343283583,0,0.9552238805970149,0.022388059701492536,0,0.007462686567164179,0.055970149253731345,0.048507462686567165,Power-brugeren (Mest mobil),268,0.1837686567164179,0.9552238805970149,0.04477611940298507,0.2462686567164179,0,0.44776119402985076,268
e26dba81c57ccba42137cb465b43af51,60,Kvinde,0,0,0,0,0,0,1,0,0,71,0-7 dage,Andet,Matrice,jp.dk,777,31,0.23166023166023167,0.23391248391248393,0.005148005148005148,0,0,0.003861003861003861,30,0,0.27155727155727155,0.3770913770913771,0.005148005148005148,0,0,0.003861003861003861,0.019305019305019305,0.039897039897039896,0.03346203346203346,Power-brugeren (Mest mobil),777,0.23391248391248393,0.005148005148005148,0.9948519948519948,0.23166023166023167,0.003861003861003861,0.41312741312741313,775
0fc48cd35b20bd28075e74a9879ddaef,60,Mand,0,2,0,1,0,0,1,0,0,44,6+ måneder,B,content,jp.dk,559,31,0.25402504472271914,0.3559928443649374,1,0,0,0,30,0,0.259391771019678,0.2182468694096601,1,0,0,0,0.04293381037567084,0.0626118067978533,0.01967799642218247,Power-brugeren (Mest mobil),559,0.3559928443649374,1,0,0.25402504472271914,0,0.4847942754919499,559
0484f997f96e9c43723d291f2abd975d,60,Mand,0,0,0,0,0,1,1,0,0,54,0-7 dage,A,content,jp.dk,365,25,0.30684931506849317,0.44794520547945205,0,0,0,0,30,0,0.07123287671232877,0.3287671232876712,0,0,1,0.019178082191780823,0.049315068493150684,0.03287671232876712,0.0136986301369863,Desktop-traditionalisten,365,0.44794520547945205,0,1,0.30684931506849317,0,0.8712328767123287,365
56d0f1684db83e82bdad0992cf7ae4b2,60,Mand,0,0,0,0,0,0,0,1,0,54,6+ måneder,B,content,jp.dk,159,31,0.33962264150943394,0.5062893081761006,0,0,0,0.3270440251572327,30,0,0.2893081761006289,0,0,0,1,0,0.0440251572327044,0.09433962264150944,0.006289308176100629,Desktop-traditionalisten,159,0.5062893081761006,0,1,0.33962264150943394,0.3270440251572327,0.6226415094339622,159
6c925b49b5a96735146e5ff5aa0d32ff,60,Mand,0,1,1,0,0,0,0,1,0,69,6+ måneder,B,mail,mail,216,15,0.25462962962962965,0.375,0,0,0,0,17,0,0.5,0.037037037037037035,0,0,0,0.009259259259259259,0,0.041666666666666664,0.041666666666666664,Desktop-traditionalisten,216,0.375,0,1,0.25462962962962965,0,0.42592592592592593,216
2d4d321307fe1f90c06d5213e604941f,60,Mand,0,0,0,0,0,0,1,0,0,87,0-7 dage,Andet,ppc,adwords,22,3,0.3181818181818182,0.29545454545454547,0,0,0,0,6,0,0,0.5,0.5454545454545454,0,0,0,0.045454545454545456,0,0,Desktop-traditionalisten,22,0.29545454545454547,0,0.45454545454545453,0.3181818181818182,0,0.5454545454545454,22
8efb8a33d556fb901829086a16b7d0ef,60,Kvinde,1,0,0,0,0,0,0,1,0,69,6+ måneder,Andet,mail,mail,0,0,0,0,0,0,0,0,0,0,0,0,0,0,0,0,0,0,0,Spøgelses-brugeren (Lav aktivitet),0,0,0,0,0,0,0,0
9d5ff4740115f12ddda4845e9acf9f48,60,Kvinde,0,0,0,0,0,0,0,1,1,67,6+ måneder,B,content,jp.dk,194,16,0.23711340206185566,0.31829896907216493,0,0,0,0,26,0,0.061855670103092786,0.7577319587628866,0,0,0,0.005154639175257732,0.061855670103092786,0.0979381443298969,0.005154639175257732,Desktop-traditionalisten,194,0.31829896907216493,0,1,0.23711340206185566,0,0.9587628865979382,194
fa71593f4cefdc83dfb80bc4c89c7fcc,60,Mand,0,1,1,0,0,0,1,0,0,58,6+ måneder,B,mail,mail,439,29,0.3325740318906606,0.3940774487471526,0.2437357630979499,0,0,0.12300683371298406,30,0,0.592255125284738,0.10022779043280182,0.011389521640091117,0.23234624145785876,0,0.02050113895216401,0.00683371298405467,0.03416856492027335,0.10933940774487472,Desktop-traditionalisten,439,0.3940774487471526,0.2437357630979499,0.7562642369020501,0.3325740318906606,0.12300683371298406,0.7220956719817767,439
09544243c430485fea1ca5cdcc2e4d25,60,Mand,1,0,0,0,0,0,0,1,0,66,0-7 dage,A,content,jp.dk,856,31,0.2371495327102804,0.2897196261682243,0,0,0,0,30,0,0.13200934579439252,0.37850467289719625,0,0,1,0.004672897196261682,0.016355140186915886,0.05023364485981308,0.012850467289719626,Power-brugeren (Mest mobil),856,0.2897196261682243,0,1,0.2371495327102804,0,0.9415887850467289,856
ff81f902de50b4df3d8f54c395bbdea4,60,Mand,0,0,0,0,0,0,1,0,0,53,0-7 dage,Ukendt,Ukendt,Ukendt,55,3,0.4727272727272727,0.6909090909090909,0.2727272727272727,0,0,0,30,0,0,0.14545454545454545,0.2727272727272727,0,0,0.01818181818181818,0.09090909090909091,0.03636363636363636,0.14545454545454545,Desktop-traditionalisten,55,0.6909090909090909,0.2727272727272727,0.7272727272727273,0.4727272727272727,0,0.8727272727272727,55
10ff7398704c037f6a9acefe44160e7b,60,Mand,0,14,7,6,0,0,1,0,0,66,6+ måneder,B,content,jp.dk,391,24,0.27877237851662406,0.33759590792838873,0,0,0,0.22762148337595908,30,0,0.2608695652173913,0.015345268542199489,0,0,1,0.015345268542199489,0.017902813299232736,0.0639386189258312,0.020460358056265986,Veteranen (Høj historik),391,0.33759590792838873,0,1,0.27877237851662406,0.22762148337595908,0.4731457800511509,391
ea2607eb559fc1a29cc0985002eb4993,60,Mand,1,1,0,0,0,1,0,1,0,83,6+ måneder,Andet,mail,mail,33,7,0.6363636363636364,0.75,0.30303030303030304,0,0,0.030303030303030304,15,0,0.18181818181818182,0,0.30303030303030304,0,0,0,0.18181818181818182,0.09090909090909091,0.09090909090909091,Desktop-traditionalisten,33,0.75,0.30303030303030304,0.696969696969697,0.6363636363636364,0.030303030303030304,0.7272727272727273,33
cd228c9e541eb4614990045843f581f2,60,Mand,0,0,0,0,0,0,1,0,0,49,0-7 dage,B,content,jp.dk,22,6,0.4090909090909091,0.4318181818181818,0,0,0,0.045454545454545456,15,0,0.09090909090909091,0.18181818181818182,0,0,0,0,0,0.2727272727272727,0,Desktop-traditionalisten,22,0.4318181818181818,0,1,0.4090909090909091,0.045454545454545456,0.45454545454545453,22
122d86776d560a09a86c821924297a8e,60,Mand,0,0,0,0,0,0,0,1,1,54,6+ måneder,A,content,jp.dk,169,17,0.40236686390532544,0.3224852071005917,0.8757396449704142,0,0,0.14201183431952663,29,0,0.4319526627218935,0.13609467455621302,0.8757396449704142,0,0.1242603550295858,0,0.029585798816568046,0.1242603550295858,0.011834319526627219,Mobil-nykommeren,169,0.3224852071005917,0.8757396449704142,0.1242603550295858,0.40236686390532544,0.14201183431952663,0.8106508875739645,169
ea41bd937e3494ea25f23bd977ba0575,60,Mand,0,0,0,0,0,0,0,1,0,52,0-7 dage,A,content,jp.dk,26,8,0.38461538461538464,0.6442307692307693,0.4230769230769231,0,0,0,29,0,0.15384615384615385,0.23076923076923078,0.4230769230769231,0,0,0,0.038461538461538464,0.07692307692307693,0,Desktop-traditionalisten,26,0.6442307692307693,0.4230769230769231,0.5769230769230769,0.38461538461538464,0,0.46153846153846156,26
260ecef60f4aa81a9bbee7feb50baa90,60,Kvinde,0,0,0,0,0,0,0,1,0,49,0-7 dage,A,content,jp.dk,42,8,0.2619047619047619,0.2976190476190476,0.8571428571428571,0,0,0,30,0,0.07142857142857142,0.5476190476190477,0.8571428571428571,0,0.14285714285714285,0.023809523809523808,0.023809523809523808,0.047619047619047616,0,Mobil-nykommeren,42,0.2976190476190476,0.8571428571428571,0.14285714285714285,0.2619047619047619,0,0.4523809523809524,42
0ed22aaaff7efc4fec0edc8fd96ad571,60,Mand,0,3,2,1,0,0,0,1,0,77,6+ måneder,A,mail,mail,913,31,0.2343921139101862,0.26423877327491785,0.36363636363636365,0,0,0.17305585980284777,30,0,0.19605695509309967,0.2858707557502738,0.36363636363636365,0,0.6363636363636364,0.033953997809419496,0.017524644030668127,0.038335158817086525,0.01642935377875137,Power-brugeren (Mest mobil),913,0.26423877327491785,0.36363636363636365,0.6363636363636364,0.2343921139101862,0.17305585980284777,0.3932092004381161,913
3486d8fbc710dec226242a9372c7a6b6,5,Mand,1,0,0,0,3,4,1,0,0,56,6+ måneder,A,content,jp.dk,40,6,0.575,0.6,0.3,0,0,0,29,0,0.2,0.275,0.3,0,0,0.025,0.075,0.175,0,Mobil-nykommeren,40,0.6,0.3,0.7,0.575,0,0.55,40
3c50279c1b9fa031b0aea0db774dbf3b,60,Mand,0,11,6,7,1,0,0,1,1,70,6+ måneder,A,content,jp.dk,231,27,0.36363636363636365,0.4642857142857143,0.08658008658008658,0,0,0,30,0,0.18181818181818182,0.21645021645021645,0.08658008658008658,0,0.9134199134199135,0,0.047619047619047616,0.14285714285714285,0.004329004329004329,Veteranen (Høj historik),231,0.4642857142857143,0.08658008658008658,0.9134199134199135,0.36363636363636365,0,0.6363636363636364,231
89c59f1c957f1af29ebb9e618cf55e5c,60,Mand,0,7,3,4,0,0,0,1,0,50,6+ måneder,Andet,Matrice,jp.dk,835,31,0.237125748502994,0.24850299401197604,0.911377245508982,0,0,0.003592814371257485,30,0,0.3197604790419162,0.24191616766467067,0.911377245508982,0,0.08862275449101796,0.003592814371257485,0.013173652694610778,0.05029940119760479,0.03832335329341317,Power-brugeren (Mest mobil),835,0.24850299401197604,0.911377245508982,0.08862275449101796,0.237125748502994,0.003592814371257485,0.41916167664670656,835
64be7e486e1a7a9c0654c3ae81310447,60,Mand,1,2,1,1,0,0,1,0,0,69,6+ måneder,Andet,mail,mail,341,28,0.3313782991202346,0.3980938416422287,0.8826979472140762,0,0,0.011730205278592375,30,0,0.19941348973607037,0.4838709677419355,0.8826979472140762,0,0,0.005865102639296188,0.01466275659824047,0.0967741935483871,0.017595307917888565,Power-brugeren (Mest mobil),341,0.3980938416422287,0.8826979472140762,0.11730205278592376,0.3313782991202346,0.011730205278592375,0.7888563049853372,340
ba0c979afb67053e190747598d211ce8,60,Mand,0,5,2,2,0,0,1,0,0,45,6+ måneder,B,content,jp.dk,18,3,0.4444444444444444,0.5138888888888888,0,0,0,0.05555555555555555,9,0,0,0.5,0,0,1,0,0,0.2222222222222222,0,Desktop-traditionalisten,18,0.5138888888888888,0,1,0.4444444444444444,0.05555555555555555,0.7222222222222222,18
afdd170767f40ce0175d30926b5de7d8,60,Mand,0,3,3,0,0,0,0,1,1,51,6+ måneder,B,content,jp.dk,679,31,0.22974963181148747,0.3398379970544919,0.5139911634756995,0,0,0,30,0,0.3637702503681885,0.1561119293078056,0,0.5139911634756995,0.48600883652430044,0.004418262150220913,0.005891016200294551,0.041237113402061855,0.030927835051546393,Power-brugeren (Mest mobil),679,0.3398379970544919,0.5139911634756995,0.48600883652430044,0.22974963181148747,0,0.5802650957290133,679
254f38248eea896ec7084daa2f6602aa,60,Kvinde,0,2,1,0,0,0,1,0,0,48,6+ måneder,A,content,jp.dk,175,27,0.2857142857142857,0.38142857142857145,1,0,0,0,30,0,0.13714285714285715,0.37714285714285717,1,0,0,0,0.017142857142857144,0.02857142857142857,0.02857142857142857,Mobil-nykommeren,175,0.38142857142857145,1,0,0.2857142857142857,0,0.6,175
3d8cf090b56ded7bb0f80503840ebb67,60,Mand,0,1,1,0,0,0,0,1,0,60,6+ måneder,Andet,mail,mail,201,25,0.22885572139303484,0.27611940298507465,0,0,0,0,30,0,0.24875621890547264,0.25870646766169153,0,0,0.48756218905472637,0.01990049751243781,0.01990049751243781,0.07462686567164178,0.009950248756218905,Desktop-traditionalisten,201,0.27611940298507465,0,1,0.22885572139303484,0,0.835820895522388,201
14df285cfbc6233b5735b67454fafc5b,60,Kvinde,0,0,0,0,0,0,0,1,1,32,6+ måneder,B,content,jp.dk,4,1,0.25,0.375,0,0,0,0,0,0,0,0,0,0,1,0,0,0,0,Desktop-traditionalisten,4,0.375,0,1,0.25,0,0.5,4
ea2c555ab41e83356e30f8f0c7e3e6af,60,Mand,1,3,3,1,4,4,0,1,0,83,6+ måneder,Andet,Matrice,jp.dk,279,31,0.18996415770609318,0.3055555555555556,0,0,0,0.08243727598566308,30,0,0.34408602150537637,0.1039426523297491,0,0,1,0.017921146953405017,0.025089605734767026,0.04659498207885305,0.0035842293906810036,Desktop-traditionalisten,279,0.3055555555555556,0,1,0.18996415770609318,0.08243727598566308,0.34767025089605735,279
0b65e3d1e1771fad90f13172a6b4f90a,60,Kvinde,0,0,0,0,0,0,0,1,1,21,0-7 dage,B,content,jp.dk,5,1,0.4,0.6,0,0,0,0,0,0,0,1,0,0,0,0,1,0,0,Desktop-traditionalisten,5,0.6,0,1,0.4,0,0.8,5
71696a3681edfedacd613c58d75c99d4,60,Mand,0,1,1,0,0,0,0,1,0,61,6+ måneder,A,content,jp.dk,255,29,0.23137254901960785,0.2823529411764706,0.2196078431372549,0,0,0,30,0,0.3411764705882353,0.19215686274509805,0.2196078431372549,0,0.7803921568627451,0.00784313725490196,0.0392156862745098,0.058823529411764705,0.01568627450980392,Desktop-traditionalisten,255,0.2823529411764706,0.2196078431372549,0.7803921568627451,0.23137254901960785,0,0.5647058823529412,255
862228c71e06513517a016fb17580c94,60,Mand,0,0,0,0,0,0,0,1,0,84,6+ måneder,Andet,Matrice,jp.dk,419,30,0.2386634844868735,0.18198090692124105,0,0,0,0.002386634844868735,29,0,0.20763723150357996,0.3436754176610978,0,0,0,0,0.026252983293556086,0.031026252983293555,0.02386634844868735,Desktop-traditionalisten,419,0.18198090692124105,0,1,0.2386634844868735,0.002386634844868735,0.431980906921241,419
85bfda24811f12ef9db73027d7d0ba48,60,Kvinde,0,2,1,0,0,0,1,0,0,30,6+ måneder,A,content,jp.dk,38,11,0.3684210526315789,0.5526315789473685,1,0.47368421052631576,0,0,30,0,0.10526315789473684,0.05263157894736842,1,0,0,0,0.02631578947368421,0.13157894736842105,0.05263157894736842,Mobil-nykommeren,38,0.5526315789473685,1,0,0.3684210526315789,0,0.2894736842105263,38
51a9cdc3a3de7855a8957c15513ffe2c,60,Mand,0,0,0,0,0,0,0,1,1,37,1-6 måneder,A,content,jp.dk,6,2,0.3333333333333333,0.8333333333333334,1,0.16666666666666666,0,0,29,0,0,0.8333333333333334,1,0,0,0,0,0.3333333333333333,0,Mobil-nykommeren,6,0.8333333333333334,1,0,0.3333333333333333,0,0,6
7052d949d939fc804724f9706d031f04,60,Mand,1,10,5,5,0,0,1,0,0,70,6+ måneder,Andet,mail,mail,177,22,0.23163841807909605,0.2443502824858757,1,0,0,0,30,0,0.2937853107344633,0.11299435028248588,1,0,0,0.01694915254237288,0.02824858757062147,0.03389830508474576,0.011299435028248588,Power-brugeren (Mest mobil),177,0.2443502824858757,1,0,0.23163841807909605,0,0.4406779661016949,177
1fe8d767d3aa8a905060bf3e83ca0c59,60,Kvinde,0,0,0,0,0,0,1,0,0,54,0-7 dage,B,content,jp.dk,9,7,0.5555555555555556,0.8055555555555556,1,0.5555555555555556,0,0.1111111111111111,21,0,0,0.6666666666666666,1,0,0,0,0,0.1111111111111111,0,Mobil-nykommeren,9,0.8055555555555556,1,0,0.5555555555555556,0.1111111111111111,0.1111111111111111,9
3ab2a27e0f8fb6cf68d6d0229504b5aa,60,Mand,1,0,0,0,0,1,0,1,1,48,0-7 dage,A,content,jp.dk,260,19,0.3038461538461538,0.3384615384615385,0.3923076923076923,0,0,0.1,30,0,0.7038461538461539,0.06538461538461539,0.3923076923076923,0,0.6076923076923076,0,0.2846153846153846,0.046153846153846156,0.0038461538461538464,Desktop-traditionalisten,260,0.3384615384615385,0.3923076923076923,0.6076923076923076,0.3038461538461538,0.1,0.7346153846153847,260
6da9c812091932fced96420eab2919f7,60,Kvinde,0,0,0,0,1,1,0,1,0,45,6+ måneder,B,content,jp.dk,78,12,0.34615384615384615,0.358974358974359,0.8333333333333334,0,0,0,30,0,0.1794871794871795,0.48717948717948717,0.8333333333333334,0,0.16666666666666666,0,0.08974358974358974,0.07692307692307693,0.1282051282051282,Mobil-nykommeren,78,0.358974358974359,0.8333333333333334,0.16666666666666666,0.34615384615384615,0,0.4358974358974359,78
df4cea7c2a94d61ad95343911e2ee08a,60,Kvinde,1,1,1,0,0,0,0,1,0,88,6+ måneder,Andet,mail,mail,0,0,0,0,0,0,0,0,0,0,0,0,0,0,0,0,0,0,0,Spøgelses-brugeren (Lav aktivitet),0,0,0,0,0,0,0,0
64e1ab7fa2a5fd929c6caccc5e309204,60,Mand,0,4,3,0,0,0,0,1,0,70,6+ måneder,B,mail,mail,205,30,0.18048780487804877,0.25121951219512195,0,0,0,0,30,0,0.28292682926829266,0.2682926829268293,0,0,0,0.004878048780487805,0,0.03902439024390244,0.004878048780487805,Desktop-traditionalisten,205,0.25121951219512195,0,1,0.18048780487804877,0,0.3073170731707317,205
cb1999f44040d75a589b9677b11ab6dd,60,Mand,0,5,4,0,0,0,0,1,0,44,6+ måneder,Andet,Matrice,jp.dk,324,22,0.3148148148148148,0.28703703703703703,0.033950617283950615,0,0,0.037037037037037035,30,0,0.046296296296296294,0.4876543209876543,0.033950617283950615,0,0,0.006172839506172839,0.006172839506172839,0.05864197530864197,0.037037037037037035,Desktop-traditionalisten,324,0.28703703703703703,0.033950617283950615,0.9660493827160493,0.3148148148148148,0.037037037037037035,0.6882716049382716,324
1dd10be27abc5ad145852d8b3ac41bc5,60,Mand,0,5,3,1,0,0,0,1,1,59,6+ måneder,B,content,jp.dk,511,31,0.23874755381604695,0.26614481409001955,1,0,0,0.007827788649706457,30,0,0.15459882583170254,0.19569471624266144,1,0,0,0.003913894324853229,0.021526418786692758,0.0547945205479452,0.025440313111545987,Power-brugeren (Mest mobil),511,0.26614481409001955,1,0,0.23874755381604695,0.007827788649706457,0.37377690802348335,511
c9d9513e179483c3818a8f0638759a04,60,Mand,1,1,0,0,5,6,0,1,0,54,6+ måneder,Andet,email,jp,4,2,0,0.25,1,0.25,0,0,3,0,0,0.5,1,0,0,0,0.5,0.25,0,Mobil-nykommeren,4,0.25,1,0,0,0,0,4
63897b31c21845c2831f2e3500dd0275,60,Kvinde,0,1,1,0,0,0,1,0,0,65,6+ måneder,B,mail,mail,9,3,0.4444444444444444,0.5,1,0,0,0,18,0,0.6666666666666666,0.2222222222222222,0,1,0,0,0,0,0,Mobil-nykommeren,9,0.5,1,0,0.4444444444444444,0,0.6666666666666666,9
a31e2114032d1859c32b0b5ad797c3db,60,Mand,0,0,0,0,0,0,0,1,1,46,6+ måneder,A,content,jp.dk,12,8,0.25,0.3541666666666667,1,0.5,0,0,25,0,0.5,0.25,1,0,0,0,0,0.08333333333333333,0,Mobil-nykommeren,12,0.3541666666666667,1,0,0.25,0,0.08333333333333333,12
57cef26b24dd3261305b89346fde0eeb,60,Kvinde,1,2,2,1,9,9,1,0,0,74,6+ måneder,Andet,mail,mail,189,24,0.3386243386243386,0.4656084656084656,0.14285714285714285,0.005291005291005291,0,0.026455026455026454,28,0,0.3862433862433862,0.10052910052910052,0.20105820105820105,0,0,0.010582010582010581,0.037037037037037035,0.07407407407407407,0.07407407407407407,Veteranen (Høj historik),189,0.4656084656084656,0.14285714285714285,0.798941798941799,0.3386243386243386,0.026455026455026454,0.7301587301587301,189
72d1e04b4efb1a26e958273f601ecbd6,60,Kvinde,0,3,3,3,1,1,1,0,0,79,6+ måneder,Andet,mail,mail,54,18,0.6851851851851852,0.25462962962962965,0.9629629629629629,0,0,0,26,0,0.12962962962962962,0.16666666666666666,1,0,0,0,0.05555555555555555,0.2037037037037037,0,Mobil-nykommeren,54,0.25462962962962965,0.9629629629629629,0,0.6851851851851852,0,0.12962962962962962,54
b81975e1d1257d9a93072ffb3348ab75,60,Mand,1,11,3,7,0,0,0,1,0,69,6+ måneder,A,mail,mail,157,24,0.3630573248407643,0.46496815286624205,0,0,0,0,30,0,0.1337579617834395,0.3503184713375796,0,0,0,0.01910828025477707,0.03821656050955414,0.06369426751592357,0.08280254777070063,Desktop-traditionalisten,157,0.46496815286624205,0,1,0.3630573248407643,0,0.6178343949044586,157
fba1db33923003177babc40f0a3cfe8d,60,Kvinde,0,0,0,0,0,0,1,0,0,61,0-7 dage,B,content,jp.dk,11,1,0.09090909090909091,0.5454545454545454,0,0,0,0,0,0,0,0,0,0,1,0,0,0,0,Desktop-traditionalisten,11,0.5454545454545454,0,1,0.09090909090909091,0,0.8181818181818182,11
6d8714d39b892dfb0983c38baf79e278,60,Kvinde,0,0,0,0,0,0,1,0,0,37,0-7 dage,B,content,jp.dk,18,8,0.5,0.5138888888888888,0,0.2222222222222222,0,0.2222222222222222,20,0,0.3888888888888889,0.2777777777777778,0,0,0,0,0.05555555555555555,0.1111111111111111,0,Desktop-traditionalisten,18,0.5138888888888888,0,1,0.5,0.2222222222222222,0.05555555555555555,18
9eeffbaacde0e7c9e1e907f057ca5f3b,60,Mand,0,1,0,0,0,0,0,1,1,31,6+ måneder,A,content,jp.dk,1,1,0,1,1,0,0,0,0,0,0,0,1,0,0,1,0,0,0,Mobil-nykommeren,1,1,1,0,0,0,0,1
b5c5c1d4107e652fdeaa368f88a51a8e,60,Kvinde,0,2,2,2,17,16,1,0,0,82,6+ måneder,Andet,mail,mail,21,9,0.42857142857142855,0.4523809523809524,1,0,0,0,28,0,0.09523809523809523,0.5238095238095238,0,1,0,0.047619047619047616,0.14285714285714285,0,0.047619047619047616,Veteranen (Høj historik),21,0.4523809523809524,1,0,0.42857142857142855,0,0.42857142857142855,21
ebeaea7e2ddca46b8c609a62d1d6a580,60,Kvinde,0,1,1,0,0,0,0,1,0,65,6+ måneder,B,content,jp.dk,120,17,0.35833333333333334,0.3229166666666667,0.041666666666666664,0,0,0.025,30,0,0.6083333333333333,0,0.041666666666666664,0,0.9583333333333334,0,0.025,0.11666666666666667,0.06666666666666667,Desktop-traditionalisten,120,0.3229166666666667,0.041666666666666664,0.9583333333333334,0.35833333333333334,0.025,0.625,120
0f83f350b48ba9a34a3a312205196d45,60,Kvinde,0,0,0,0,0,0,0,1,1,34,0-7 dage,A,content,jp.dk,4,1,0.25,0.625,1,0,0,0,0,0,1,0,1,0,0,0,0,0,0,Mobil-nykommeren,4,0.625,1,0,0.25,0,0.5,4
46372de78e0b9375dee15073d1b5ad6f,60,Mand,1,2,0,1,4,4,0,1,0,80,6+ måneder,Ukendt,Matrice,jp.dk,90,21,0.45555555555555555,0.5166666666666667,0.14444444444444443,0,0,0.011111111111111112,29,0,0.6444444444444445,0.14444444444444443,0,0.14444444444444443,0.8555555555555555,0.07777777777777778,0.022222222222222223,0.05555555555555555,0.011111111111111112,Desktop-traditionalisten,90,0.5166666666666667,0.14444444444444443,0.8555555555555555,0.45555555555555555,0.011111111111111112,0.37777777777777777,90
0e652b27d3a34ff8cbc25c43226e2e2f,60,Mand,0,7,7,1,0,0,1,0,0,73,6+ måneder,Andet,Matrice,jp.dk,382,31,0.2486910994764398,0.22578534031413613,0,0,0,0,30,0,0.23298429319371727,0.16753926701570682,0.6989528795811518,0,0,0.002617801047120419,0.015706806282722512,0.07068062827225131,0.020942408376963352,Power-brugeren (Mest mobil),382,0.22578534031413613,0,0.3010471204188482,0.2486910994764398,0,0.42408376963350786,382
81a6dcabba113493087f9862fcb9375c,60,Kvinde,1,0,0,0,0,0,0,1,1,65,6+ måneder,A,content,jp.dk,5,3,0.6,0.65,1,0,0,0.4,9,0,0,0.6,1,0,0,0,0.2,0,0,Mobil-nykommeren,5,0.65,1,0,0.6,0.4,0.2,5
93fa9537926c7f96cf472bf3e3a30bca,60,Mand,1,7,5,2,0,2,0,1,0,76,6+ måneder,Andet,Matrice,jp.dk,2363,31,0.256453660600931,0.357278882776132,0,0,0,0.0012695725772323319,30,0,0.6542530681337283,0.00761743546339399,0,0,0.11214557765552265,0.03004655099449852,0.0414727041895895,0.04739737621667372,0.017774016081252644,Power-brugeren (Mest mobil),2363,0.357278882776132,0,1,0.256453660600931,0.0012695725772323319,0.8315700380871773,2348
11b03d02ea6b3dba705fedac764a799e,60,Kvinde,0,0,0,0,0,0,1,0,0,39,0-7 dage,A,content,jp.dk,144,22,0.3263888888888889,0.3333333333333333,1,0,0,0.013888888888888888,30,0,0.5972222222222222,0.04861111111111111,1,0,0,0,0,0.034722222222222224,0.034722222222222224,Mobil-nykommeren,144,0.3333333333333333,1,0,0.3263888888888889,0.013888888888888888,0.5833333333333334,144
a127622a8e755cdd518273575edae201,60,Mand,1,12,4,10,1,1,1,0,0,76,6+ måneder,Andet,mail,mail,184,29,0.23369565217391305,0.20652173913043478,0.5380434782608695,0,0.016304347826086956,0.07065217391304347,30,0,0.07608695652173914,0.3967391304347826,0,0.5380434782608695,0.32065217391304346,0,0.03804347826086957,0.05434782608695652,0.021739130434782608,Veteranen (Høj historik),184,0.20652173913043478,0.5380434782608695,0.46195652173913043,0.23369565217391305,0.07065217391304347,0.5760869565217391,184
0d6c69e77bfc8c02485d8144d9df5c3b,60,Kvinde,0,2,1,0,0,0,0,1,0,54,6+ måneder,A,content,jp.dk,141,24,0.3333333333333333,0.3882978723404255,1,0,0,0,30,0,0.1347517730496454,0.3333333333333333,1,0,0,0.0070921985815602835,0.04964539007092199,0.04964539007092199,0.0425531914893617,Mobil-nykommeren,141,0.3882978723404255,1,0,0.3333333333333333,0,0.5815602836879432,140
3b14d58a14632ed87ae70ed029355208,60,Mand,0,0,0,0,0,0,0,1,1,57,0-7 dage,Ukendt,Weblayer,jp.dk,315,31,0.26666666666666666,0.35714285714285715,0.5873015873015873,0,0,0,30,0,0.1619047619047619,0.14285714285714285,0.5873015873015873,0,0.4126984126984127,0.06666666666666667,0.01904761904761905,0.05396825396825397,0.07936507936507936,Mobil-nykommeren,315,0.35714285714285715,0.5873015873015873,0.4126984126984127,0.26666666666666666,0,0.6476190476190476,315
b1b4ca2372f53316b106967700debe0b,60,Mand,0,2,1,1,0,0,0,1,1,72,6+ måneder,A,mail,mail,158,26,0.5443037974683544,0.5079113924050633,1,0,0,0,27,0,0.17721518987341772,0.13291139240506328,0,1,0,0.0189873417721519,0.13291139240506328,0.08227848101265822,0.11392405063291139,Mobil-nykommeren,158,0.5079113924050633,1,0,0.5443037974683544,0,0.25949367088607594,158
9e0088e9ee60088a284bb54dcdc18eb5,60,Mand,0,0,0,0,0,0,0,1,1,59,6+ måneder,A,content,jp.dk,313,28,0.2715654952076677,0.33785942492012777,0.7156549520766773,0,0,0,30,0,0.19169329073482427,0.28753993610223644,0.7156549520766773,0,0.28434504792332266,0.006389776357827476,0.04472843450479233,0.025559105431309903,0.009584664536741214,Mobil-nykommeren,313,0.33785942492012777,0.7156549520766773,0.28434504792332266,0.2715654952076677,0,0.4472843450479233,313
c4787528228f697c489493f9dbc30683,60,Mand,0,1,1,0,0,0,0,1,0,54,6+ måneder,B,content,jp.dk,416,31,0.3004807692307692,0.24459134615384615,0.7163461538461539,0,0,0.3798076923076923,30,0,0.34134615384615385,0.25,0,0.7163461538461539,0.28365384615384615,0.01201923076923077,0.019230769230769232,0.04567307692307692,0.02403846153846154,Power-brugeren (Mest mobil),416,0.24459134615384615,0.7163461538461539,0.28365384615384615,0.3004807692307692,0.3798076923076923,0.5216346153846154,416
4896ea98f4c230ae7176e09053413ffc,60,Mand,0,3,1,0,0,0,0,1,1,70,6+ måneder,B,mail,mail,139,10,0.30935251798561153,0.24820143884892087,0.10071942446043165,0,0,0.007194244604316547,29,0,0.2733812949640288,0.03597122302158273,0.10071942446043165,0,0.8992805755395683,0,0.02158273381294964,0.1079136690647482,0.007194244604316547,Desktop-traditionalisten,139,0.24820143884892087,0.10071942446043165,0.8992805755395683,0.30935251798561153,0.007194244604316547,0.5179856115107914,139
1376c4d7ef2a80b1377f57594742b5d4,60,Mand,0,0,0,0,0,0,1,0,0,62,0-7 dage,B,content,jp.dk,1279,24,0.23534010946051603,0.28244722439405784,1,0,0,0,24,0,0.14386239249413604,0.32603596559812353,1,0,0,0.001563721657544957,0.029710711493354185,0.04691164972634871,0.03596559812353401,Power-brugeren (Mest mobil),1279,0.28244722439405784,1,0,0.23534010946051603,0,0.47458952306489444,1279
09605f5feba08df0b294e49c34e8361d,60,Mand,1,4,3,2,0,0,0,1,1,81,6+ måneder,Andet,mail,mail,349,24,0.2836676217765043,0.2808022922636103,0,0,0,0.498567335243553,30,0,0.3667621776504298,0.017191977077363897,0,0,1,0.02865329512893983,0.03724928366762178,0.017191977077363897,0.03151862464183381,Desktop-traditionalisten,349,0.2808022922636103,0,1,0.2836676217765043,0.498567335243553,0.49570200573065903,349
b768d697a9b69a640ac06e346e9ab41a,60,Mand,1,24,14,2,0,0,0,1,0,73,6+ måneder,A,content,jp.dk,830,31,0.22289156626506024,0.2397590361445783,0.012048192771084338,0,0,0,30,0,0.08313253012048193,0.26024096385542167,0.012048192771084338,0,0,0.02891566265060241,0.021686746987951807,0.04819277108433735,0.03614457831325301,Veteranen (Høj historik),830,0.2397590361445783,0.012048192771084338,0.9879518072289156,0.22289156626506024,0,0.4795180722891566,830
1e0ee1a98bb5daf6118705a5b2986dca,60,Kvinde,0,8,7,1,0,0,1,0,0,60,6+ måneder,A,content,jp.dk,825,31,0.22181818181818183,0.29848484848484846,1,0,0,0,30,0,0.4036363636363636,0.17212121212121212,1,0,0,0.0024242424242424242,0.014545454545454545,0.06787878787878789,0.04363636363636364,Power-brugeren (Mest mobil),825,0.29848484848484846,1,0,0.22181818181818183,0,0.4193939393939394,825
50c8241b217a6fdf985092122b8a6114,60,Mand,1,0,0,0,0,0,0,1,1,43,0-7 dage,A,content,jp.dk,11,3,0.5454545454545454,0.3409090909090909,0,0.09090909090909091,0,0,15,0,0,0.18181818181818182,0,0,1,0,0.18181818181818182,0.09090909090909091,0,Desktop-traditionalisten,11,0.3409090909090909,0,1,0.5454545454545454,0,0.5454545454545454,11
e1cc2945a2ec96f8f2d396564b9b4913,60,Mand,0,3,2,1,0,0,0,1,0,50,6+ måneder,Andet,mail,mail,483,31,0.2422360248447205,0.2898550724637681,1,0,0,0,30,0,0.2153209109730849,0.391304347826087,0,1,0,0.006211180124223602,0.031055900621118012,0.051759834368530024,0.053830227743271224,Power-brugeren (Mest mobil),483,0.2898550724637681,1,0,0.2422360248447205,0,0.4306418219461698,482
a9f26321a4149c609504b1c01b16a8cb,60,Ikke oplyst,1,0,0,0,0,0,0,1,0,24,0-7 dage,Ukendt,Matrice,jp.dk,22,2,0.4090909090909091,0.22727272727272727,1,0,0,0.13636363636363635,1,0,0,0.9545454545454546,1,0,0,0,0.045454545454545456,0,0,Mobil-nykommeren,22,0.22727272727272727,1,0,0.4090909090909091,0.13636363636363635,0.6363636363636364,22
0df5b387b78e35a51c02f8560b6beea2,60,Kvinde,1,0,0,0,0,0,0,1,0,61,6+ måneder,B,content,jp.dk,127,20,0.47244094488188976,0.2578740157480315,1,0,0,0,27,0,0.36220472440944884,0.2204724409448819,1,0,0,0,0.03937007874015748,0.07874015748031496,0.07874015748031496,Mobil-nykommeren,127,0.2578740157480315,1,0,0.47244094488188976,0,0.48031496062992124,127
0d56571f7f84ac94a9f2040df12af2f3,60,Mand,0,0,0,0,0,0,0,1,1,50,0-7 dage,A,content,jp.dk,1,1,0,1,1,0,0,0,0,0,0,0,0,1,0,0,0,1,0,Mobil-nykommeren,1,1,1,0,0,0,0,1
14a7b456c6f672b6bf51838adcad474c,60,Mand,0,0,0,0,0,0,0,1,0,46,0-7 dage,Andet,Matrice,jp.dk,104,22,0.3269230769230769,0.31009615384615385,1,0,0,0,30,0,0.25,0.34615384615384615,1,0,0,0,0.028846153846153848,0.019230769230769232,0.028846153846153848,Mobil-nykommeren,104,0.31009615384615385,1,0,0.3269230769230769,0,0.5673076923076923,104
f4ee025e8164ca80914279997ef8379e,60,Mand,0,1,1,1,1,1,0,1,0,49,6+ måneder,A,mail,mail,100,16,0.4,0.3675,0.43,0,0,0,28,0,0,0.03,0.43,0,0.57,0,0.07,0.11,0.01,Desktop-traditionalisten,100,0.3675,0.43,0.57,0.4,0,0.73,100
a2e729827f0e72005698a0ba1313aae1,60,Mand,0,0,0,0,0,0,0,1,1,75,6+ måneder,Andet,Matrice,jp.dk,208,23,0.5096153846153846,0.3425480769230769,1,0,0,0,29,0,0.11057692307692307,0.18269230769230768,0,1,0,0.004807692307692308,0.04326923076923077,0.0673076923076923,0.20192307692307693,Mobil-nykommeren,208,0.3425480769230769,1,0,0.5096153846153846,0,0.46634615384615385,208
dcaadf3ddcf358e577151fecadb3967d,60,Kvinde,0,0,0,0,0,0,1,0,0,24,1-6 måneder,Andet,Matrice,jp.dk,15,2,0.2,0.11666666666666667,0,0,0,0,8,0,0,0,0,0,0,0,0.06666666666666667,0,0,Desktop-traditionalisten,15,0.11666666666666667,0,1,0.2,0,0.8,15
f8ca4217d40e82b809f2ecd679606f05,60,Mand,1,2,2,0,3,3,0,1,0,86,6+ måneder,A,mail,mail,62,22,0.45161290322580644,0.5967741935483871,0,0.04838709677419355,0,0.016129032258064516,30,0,0.06451612903225806,0.16129032258064516,0.04838709677419355,0,0,0.04838709677419355,0.016129032258064516,0.14516129032258066,0.016129032258064516,Desktop-traditionalisten,62,0.5967741935483871,0,0.9516129032258065,0.45161290322580644,0.016129032258064516,0.24193548387096775,62
4b5ac62530c308e8b1869b7c95414415,60,Mand,0,2,2,2,0,0,0,1,1,77,6+ måneder,Andet,mail,mail,36,7,0.3888888888888889,0.4027777777777778,0,0,0,0,21,0,0.3055555555555556,0.1111111111111111,0,0,0,0,0.05555555555555555,0.16666666666666666,0,Desktop-traditionalisten,36,0.4027777777777778,0,1,0.3888888888888889,0,0.5277777777777778,36
cd56a0cd8667821575100b3250a9b4f8,60,Mand,1,9,2,8,1,1,0,1,0,55,6+ måneder,B,content,jp.dk,562,30,0.3736654804270463,0.3300711743772242,0.9626334519572953,0,0,0,30,0,0.18861209964412812,0.3487544483985765,0.9626334519572953,0,0.037366548042704624,0.0035587188612099642,0.02491103202846975,0.08185053380782918,0.028469750889679714,Power-brugeren (Mest mobil),562,0.3300711743772242,0.9626334519572953,0.037366548042704624,0.3736654804270463,0,0.9430604982206405,560
c4b4438193127c3eb6ee62ffd82b6283,60,Kvinde,1,0,0,0,0,0,1,0,0,62,0-7 dage,A,content,jp.dk,17,12,0.47058823529411764,0.7352941176470589,1,0.6470588235294118,0,0,28,0,0.35294117647058826,0.23529411764705882,0,1,0,0,0.11764705882352941,0,0,Mobil-nykommeren,17,0.7352941176470589,1,0,0.47058823529411764,0,0.23529411764705882,17
f2f9a0e15da517768c7965ab94e2a5ab,60,Mand,0,0,0,0,0,0,0,1,0,36,0-7 dage,A,content,jp.dk,27,3,0.4074074074074074,0.24074074074074073,1,0,0,0.037037037037037035,9,0,0.1111111111111111,0.8888888888888888,1,0,0,0,0,0.18518518518518517,0,Mobil-nykommeren,27,0.24074074074074073,1,0,0.4074074074074074,0.037037037037037035,0.9259259259259259,27
1d3e35103dcea06aac11a372e471059d,60,Kvinde,0,0,0,0,0,0,1,0,0,55,6+ måneder,A,content,jp.dk,2,1,0.5,0.625,1,0,0,0,0,0,0,0,1,0,0,0,0,0,0,Mobil-nykommeren,2,0.625,1,0,0.5,0,0,2
0189b22c99e33623162d8637b1f1f081,60,Mand,0,21,9,10,0,0,1,0,0,50,6+ måneder,Andet,mail,mail,424,27,0.3490566037735849,0.3732311320754717,0.35141509433962265,0,0,0.0047169811320754715,30,0,0.32547169811320753,0.330188679245283,0.35141509433962265,0,0.6485849056603774,0.0047169811320754715,0.01650943396226415,0.08726415094339622,0.02358490566037736,Veteranen (Høj historik),424,0.3732311320754717,0.35141509433962265,0.6485849056603774,0.3490566037735849,0.0047169811320754715,0.8773584905660378,424
d45193d95b89190f94adf87f9d1708ae,60,Mand,0,1,0,1,0,0,0,1,0,58,6+ måneder,B,content,jp.dk,721,31,0.3314840499306519,0.2669902912621359,1,0,0,0.0013869625520110957,30,0,0.18446601941747573,0.5201109570041609,0,1,0,0.005547850208044383,0.016643550624133148,0.0651872399445215,0.052704576976421634,Power-brugeren (Mest mobil),721,0.2669902912621359,1,0,0.3314840499306519,0.0013869625520110957,0.8321775312066574,718
74967f9c539cf87f7da82fcab48780f9,60,Kvinde,0,0,0,0,0,0,0,1,1,53,0-7 dage,A,content,jp.dk,7,4,0.8571428571428571,0.6071428571428571,0,0,0,0.2857142857142857,21,0,0.42857142857142855,0,0,0,1,0,0,0,0,Desktop-traditionalisten,7,0.6071428571428571,0,1,0.8571428571428571,0.2857142857142857,0,7
db377db012994337e849d93d6fe9e4c8,60,Kvinde,1,1,1,0,0,2,0,1,0,33,6+ måneder,Andet,Matrice,jp.dk,447,27,0.2930648769574944,0.3730425055928412,1,0,0,0.042505592841163314,30,0,0.31543624161073824,0.03803131991051454,0,1,0,0.006711409395973154,0.0738255033557047,0.04697986577181208,0.05145413870246085,Mobil-nykommeren,447,0.3730425055928412,1,0,0.2930648769574944,0.042505592841163314,0.6465324384787472,275
5a4d1ca42f1bd06fc54e2ea79fc8403a,60,Mand,0,4,2,1,0,0,0,1,0,56,6+ måneder,A,content,jp.dk,430,27,0.3697674418604651,0.3819767441860465,1,0,0,0.037209302325581395,30,0,0.27906976744186046,0.29534883720930233,0,1,0,0.020930232558139535,0.03953488372093023,0.06976744186046512,0.03255813953488372,Power-brugeren (Mest mobil),430,0.3819767441860465,1,0,0.3697674418604651,0.037209302325581395,0.8023255813953488,430
a584c7f8aa67f3399a61edd43812f0e4,60,Mand,0,0,0,0,0,0,0,1,1,34,6+ måneder,Andet,Matrice,jp.dk,3,1,0.3333333333333333,0.3333333333333333,1,0,0,0,0,0,0,0,1,0,0,0,0,0,0,Mobil-nykommeren,3,0.3333333333333333,1,0,0.3333333333333333,0,0.6666666666666666,3
eead3f1cb1167bf8e012bbe03a044111,60,Kvinde,1,16,4,10,0,0,0,1,0,82,6+ måneder,Andet,Matrice,jp.dk,169,25,0.3727810650887574,0.5029585798816568,0,0,0,0.30177514792899407,29,0,0.33136094674556216,0,0,0,1,0.005917159763313609,0.023668639053254437,0.09467455621301775,0.05917159763313609,Veteranen (Høj historik),169,0.5029585798816568,0,1,0.3727810650887574,0.30177514792899407,0.6745562130177515,169
9907abce208587f376f3d01a7639787b,60,Kvinde,0,0,0,0,0,0,1,0,0,83,6+ måneder,A,content,jp.dk,64,19,0.546875,0.71484375,0,0.046875,0,0.015625,24,0,0,0.765625,0,0,1,0,0.046875,0.109375,0.03125,Desktop-traditionalisten,64,0.71484375,0,1,0.546875,0.015625,0.421875,64
683f34302ed1e312582a6257135ad7ac,60,Mand,1,8,5,0,0,0,0,1,0,70,6+ måneder,B,content,jp.dk,648,31,0.22993827160493827,0.2847222222222222,0,0,0,0,30,0,0.20679012345679013,0.24691358024691357,0,0,0,0.006172839506172839,0.021604938271604937,0.05864197530864197,0.05555555555555555,Power-brugeren (Mest mobil),648,0.2847222222222222,0,1,0.22993827160493827,0,0.4537037037037037,648
c02f67974ac36a6c2c86a99b09071d69,60,Kvinde,0,0,0,0,0,0,1,0,0,56,0-7 dage,A,content,jp.dk,8,1,0.625,0.5,1,0,0,0,0,0,1,0,1,0,0,0,0,0,0,Mobil-nykommeren,8,0.5,1,0,0.625,0,0.375,8
33426eacfafcb883784bcc9bcbc456d6,60,Kvinde,1,2,1,1,0,0,1,0,0,57,6+ måneder,Ukendt,topticker,jp.dk,718,31,0.3147632311977716,0.2924791086350975,1,0,0,0,30,0,0.181058495821727,0.36908077994428967,1,0,0,0.006963788300835654,0.02924791086350975,0.07381615598885793,0.04178272980501393,Power-brugeren (Mest mobil),718,0.2924791086350975,1,0,0.3147632311977716,0,0.541782729805014,717
cf9bb6c697c20d5eb0942feb43cd07b3,60,Mand,1,11,7,6,5,5,0,1,1,78,6+ måneder,Andet,mail,mail,163,28,0.3496932515337423,0.3205521472392638,0.012269938650306749,0.018404907975460124,0,0.012269938650306749,30,0,0.4049079754601227,0.0736196319018405,0.012269938650306749,0,0.9877300613496932,0.006134969325153374,0.04294478527607362,0.09202453987730061,0.024539877300613498,Veteranen (Høj historik),163,0.3205521472392638,0.012269938650306749,0.9877300613496932,0.3496932515337423,0.012269938650306749,0.37423312883435583,163
26a8b7f9adc53ba2b3ee6c4ab26213d7,60,Mand,0,0,0,0,0,1,0,1,1,62,6+ måneder,Andet,mail,mail,20,8,0.3,0.65,1,0.15,0.3,0,28,0,0.4,0,0,1,0,0,0,0.1,0,Mobil-nykommeren,20,0.65,1,0,0.3,0,0.25,20
9d7dd9a43116697257a3631fc3d43dd4,60,Kvinde,1,1,1,0,0,0,0,1,1,53,6+ måneder,Andet,Matrice,jp.dk,946,30,0.22410147991543342,0.23017970401691332,1,0,0,0,30,0,0.24101479915433405,0.2769556025369979,1,0,0,0.0010570824524312897,0.008456659619450317,0.039112050739957716,0.042283298097251586,Power-brugeren (Mest mobil),946,0.23017970401691332,1,0,0.22410147991543342,0,0.4069767441860465,944
2f8965398cbe981cccc83d6f81509fec,60,Mand,0,3,3,1,1,1,0,1,1,76,6+ måneder,A,content,jp.dk,278,15,0.27697841726618705,0.25989208633093525,0,0,0,0,28,0,0.0539568345323741,0.07553956834532374,0,0,0,0.0035971223021582736,0.014388489208633094,0.050359712230215826,0.039568345323741004,Desktop-traditionalisten,278,0.25989208633093525,0,1,0.27697841726618705,0,0.5215827338129496,278
b3e85bb67a9d20a7e111a08ba1bd2132,60,Mand,1,6,5,3,2,2,1,0,0,80,6+ måneder,Andet,Matrice,jp.dk,57,19,0.49122807017543857,0.5526315789473685,0.9649122807017544,0,0,0.017543859649122806,29,0,0.08771929824561403,0.03508771929824561,0.9649122807017544,0,0,0.017543859649122806,0,0.12280701754385964,0.03508771929824561,Mobil-nykommeren,57,0.5526315789473685,0.9649122807017544,0.03508771929824561,0.49122807017543857,0.017543859649122806,0.3333333333333333,57
879b5551329d17757e5e7f7688f33b46,60,Kvinde,1,2,2,0,0,0,0,1,0,57,6+ måneder,A,mail,mail,14,2,0.07142857142857142,0.375,0.7857142857142857,0,0,0.14285714285714285,1,0,0,0.7857142857142857,0.7857142857142857,0,0.21428571428571427,0,0,0.14285714285714285,0,Mobil-nykommeren,14,0.375,0.7857142857142857,0.21428571428571427,0.07142857142857142,0.14285714285714285,0.7857142857142857,14
e0e2dfb741cb21eb041e20ea6520556e,60,Mand,1,9,7,3,9,11,0,1,0,68,6+ måneder,A,mail,mail,393,31,0.3486005089058524,0.5025445292620865,0.030534351145038167,0,0,0,30,0,0.35368956743002544,0.19592875318066158,0.030534351145038167,0,0,0.035623409669211195,0.027989821882951654,0.08396946564885496,0.015267175572519083,Veteranen (Høj historik),393,0.5025445292620865,0.030534351145038167,0.9694656488549618,0.3486005089058524,0,0.7531806615776081,392
5e8af72025c9d68c8ca63ce6c5ae208c,60,Mand,0,4,3,2,1,1,0,1,1,61,6+ måneder,B,content,jp.dk,93,13,0.3118279569892473,0.4112903225806452,0,0.010752688172043012,0,0.010752688172043012,30,0,0,0,0,0,1,0.021505376344086023,0.010752688172043012,0.08602150537634409,0.021505376344086023,Desktop-traditionalisten,93,0.4112903225806452,0,1,0.3118279569892473,0.010752688172043012,0.6559139784946236,93
faa5fa17d662699ba69d3b79387dec5e,60,Kvinde,1,3,2,2,0,0,1,0,0,70,6+ måneder,Andet,mail,mail,194,19,0.3917525773195876,0.25773195876288657,0.9690721649484536,0.04639175257731959,0,0.03608247422680412,29,0,0.15463917525773196,0.36082474226804123,0.9690721649484536,0,0.030927835051546393,0,0.02577319587628866,0.04639175257731959,0.0979381443298969,Mobil-nykommeren,194,0.25773195876288657,0.9690721649484536,0.030927835051546393,0.3917525773195876,0.03608247422680412,0.5515463917525774,194
a2a931ef8e5f6fe348f878077b5a6ee7,60,Mand,0,0,0,0,0,0,0,1,1,60,6+ måneder,Andet,Matrice,jp.dk,7,5,0.7142857142857143,0.6071428571428571,0.5714285714285714,0.5714285714285714,0,0,20,0,0.2857142857142857,0.42857142857142855,0.5714285714285714,0,0.42857142857142855,0,0,0,0.42857142857142855,Mobil-nykommeren,7,0.6071428571428571,0.5714285714285714,0.42857142857142855,0.7142857142857143,0,0.2857142857142857,7
1fb4fffd2653ec4e8a5fa61b0e8f489c,60,Kvinde,0,0,0,0,0,0,1,0,0,60,6+ måneder,B,content,jp.dk,21,4,0.5238095238095238,0.7261904761904762,0.7142857142857143,0.23809523809523808,0,0,7,0,0.5714285714285714,0.2857142857142857,0,0.7142857142857143,0.2857142857142857,0.047619047619047616,0,0,0.14285714285714285,Mobil-nykommeren,21,0.7261904761904762,0.7142857142857143,0.2857142857142857,0.5238095238095238,0,0.42857142857142855,21
0337580bff96617791df065cc65b78e1,60,Mand,0,4,2,0,0,0,0,1,0,72,6+ måneder,Andet,Matrice,jp.dk,8,6,0.5,0.46875,0,0,0,0,18,0,0.25,0.125,0.75,0,0.25,0,0.125,0.125,0,Desktop-traditionalisten,8,0.46875,0,0.25,0.5,0,0.125,8
44520b335edabb34f5b5a96e1d0bd832,60,Kvinde,1,3,1,2,0,0,1,0,0,61,6+ måneder,A,content,jp.dk,193,31,0.38341968911917096,0.5893782383419689,0,0,0,0.015544041450777202,30,0,0.49740932642487046,0.2538860103626943,0,0,0,0.02072538860103627,0.046632124352331605,0.08808290155440414,0.031088082901554404,Desktop-traditionalisten,193,0.5893782383419689,0,1,0.38341968911917096,0.015544041450777202,0.46113989637305697,193
68cc004add6d16311514269355dfd910,60,Mand,0,0,0,0,0,0,1,0,0,37,0-7 dage,B,content,jp.dk,12,2,0.4166666666666667,0.20833333333333334,0.16666666666666666,0,0,0,1,0,0,0.16666666666666666,0.16666666666666666,0,0.8333333333333334,0,0,0.3333333333333333,0,Desktop-traditionalisten,12,0.20833333333333334,0.16666666666666666,0.8333333333333334,0.4166666666666667,0,0.4166666666666667,12
d434ebf14da785b30d1a825afafc7b71,60,Mand,0,13,13,0,0,0,1,0,0,48,6+ måneder,B,content,jp.dk,511,31,0.16634050880626222,0.1815068493150685,0.9823874755381604,0,0,0,30,0,0.12720156555772993,0.30528375733855184,0,0.9823874755381604,0,0.015655577299412915,0.003913894324853229,0.03913894324853229,0.023483365949119372,Power-brugeren (Mest mobil),511,0.1815068493150685,0.9823874755381604,0.01761252446183953,0.16634050880626222,0,0.273972602739726,511
cbbccaff1980a9afe74cf3b70a7d61da,60,Mand,1,2,2,0,0,0,1,0,0,65,6+ måneder,B,mail,mail,882,31,0.24263038548752835,0.2950680272108844,0.9195011337868481,0,0,0.006802721088435374,30,0,0.272108843537415,0.3786848072562358,0.9195011337868481,0,0.08049886621315193,0.03854875283446712,0.017006802721088437,0.060090702947845805,0.021541950113378686,Power-brugeren (Mest mobil),882,0.2950680272108844,0.9195011337868481,0.08049886621315193,0.24263038548752835,0.006802721088435374,0.9455782312925171,882
a3967b887bfb0e30a6521b40211e059a,60,Mand,0,2,1,0,0,0,1,0,0,43,6+ måneder,A,content,jp.dk,486,31,0.2366255144032922,0.29012345679012347,0.35185185185185186,0,0,0,30,0,0.35390946502057613,0.25925925925925924,0.35185185185185186,0,0,0.01440329218106996,0.00205761316872428,0.03497942386831276,0.059670781893004114,Power-brugeren (Mest mobil),486,0.29012345679012347,0.35185185185185186,0.6481481481481481,0.2366255144032922,0,0.51440329218107,486
05c2f3b93f4573cd4b34db7362893c04,60,Mand,1,8,2,3,0,0,1,0,0,86,6+ måneder,A,mail,mail,683,31,0.24890190336749635,0.2836749633967789,0,0,0,0.004392386530014641,30,0,0.18740849194729137,0.23718887262079064,0.0014641288433382138,0,0,0.020497803806734993,0.01171303074670571,0.03367496339677892,0.017569546120058566,Power-brugeren (Mest mobil),683,0.2836749633967789,0,0.9985358711566618,0.24890190336749635,0.004392386530014641,0.4612005856515373,683
83b6969c7877f21ee7e1ffba875f5df5,60,Ikke oplyst,0,0,0,0,0,0,1,0,0,26,0-7 dage,A,content,jp.dk,0,0,0,0,0,0,0,0,0,0,0,0,0,0,0,0,0,0,0,Spøgelses-brugeren (Lav aktivitet),0,0,0,0,0,0,0,0
6bea216a1e3d25a48f391aff36d22901,60,Mand,1,16,4,11,0,0,1,0,0,69,6+ måneder,B,content,jp.dk,182,22,0.3131868131868132,0.41620879120879123,1,0,0,0.01098901098901099,30,0,0.19230769230769232,0.2032967032967033,1,0,0,0,0.04945054945054945,0.04395604395604396,0.027472527472527472,Veteranen (Høj historik),182,0.41620879120879123,1,0,0.3131868131868132,0.01098901098901099,0.6593406593406593,182
892870b7adcff5ec90a80203b1724bbb,60,Kvinde,0,0,0,0,0,0,1,0,0,54,6+ måneder,B,content,jp.dk,13,2,0.23076923076923078,0.23076923076923078,1,0,0,0.07692307692307693,24,0,0,0.7692307692307693,1,0,0,0.07692307692307693,0,0.07692307692307693,0.15384615384615385,Mobil-nykommeren,13,0.23076923076923078,1,0,0.23076923076923078,0.07692307692307693,0.6153846153846154,13
62883bbbeff3352d2f591e24ca154bed,60,Kvinde,1,16,8,6,0,0,1,0,0,58,6+ måneder,B,mail,mail,72,16,0.4166666666666667,0.4583333333333333,0.125,0.09722222222222222,0,0,30,0,0.1527777777777778,0.1111111111111111,0.125,0,0.6527777777777778,0.013888888888888888,0.013888888888888888,0.08333333333333333,0.05555555555555555,Veteranen (Høj historik),72,0.4583333333333333,0.125,0.875,0.4166666666666667,0,0.625,72
50299e69701388372e0a2d450a30f237,60,Kvinde,1,0,0,0,0,2,0,1,1,67,6+ måneder,Ukendt,Matrice,jp.dk,2,1,0.5,0.5,1,0,0,0,0,0,0,0,0,1,0,0,0,0,0,Mobil-nykommeren,2,0.5,1,0,0.5,0,0.5,2
e6d42f2cc92a1b3642be36753811c7ec,60,Kvinde,0,0,0,0,0,0,1,0,0,45,6+ måneder,Ukendt,Matrice,jp.dk,183,20,0.39344262295081966,0.5669398907103825,0.6721311475409836,0,0,0.02185792349726776,29,0,0,0.3333333333333333,0,0.6721311475409836,0.32786885245901637,0,0.1092896174863388,0.03825136612021858,0.03278688524590164,Mobil-nykommeren,183,0.5669398907103825,0.6721311475409836,0.32786885245901637,0.39344262295081966,0.02185792349726776,0.8688524590163934,183
69bd53d9aabb419a60a4d017008fa7f4,60,Mand,0,1,1,1,1,1,1,0,0,69,6+ måneder,B,mail,mail,629,31,0.17965023847376788,0.20508744038155802,0,0,0,0.27980922098569155,30,0,0.39268680445151033,0.19236883942766295,0,0,0.12559618441971382,0.014308426073131956,0.02702702702702703,0.05405405405405406,0.02384737678855326,Power-brugeren (Mest mobil),629,0.20508744038155802,0,1,0.17965023847376788,0.27980922098569155,0.5723370429252782,629
32b1b4abb3df1282395d96cf86231b61,60,Mand,0,1,0,1,0,0,0,1,0,66,6+ måneder,A,content,jp.dk,111,25,0.17117117117117117,0.23648648648648649,0,0,0,0,30,0,0.1981981981981982,0.3063063063063063,0.8828828828828829,0,0.11711711711711711,0.02702702702702703,0.009009009009009009,0,0.09009009009009009,Spøgelses-brugeren (Lav aktivitet),111,0.23648648648648649,0,0.11711711711711711,0.17117117117117117,0,0.3333333333333333,111
801a04e0d27bf5be1b22718899014c62,60,Mand,0,2,1,0,0,0,0,1,0,91,6+ måneder,Andet,mail,mail,0,0,0,0,0,0,0,0,0,0,0,0,0,0,0,0,0,0,0,Spøgelses-brugeren (Lav aktivitet),0,0,0,0,0,0,0,0
0f7356c2012978b27f40bf90da63b25c,60,Mand,0,3,3,0,0,0,1,0,0,33,6+ måneder,Ukendt,Matrice,jp.dk,73,17,0.3013698630136986,0.2363013698630137,0,0.0547945205479452,0,0.0958904109589041,24,0,0.1917808219178082,0.0136986301369863,0,0,1,0,0.1095890410958904,0.0273972602739726,0.0273972602739726,Desktop-traditionalisten,73,0.2363013698630137,0,1,0.3013698630136986,0.0958904109589041,0.5616438356164384,73
b8cf7df4500493f9380f11cb95f68c0c,60,Mand,0,1,1,0,0,0,0,1,0,74,6+ måneder,Andet,mail,mail,24,12,0.4583333333333333,0.5520833333333334,0.4166666666666667,0,0,0,27,0,0.7083333333333334,0.16666666666666666,0.4166666666666667,0,0.5833333333333334,0,0.20833333333333334,0.08333333333333333,0.041666666666666664,Mobil-nykommeren,24,0.5520833333333334,0.4166666666666667,0.5833333333333334,0.4583333333333333,0,0.16666666666666666,24
5ac2c11ffacf428b84f9d918b333cbfc,60,Kvinde,0,1,1,0,0,0,1,0,0,61,6+ måneder,A,content,jp.dk,6,3,0.16666666666666666,0.4166666666666667,0,0,0,0.16666666666666666,9,0,0,0.3333333333333333,0,0,0,0,0,0,0.6666666666666666,Desktop-traditionalisten,6,0.4166666666666667,0,1,0.16666666666666666,0.16666666666666666,0.5,6
0f624e1da2a58718e4a3ab95c6c6add2,60,Kvinde,0,0,0,0,0,0,0,1,1,48,6+ måneder,B,content,jp.dk,7,3,0,0.17857142857142858,1,0.14285714285714285,0,0,12,0,0.42857142857142855,0,1,0,0,0,0.14285714285714285,0,0,Spøgelses-brugeren (Lav aktivitet),7,0.17857142857142858,1,0,0,0,0.2857142857142857,7
d0d81b7a741d91ade62ef2055b924416,60,Mand,1,5,5,0,0,0,0,1,0,51,6+ måneder,A,content,jp.dk,700,31,0.29428571428571426,0.3275,0.6585714285714286,0,0,0,30,0,0.23285714285714285,0.22,0.6585714285714286,0,0,0.008571428571428572,0.025714285714285714,0.05714285714285714,0.06,Power-brugeren (Mest mobil),700,0.3275,0.6585714285714286,0.3414285714285714,0.29428571428571426,0,0.5342857142857143,697
7b5dc0298c1f08e63d7907ce05257f64,60,Mand,0,3,3,1,0,0,0,1,0,75,6+ måneder,A,mail,mail,304,27,0.41118421052631576,0.4597039473684211,0.9769736842105263,0,0,0,29,0,0.029605263157894735,0.26644736842105265,0,0.9769736842105263,0.023026315789473683,0.006578947368421052,0.049342105263157895,0.10197368421052631,0.04276315789473684,Power-brugeren (Mest mobil),304,0.4597039473684211,0.9769736842105263,0.023026315789473683,0.41118421052631576,0,0.7730263157894737,304
7f85de49b95988ba4ee8be83228ced99,60,Mand,1,0,0,0,0,0,0,1,0,61,6+ måneder,A,content,jp.dk,3,1,0.6666666666666666,0.8333333333333334,1,0,0,0,0,0,0,1,1,0,0,0,0,0.3333333333333333,0,Mobil-nykommeren,3,0.8333333333333334,1,0,0.6666666666666666,0,0.3333333333333333,3
e7a3ae40b6ee57457d1274d18d27c72e,60,Mand,0,0,0,0,0,0,0,1,0,46,0-7 dage,A,content,jp.dk,2,1,0,0.5,0,0,0,0,0,0,0,0,0,0,1,0,0,0,0,Desktop-traditionalisten,2,0.5,0,1,0,0,0.5,2
f7c658d9da4d4f824a47efac0722d303,60,Ikke oplyst,1,6,3,4,1,1,0,1,1,77,6+ måneder,B,mail,mail,0,0,0,0,0,0,0,0,0,0,0,0,0,0,0,0,0,0,0,Spøgelses-brugeren (Lav aktivitet),0,0,0,0,0,0,0,0
0a2c05c75d874ab240347e05ec34d089,60,Kvinde,0,7,1,7,2,2,1,0,0,84,6+ måneder,A,content,jp.dk,775,30,0.29161290322580646,0.4067741935483871,0,0,0,0,30,0,0.025806451612903226,0.37032258064516127,0,0,1,0.012903225806451613,0.025806451612903226,0.06322580645161291,0.014193548387096775,Power-brugeren (Mest mobil),775,0.4067741935483871,0,1,0.29161290322580646,0,0.5316129032258065,768
5fc6f61f405434f7c0044892d2bc8578,60,Mand,1,0,0,0,0,0,0,1,0,56,6+ måneder,A,content,jp.dk,17,3,0.4117647058823529,0.5,0.11764705882352941,0,0,0.058823529411764705,7,0,0.11764705882352941,0,0.11764705882352941,0,0.8823529411764706,0,0.058823529411764705,0.17647058823529413,0,Desktop-traditionalisten,17,0.5,0.11764705882352941,0.8823529411764706,0.4117647058823529,0.058823529411764705,0.6470588235294118,17
3a0bf932478ae8786cc3ed33867eec0a,60,Mand,0,16,11,4,0,0,0,1,1,52,6+ måneder,B,content,jp.dk,480,31,0.23333333333333334,0.36041666666666666,1,0,0,0.004166666666666667,30,0,0.14166666666666666,0.27291666666666664,1,0,0,0.014583333333333334,0.01875,0.06041666666666667,0.041666666666666664,Veteranen (Høj historik),480,0.36041666666666666,1,0,0.23333333333333334,0.004166666666666667,0.45208333333333334,480
e7a301fe623aea209b0a5aff28ae5933,60,Mand,1,0,0,0,0,0,1,0,0,65,0-7 dage,B,content,jp.dk,71,28,0.11267605633802817,0.056338028169014086,0,0,0,0,28,0,0.22535211267605634,0.16901408450704225,0,0,1,0,0,0,0.028169014084507043,Spøgelses-brugeren (Lav aktivitet),71,0.056338028169014086,0,1,0.11267605633802817,0,0.08450704225352113,71
e6f2eaf758f41274511b63ce54ff104c,60,Mand,0,0,0,0,0,0,0,1,0,66,6+ måneder,Ukendt,Weblayer,jp.dk,30,7,0.5,0.2916666666666667,1,0.06666666666666667,0,0.2,19,0,0.26666666666666666,0.2,1,0,0,0,0.06666666666666667,0.06666666666666667,0.13333333333333333,Mobil-nykommeren,30,0.2916666666666667,1,0,0.5,0.2,0.6666666666666666,30
df805926164de62f645d438131cfaef8,60,Kvinde,0,5,3,3,0,0,1,0,0,62,6+ måneder,Andet,Matrice,jp.dk,129,15,0.3798449612403101,0.3391472868217054,0.5193798449612403,0,0,0.031007751937984496,21,0,0.17054263565891473,0.31007751937984496,0.5193798449612403,0,0,0.007751937984496124,0.05426356589147287,0.10852713178294573,0.015503875968992248,Desktop-traditionalisten,129,0.3391472868217054,0.5193798449612403,0.4806201550387597,0.3798449612403101,0.031007751937984496,0.5116279069767442,129
0659d4d38786138a6aa809e8fd489069,60,Kvinde,0,0,0,0,0,0,0,1,0,70,0-7 dage,Ukendt,Matrice,jp.dk,213,22,0.3192488262910798,0.5422535211267606,0.18779342723004694,0,0,0.014084507042253521,25,0,0.056338028169014086,0.3474178403755869,0.18779342723004694,0,0,0.004694835680751174,0.051643192488262914,0.03286384976525822,0.014084507042253521,Desktop-traditionalisten,213,0.5422535211267606,0.18779342723004694,0.812206572769953,0.3192488262910798,0.014084507042253521,0.7417840375586855,213
b8170fdd0a9a8da6aedce9a9214f5b19,60,Mand,1,2,1,1,1,1,0,1,0,81,6+ måneder,Andet,mail,mail,32,7,0.40625,0.5,0,0,0,0,18,0,0.03125,0.125,0,0,1,0.03125,0.03125,0.15625,0,Desktop-traditionalisten,32,0.5,0,1,0.40625,0,0.46875,32
f47f4dddcdc069eede98ba53df09596f,60,Mand,0,0,0,0,0,0,0,1,0,48,6+ måneder,A,content,jp.dk,85,23,0.5411764705882353,0.611764705882353,0.9647058823529412,0.788235294117647,0,0,30,0,0.17647058823529413,0.4117647058823529,0.9647058823529412,0,0.03529411764705882,0.09411764705882353,0.011764705882352941,0.047058823529411764,0.011764705882352941,Mobil-nykommeren,85,0.611764705882353,0.9647058823529412,0.03529411764705882,0.5411764705882353,0,0.17647058823529413,85
87134d062a81300e9fea49802e97e990,60,Mand,1,1,0,0,4,4,0,1,0,80,6+ måneder,B,mail,mail,7,5,0.7142857142857143,0.6071428571428571,0.42857142857142855,0,0,0,24,0,0,0,1,0,0,0,0.14285714285714285,0.14285714285714285,0,Mobil-nykommeren,7,0.6071428571428571,0.42857142857142855,0,0.7142857142857143,0,0.14285714285714285,7
562b7fa175e7d20af1d4fd8b700ab6b2,60,Mand,1,3,3,1,1,1,0,1,0,79,6+ måneder,A,content,jp.dk,48,14,0.4375,0.9427083333333334,0,0,0,0,30,0,0.10416666666666667,0,0,0,1,0.25,0.041666666666666664,0.08333333333333333,0.041666666666666664,Desktop-traditionalisten,48,0.9427083333333334,0,1,0.4375,0,0.5208333333333334,48
e5a437e84e41484e54a7bc16563f650b,60,Mand,1,6,3,1,0,0,1,0,0,63,6+ måneder,Andet,mail,mail,288,28,0.3611111111111111,0.5572916666666666,0.03125,0,0,0,28,0,0.11805555555555555,0.2673611111111111,0.03125,0,0,0.017361111111111112,0.024305555555555556,0.09027777777777778,0.0798611111111111,Desktop-traditionalisten,288,0.5572916666666666,0.03125,0.96875,0.3611111111111111,0,0.6944444444444444,288
5470116f6d8ccd7b8e6c3bebf57f1f84,60,Mand,0,0,0,0,0,0,1,0,0,51,0-7 dage,Andet,Matrice,jp.dk,58,17,0.1896551724137931,0.29310344827586204,0.034482758620689655,0,0,0,30,0,0.39655172413793105,0.22413793103448276,0,0.034482758620689655,0.9655172413793104,0,0.034482758620689655,0.017241379310344827,0.034482758620689655,Desktop-traditionalisten,58,0.29310344827586204,0.034482758620689655,0.9655172413793104,0.1896551724137931,0,0.5172413793103449,58
39b620b3cc260fddfafbb19c29a55521,60,Mand,0,3,2,0,3,3,1,0,0,70,6+ måneder,Andet,Matrice,jp.dk,440,20,0.2545454545454545,0.30568181818181817,0,0,0,0.5045454545454545,29,0,0.275,0.03409090909090909,0,0,0.9522727272727273,0.006818181818181818,0.03636363636363636,0.10227272727272728,0.03636363636363636,Desktop-traditionalisten,440,0.30568181818181817,0,1,0.2545454545454545,0.5045454545454545,0.4727272727272727,440
834ad5211bd6e9519192ce3cb9457802,60,Mand,0,0,0,0,0,0,0,1,0,50,0-7 dage,A,content,jp.dk,94,8,0.48936170212765956,0.48404255319148937,0,0,0,0,23,0,0.3617021276595745,0,0,0,0,0.010638297872340425,0.07446808510638298,0.13829787234042554,0.06382978723404255,Desktop-traditionalisten,94,0.48404255319148937,0,1,0.48936170212765956,0,0.8191489361702128,94
cfca42b67f889953733a6032ae4143d1,60,Mand,0,8,6,3,4,4,0,1,1,69,6+ måneder,Andet,mail,mail,28,10,0.5714285714285714,0.625,1,0,0,0,15,0,0.39285714285714285,0.17857142857142858,0,1,0,0,0.03571428571428571,0.2857142857142857,0.07142857142857142,Veteranen (Høj historik),28,0.625,1,0,0.5714285714285714,0,0.35714285714285715,28
d191f386d848be4c5be981c0f8816e01,60,Ikke oplyst,0,0,0,0,0,0,0,1,1,41,6+ måneder,B,content,jp.dk,23,9,0.5217391304347826,0.32608695652173914,0.9130434782608695,0,0,0,28,0,0.30434782608695654,0.5652173913043478,0.9130434782608695,0,0,0,0.043478260869565216,0.13043478260869565,0.08695652173913043,Mobil-nykommeren,23,0.32608695652173914,0.9130434782608695,0.08695652173913043,0.5217391304347826,0,0.08695652173913043,23
026950ba1188c7b7567b2c0196a567dc,60,Mand,0,0,0,0,0,0,0,1,1,38,0-7 dage,Andet,Matrice,jp.dk,2,1,0,0,1,0,0,0,0,0,0,0,1,0,0,0,0,0,0,Spøgelses-brugeren (Lav aktivitet),2,0,1,0,0,0,0,2
55cd5e4dbb4a407e4a3c3b57c7fb99be,60,Kvinde,0,0,0,0,0,0,0,1,1,43,0-7 dage,Andet,Matrice,jp.dk,3,1,0.3333333333333333,0.3333333333333333,1,0,0,0,0,0,0,0,1,0,0,0,0,0,0,Mobil-nykommeren,3,0.3333333333333333,1,0,0.3333333333333333,0,0.3333333333333333,3
2a51690c82facfbc4556e85f4693dc17,60,Kvinde,0,1,1,1,1,1,1,0,0,64,6+ måneder,Andet,mail,mail,75,25,0.5466666666666666,0.5333333333333333,1,0,0,0,28,0,0.05333333333333334,0.3333333333333333,1,0,0,0,0.013333333333333334,0.09333333333333334,0.09333333333333334,Mobil-nykommeren,75,0.5333333333333333,1,0,0.5466666666666666,0,0.14666666666666667,75
3d1673e3c7b52cbe6912069d9eae8d9c,60,Kvinde,0,0,0,0,0,0,1,0,0,52,6+ måneder,B,content,jp.dk,1,1,0,1,0,0,0,0,0,0,1,0,0,0,1,0,0,0,0,Desktop-traditionalisten,1,1,0,1,0,0,0,1
75d764e7c5aa2025f66a75af5548630b,60,Kvinde,1,0,0,0,0,0,0,1,0,75,6+ måneder,A,content,jp.dk,0,0,0,0,0,0,0,0,0,0,0,0,0,0,0,0,0,0,0,Spøgelses-brugeren (Lav aktivitet),0,0,0,0,0,0,0,0
4b95adccb4398fefc81398af8a257a45,60,Mand,0,0,0,0,0,0,1,0,0,57,6+ måneder,B,content,jp.dk,574,28,0.20905923344947736,0.21428571428571427,0.5574912891986062,0,0,0.003484320557491289,30,0,0.3170731707317073,0.13066202090592335,0,0.5574912891986062,0.08013937282229965,0.008710801393728223,0.0156794425087108,0.047038327526132406,0.024390243902439025,Power-brugeren (Mest mobil),574,0.21428571428571427,0.5574912891986062,0.4425087108013937,0.20905923344947736,0.003484320557491289,0.7491289198606271,573
7b27290677c1111502f87e9089d35a01,60,Mand,0,8,4,4,2,2,0,1,1,68,6+ måneder,A,mail,mail,502,30,0.3466135458167331,0.4357569721115538,0.5916334661354582,0,0,0,30,0,0.12350597609561753,0.17330677290836655,0.5916334661354582,0,0.40836653386454186,0.027888446215139442,0.025896414342629483,0.08764940239043825,0.025896414342629483,Power-brugeren (Mest mobil),502,0.4357569721115538,0.5916334661354582,0.40836653386454186,0.3466135458167331,0,0.8286852589641435,501
186dd15ca3e819a236693fd2ce8f666e,60,Mand,0,9,6,2,1,1,1,0,0,60,6+ måneder,B,content,jp.dk,628,31,0.24681528662420382,0.24402866242038215,1,0,0,0,30,0,0.12261146496815287,0.2914012738853503,0,1,0,0.004777070063694267,0.030254777070063694,0.03343949044585987,0.028662420382165606,Power-brugeren (Mest mobil),628,0.24402866242038215,1,0,0.24681528662420382,0,0.41878980891719747,628
6badcc2cd2b644e876ce5b50ee71795b,60,Mand,0,7,3,4,0,0,1,0,0,61,6+ måneder,A,content,jp.dk,620,29,0.18870967741935485,0.19879032258064516,0.5129032258064516,0,0,0,30,0,0.2629032258064516,0.2435483870967742,0,0.5129032258064516,0.4870967741935484,0.00967741935483871,0.008064516129032258,0.054838709677419356,0.03870967741935484,Power-brugeren (Mest mobil),620,0.19879032258064516,0.5129032258064516,0.4870967741935484,0.18870967741935485,0,0.3338709677419355,619
ca4594f4f60ad973138a97fc5a94c0fa,60,Mand,0,0,0,0,7,7,0,1,0,55,6+ måneder,Ukendt,Ukendt,Ukendt,0,0,0,0,0,0,0,0,0,0,0,0,0,0,0,0,0,0,0,Spøgelses-brugeren (Lav aktivitet),0,0,0,0,0,0,0,0
30e31485609c73343cd6c358e62bdc65,60,Mand,0,5,4,1,0,0,1,0,0,49,6+ måneder,A,content,jp.dk,370,31,0.24054054054054055,0.3493243243243243,0.581081081081081,0.002702702702702703,0,0.005405405405405406,30,0,0.17567567567567569,0.2,0,0.581081081081081,0.4189189189189189,0,0.03783783783783784,0.05675675675675676,0.005405405405405406,Power-brugeren (Mest mobil),370,0.3493243243243243,0.581081081081081,0.4189189189189189,0.24054054054054055,0.005405405405405406,0.527027027027027,370
b2bc1519bdedee9e281f9a30e6a5c56d,60,Mand,0,0,0,0,0,0,1,0,0,55,6+ måneder,A,content,jp.dk,1,1,0,1,0,0,0,0,0,0,0,0,0,0,1,0,0,0,1,Desktop-traditionalisten,1,1,0,1,0,0,0,1
2bd2e95a4d3311df6323da35a365ab0d,60,Mand,0,1,1,0,0,0,0,1,0,56,6+ måneder,Andet,mail,mail,0,0,0,0,0,0,0,0,0,0,0,0,0,0,0,0,0,0,0,Spøgelses-brugeren (Lav aktivitet),0,0,0,0,0,0,0,0
19c8f257518972e430a6be1cec52a586,60,Mand,1,1,1,0,0,0,1,0,0,49,6+ måneder,Andet,mail,mail,483,29,0.34368530020703936,0.33695652173913043,0.5072463768115942,0,0,0.010351966873706004,30,0,0.2712215320910973,0.2484472049689441,0,0.5072463768115942,0.4927536231884058,0.012422360248447204,0.014492753623188406,0.055900621118012424,0.022774327122153208,Power-brugeren (Mest mobil),483,0.33695652173913043,0.5072463768115942,0.4927536231884058,0.34368530020703936,0.010351966873706004,0.6832298136645962,483
0746ad045757e1004e04d9316b9cae64,60,Mand,0,0,0,0,0,0,0,1,0,80,6+ måneder,A,content,jp.dk,289,27,0.3460207612456747,0.3633217993079585,0.6470588235294118,0,0,0.2768166089965398,28,0,0.23183391003460208,0.2664359861591695,0,0.6470588235294118,0.35294117647058826,0,0.03460207612456748,0.09342560553633218,0.05190311418685121,Mobil-nykommeren,289,0.3633217993079585,0.6470588235294118,0.35294117647058826,0.3460207612456747,0.2768166089965398,0.5882352941176471,288
30940b4b1cd99664e4dd18235982c892,60,Mand,0,1,0,0,0,0,0,1,0,66,6+ måneder,A,content,jp.dk,6,1,0.6666666666666666,0.375,0,0,0,0,0,0,0,0.6666666666666666,0.16666666666666666,0,0,0,0,0,0,Desktop-traditionalisten,6,0.375,0,0.8333333333333334,0.6666666666666666,0,0.5,6
799f16b134fc3399262a5bd5c08434b1,60,Kvinde,0,0,0,0,0,0,0,1,0,79,0-7 dage,Andet,ppc,adwords,380,30,0.26842105263157895,0.34342105263157896,0,0.013157894736842105,0,0.005263157894736842,30,0,0.05789473684210526,0.35789473684210527,0,0,1,0.005263157894736842,0.031578947368421054,0.05,0.039473684210526314,Desktop-traditionalisten,380,0.34342105263157896,0,1,0.26842105263157895,0.005263157894736842,0.5,380
4686224ab47a1fa67c2bccdf7e3de540,60,Kvinde,1,0,0,0,0,0,0,1,1,44,6+ måneder,A,content,jp.dk,27,4,0.25925925925925924,0.3611111111111111,0,0,0,0.07407407407407407,20,0,0.07407407407407407,0,0,0,0,0,0,0,0.7037037037037037,Desktop-traditionalisten,27,0.3611111111111111,0,1,0.25925925925925924,0.07407407407407407,0.6666666666666666,27
b2babd7ae29af17bed1ffbf045307d07,60,Mand,0,3,1,1,0,0,0,1,0,68,6+ måneder,B,content,jp.dk,106,17,0.37735849056603776,0.4009433962264151,0.02830188679245283,0.009433962264150943,0,0.009433962264150943,27,0,0.20754716981132076,0.5849056603773585,0.0660377358490566,0,0.0660377358490566,0.018867924528301886,0.02830188679245283,0.08490566037735849,0.07547169811320754,Desktop-traditionalisten,106,0.4009433962264151,0.02830188679245283,0.9339622641509434,0.37735849056603776,0.009433962264150943,0.8018867924528302,106
fe93224d8d68377945c02f1116cda92a,60,Mand,0,4,1,2,0,0,0,1,1,61,6+ måneder,A,content,jp.dk,835,31,0.3077844311377245,0.25359281437125747,0.9389221556886228,0.003592814371257485,0,0,30,0,0.2215568862275449,0.32335329341317365,0,0.9389221556886228,0.06107784431137724,0.004790419161676647,0.02874251497005988,0.06467065868263473,0.04311377245508982,Power-brugeren (Mest mobil),835,0.25359281437125747,0.9389221556886228,0.06107784431137724,0.3077844311377245,0,0.5664670658682635,835
3926332ead4babb99d80e51a8649ed02,60,Kvinde,1,1,0,0,0,0,0,1,1,39,6+ måneder,B,content,jp.dk,318,24,0.2893081761006289,0.3577044025157233,0.9654088050314465,0,0,0.13522012578616352,30,0,0.2389937106918239,0.13522012578616352,0,0.9654088050314465,0.03459119496855346,0.018867924528301886,0.03773584905660377,0.05345911949685535,0.03773584905660377,Mobil-nykommeren,318,0.3577044025157233,0.9654088050314465,0.03459119496855346,0.2893081761006289,0.13522012578616352,0.6981132075471698,318
1ed3f61c5909740c55d6917e4d127a39,60,Mand,0,1,0,1,0,0,0,1,0,52,6+ måneder,A,content,jp.dk,829,31,0.27020506634499397,0.32750301568154405,0.9396863691194209,0,0,0.0012062726176115801,30,0,0.2448733413751508,0.18697225572979492,0.9396863691194209,0,0,0.0036188178528347406,0.026537997587454766,0.07599517490952955,0.030156815440289506,Power-brugeren (Mest mobil),829,0.32750301568154405,0.9396863691194209,0.06031363088057901,0.27020506634499397,0.0012062726176115801,0.5669481302774427,829
84e6974e7c3ebf7fcc2f994ca97068f7,60,Mand,0,0,0,0,3,4,1,0,0,45,6+ måneder,A,content,jp.dk,28,5,0.14285714285714285,0.21428571428571427,1,0,0,0,13,0,0.35714285714285715,0.32142857142857145,1,0,0,0.03571428571428571,0,0.03571428571428571,0.03571428571428571,Mobil-nykommeren,28,0.21428571428571427,1,0,0.14285714285714285,0,0.5357142857142857,28
946fd068a3cb38c2818f0595c48c8dc7,60,Mand,0,2,1,2,1,0,0,1,0,76,6+ måneder,Ukendt,Ukendt,Ukendt,0,0,0,0,0,0,0,0,0,0,0,0,0,0,0,0,0,0,0,Spøgelses-brugeren (Lav aktivitet),0,0,0,0,0,0,0,0
e36a2955c21f22023841899a593af38e,60,Kvinde,1,0,0,0,0,0,0,1,0,39,0-7 dage,A,mail,mail,148,22,0.23648648648648649,0.28209459459459457,0.8378378378378378,0,0,0,27,0,0.4391891891891892,0.19594594594594594,1,0,0,0.013513513513513514,0,0.05405405405405406,0.11486486486486487,Mobil-nykommeren,148,0.28209459459459457,0.8378378378378378,0,0.23648648648648649,0,0.3918918918918919,148
4a6fea6ce49b72a8353d1c77209db304,60,Mand,0,23,9,12,5,6,0,1,1,66,6+ måneder,Andet,email,jp,13,5,0.38461538461538464,0.5769230769230769,1,0,0,0,10,0,0.07692307692307693,0.07692307692307693,0,1,0,0,0,0.15384615384615385,0,Veteranen (Høj historik),13,0.5769230769230769,1,0,0.38461538461538464,0,0.38461538461538464,13
9643696e3d7223eba64c33fec571a3ed,60,Kvinde,0,14,7,6,0,0,0,1,1,54,6+ måneder,B,content,jp.dk,345,31,0.32463768115942027,0.27318840579710146,0.7768115942028986,0,0,0.002898550724637681,30,0,0.4,0.14202898550724638,0.7768115942028986,0,0,0.008695652173913044,0.02318840579710145,0.07536231884057971,0.05217391304347826,Veteranen (Høj historik),345,0.27318840579710146,0.7768115942028986,0.22318840579710145,0.32463768115942027,0.002898550724637681,0.5304347826086957,343
a06f5939bede84395229c9c718e5ef27,60,Mand,0,0,0,0,0,0,0,1,0,56,0-7 dage,A,content,jp.dk,514,26,0.39883268482490275,0.5029182879377432,0,0,0,0.08365758754863813,30,0,0.07392996108949416,0.5350194552529183,0,0,1,0,0.05252918287937743,0.048638132295719845,0.027237354085603113,Desktop-traditionalisten,514,0.5029182879377432,0,1,0.39883268482490275,0.08365758754863813,0.8501945525291829,514
7b5e74b0b35e65c436794b3673ee03a8,60,Mand,1,2,0,2,2,2,0,1,0,80,6+ måneder,B,content,jp.dk,319,31,0.3949843260188088,0.6598746081504702,0,0,0,0.2445141065830721,30,0,0.13479623824451412,0.006269592476489028,0,0,1,0.07836990595611286,0.050156739811912224,0.06269592476489028,0.01567398119122257,Desktop-traditionalisten,319,0.6598746081504702,0,1,0.3949843260188088,0.2445141065830721,0.7053291536050157,319
2d5adde906e831f080f533074fff495f,60,Mand,0,0,0,0,1,2,0,1,0,74,0-7 dage,Andet,mail,mail,134,20,0.47761194029850745,0.4701492537313433,1,0,0,0,29,0,0.05223880597014925,0.30597014925373134,1,0,0,0.007462686567164179,0.1044776119402985,0.17164179104477612,0.16417910447761194,Mobil-nykommeren,134,0.4701492537313433,1,0,0.47761194029850745,0,0.23134328358208955,134
c81237e08e7023521f2b624d5c18fcf9,60,Kvinde,1,7,4,3,0,0,1,0,0,74,6+ måneder,A,mail,mail,4,2,0.5,0.6875,1,0.25,0,0,2,0,0.5,0,1,0,0,0,0,0.5,0,Mobil-nykommeren,4,0.6875,1,0,0.5,0,0.25,4
8fa0a44a9bd3140f0ffb0c221d291f7c,60,Mand,1,1,1,0,1,1,0,1,1,69,6+ måneder,A,content,jp.dk,203,25,0.33004926108374383,0.47783251231527096,0.14285714285714285,0,0,0.0049261083743842365,29,0,0.31527093596059114,0.46798029556650245,0.14285714285714285,0,0,0.0049261083743842365,0.17733990147783252,0.029556650246305417,0.014778325123152709,Desktop-traditionalisten,203,0.47783251231527096,0.14285714285714285,0.8571428571428571,0.33004926108374383,0.0049261083743842365,0.5812807881773399,203
01ae2661bedce685224dd58830b94e86,60,Kvinde,0,1,1,0,0,0,1,0,0,72,6+ måneder,Andet,ppc,adwords,516,31,0.21124031007751937,0.2315891472868217,0,0,0,0.001937984496124031,30,0,0.33527131782945735,0.05232558139534884,1,0,0,0.001937984496124031,0.023255813953488372,0.04844961240310078,0.005813953488372093,Power-brugeren (Mest mobil),516,0.2315891472868217,0,0,0.21124031007751937,0.001937984496124031,0.4476744186046512,516
06c8ac777c34dd5d16d5a192a7ec9b8f,60,Mand,0,2,2,0,0,0,0,1,1,51,6+ måneder,A,mail,mail,22,11,0.5454545454545454,0.5795454545454546,1,0.5909090909090909,0,0,22,0,0.13636363636363635,0.7727272727272727,1,0,0,0,0,0.2727272727272727,0,Mobil-nykommeren,22,0.5795454545454546,1,0,0.5454545454545454,0,0.3181818181818182,22
7e75ad391f08921f8876539d914ccaf0,60,Kvinde,0,4,1,2,1,1,0,1,0,71,6+ måneder,Andet,Matrice,jp.dk,25,11,0.68,0.53,0.32,0,0,0.12,30,0,0.04,0.52,0.32,0,0,0,0.04,0.16,0.12,Desktop-traditionalisten,25,0.53,0.32,0.68,0.68,0.12,0.48,25
8ea82943798597396a272ed57e26eadd,60,Kvinde,0,0,0,0,0,0,1,0,0,50,0-7 dage,Andet,Matrice,jp.dk,395,31,0.22784810126582278,0.20506329113924052,0.7037974683544304,0,0,0.017721518987341773,30,0,0.27848101265822783,0.31645569620253167,0.7037974683544304,0,0.29620253164556964,0.002531645569620253,0.02531645569620253,0.035443037974683546,0.03291139240506329,Power-brugeren (Mest mobil),395,0.20506329113924052,0.7037974683544304,0.29620253164556964,0.22784810126582278,0.017721518987341773,0.46582278481012657,395
3879b6e1d91fcbf0f18122529184e756,60,Mand,0,0,0,0,0,0,0,1,0,64,6+ måneder,B,content,jp.dk,3,2,0.6666666666666666,0.8333333333333334,1,0,0,0,13,0,0,0.3333333333333333,1,0,0,0,0,0,0,Mobil-nykommeren,3,0.8333333333333334,1,0,0.6666666666666666,0,0.3333333333333333,3
48ad2a72e663d97240e3537688764632,60,Mand,1,9,6,2,6,6,1,0,0,75,6+ måneder,Andet,mail,mail,79,18,0.34177215189873417,0.46835443037974683,0.45569620253164556,0,0,0,24,0,0.379746835443038,0.08860759493670886,0,0.45569620253164556,0.012658227848101266,0.25316455696202533,0,0.11392405063291139,0.02531645569620253,Veteranen (Høj historik),79,0.46835443037974683,0.45569620253164556,0.5443037974683544,0.34177215189873417,0,0.46835443037974683,79
a21eb0411730430a189ef885132a43b3,60,Mand,0,2,1,0,3,4,0,1,1,65,6+ måneder,A,content,jp.dk,424,30,0.19811320754716982,0.24410377358490565,0,0,0,0.007075471698113208,30,0,0.21462264150943397,0.23820754716981132,0.5636792452830188,0,0.4363207547169811,0.0023584905660377358,0.009433962264150943,0.01179245283018868,0.009433962264150943,Power-brugeren (Mest mobil),424,0.24410377358490565,0,0.4363207547169811,0.19811320754716982,0.007075471698113208,0.8702830188679245,422
e181101072b5af45d5113b3d20183037,60,Mand,0,10,5,7,2,3,1,0,0,60,6+ måneder,Andet,Matrice,jp.dk,23,3,0.5652173913043478,0.5760869565217391,1,0,0,0,21,0,0,0.043478260869565216,0,1,0,0,0.043478260869565216,0.043478260869565216,0.043478260869565216,Veteranen (Høj historik),23,0.5760869565217391,1,0,0.5652173913043478,0,0.8260869565217391,23
b654b3aea937958ac6ad385f1985554c,60,Mand,1,0,0,0,0,0,0,1,0,62,0-7 dage,A,content,jp.dk,4,2,0.25,0.5625,1,0.25,0,0,26,0,0,0,0,1,0,0,0,0,0,Mobil-nykommeren,4,0.5625,1,0,0.25,0,0.5,4
18ed330b21f4248ec073a6d486b6f12c,60,Mand,0,0,0,0,1,2,0,1,0,74,6+ måneder,Ukendt,Matrice,jp.dk,1332,31,0.3551051051051051,0.3033033033033033,0.6313813813813813,0,0,0,30,0,0.24474474474474475,0.21771771771771772,0,0.6313813813813813,0.3686186186186186,7.507507507507507e-4,0.20270270270270271,0.05930930930930931,0.01951951951951952,Power-brugeren (Mest mobil),1332,0.3033033033033033,0.6313813813813813,0.3686186186186186,0.3551051051051051,0,0.668918918918919,1329
2f1e1f0e95db029b590b69b5b9eb6952,60,Mand,0,6,5,1,0,0,0,1,0,79,6+ måneder,Ukendt,Weblayer,jp.dk,295,28,0.36271186440677966,0.31864406779661014,0,0,0,0.003389830508474576,30,0,0.4915254237288136,0.13220338983050847,0,0,0,0,0.01694915254237288,0.0847457627118644,0.003389830508474576,Desktop-traditionalisten,295,0.31864406779661014,0,1,0.36271186440677966,0.003389830508474576,0.6305084745762712,295
38f5f24677474d61ad85fa40e4135d7d,60,Kvinde,0,2,0,0,0,1,1,0,0,77,6+ måneder,A,content,jp.dk,14,7,0.42857142857142855,0.6428571428571429,1,0.42857142857142855,0.14285714285714285,0.21428571428571427,27,0,0.42857142857142855,0.07142857142857142,0,1,0,0,0.21428571428571427,0,0,Mobil-nykommeren,14,0.6428571428571429,1,0,0.42857142857142855,0.21428571428571427,0,14
5f836a331a4fc102ed77a36472629aff,60,Mand,0,0,0,0,0,0,0,1,0,43,6+ måneder,A,content,jp.dk,16,1,0.125,0.28125,1,0,0,0,0,0,1,0,1,0,0,0,0,0,0.125,Mobil-nykommeren,16,0.28125,1,0,0.125,0,0.8125,16
ab38e63467128c2126d3e10629eee1e3,60,Mand,0,17,11,10,0,0,0,1,0,53,6+ måneder,Andet,Matrice,jp.dk,211,23,0.26540284360189575,0.31398104265402843,0.6398104265402843,0,0,0.06635071090047394,28,0,0.1990521327014218,0.11848341232227488,0.6398104265402843,0,0.36018957345971564,0.009478672985781991,0.02843601895734597,0.0995260663507109,0.03317535545023697,Veteranen (Høj historik),211,0.31398104265402843,0.6398104265402843,0.36018957345971564,0.26540284360189575,0.06635071090047394,0.5734597156398105,211
db8f2d60080013f7b31d64968f8b0b77,60,Mand,0,2,0,2,0,0,1,0,0,48,6+ måneder,A,content,jp.dk,30,11,0.43333333333333335,0.3416666666666667,0.8666666666666667,0,0,0,30,0,0.36666666666666664,0,0.8666666666666667,0,0,0.03333333333333333,0.03333333333333333,0.1,0.03333333333333333,Mobil-nykommeren,30,0.3416666666666667,0.8666666666666667,0.13333333333333333,0.43333333333333335,0,0.4666666666666667,30
9085842c1a16035b84b13ba7366a831b,60,Mand,0,0,0,0,0,0,0,1,0,97,6+ måneder,Andet,Matrice,jp.dk,0,0,0,0,0,0,0,0,0,0,0,0,0,0,0,0,0,0,0,Spøgelses-brugeren (Lav aktivitet),0,0,0,0,0,0,0,0
48d86d3c1e3a318b162d2e7232124bda,60,Mand,0,2,2,0,0,0,0,1,1,78,6+ måneder,B,content,jp.dk,436,30,0.3073394495412844,0.35091743119266056,0,0,0,0,30,0,0.13761467889908258,0.27522935779816515,0,0,1,0.009174311926605505,0.016055045871559634,0.034403669724770644,0.04128440366972477,Desktop-traditionalisten,436,0.35091743119266056,0,1,0.3073394495412844,0,0.5504587155963303,436
e2fdae02e45683dec3d2e1469f356fa4,60,Mand,1,23,6,14,5,6,1,0,0,78,6+ måneder,Ukendt,Matrice,jp.dk,164,23,0.38414634146341464,0.3643292682926829,0.1951219512195122,0,0,0.03048780487804878,30,0,0.7987804878048781,0.07317073170731707,0,0.1951219512195122,0,0.08536585365853659,0.006097560975609756,0.018292682926829267,0.018292682926829267,Veteranen (Høj historik),164,0.3643292682926829,0.1951219512195122,0.8048780487804879,0.38414634146341464,0.03048780487804878,0.6524390243902439,164
9797839576569545caa2f1cf389108ef,60,Kvinde,0,0,0,0,0,0,1,0,0,50,6+ måneder,A,content,jp.dk,28,11,0.5357142857142857,0.7589285714285714,0,0.07142857142857142,0,0,25,0,0,0.4642857142857143,0,0,0,0,0.07142857142857142,0.07142857142857142,0.14285714285714285,Desktop-traditionalisten,28,0.7589285714285714,0,1,0.5357142857142857,0,0.5,28
61578793cf57b4e94b2a2bc108ad67f3,60,Kvinde,0,0,0,0,0,0,0,1,0,55,0-7 dage,A,content,jp.dk,3,1,0.3333333333333333,0.8333333333333334,1,0.6666666666666666,0,0,0,0,0,0,0,1,0,0,0,0,0,Mobil-nykommeren,3,0.8333333333333334,1,0,0.3333333333333333,0,0,3
3ef2f6f92113adbf4b7b9a654898ba4a,60,Kvinde,0,1,0,1,0,0,1,0,0,55,6+ måneder,B,content,jp.dk,72,13,0.4444444444444444,0.4027777777777778,0.9305555555555556,0.2361111111111111,0,0.013888888888888888,23,0,0.4305555555555556,0.2222222222222222,0.9305555555555556,0,0,0.013888888888888888,0.05555555555555555,0.027777777777777776,0.05555555555555555,Mobil-nykommeren,72,0.4027777777777778,0.9305555555555556,0.06944444444444445,0.4444444444444444,0.013888888888888888,0.4583333333333333,72
086325f12bc218ac0373548697877ce3,60,Mand,0,3,1,2,0,0,1,0,0,49,6+ måneder,B,content,jp.dk,132,21,0.4015151515151515,0.4337121212121212,0.08333333333333333,0,0,0,27,0,0.08333333333333333,0.14393939393939395,0.08333333333333333,0,0,0.015151515151515152,0.03787878787878788,0.06818181818181818,0.030303030303030304,Desktop-traditionalisten,132,0.4337121212121212,0.08333333333333333,0.9166666666666666,0.4015151515151515,0,0.6136363636363636,132
ae5755e9ebd658a6d6755851f47d04dd,60,Kvinde,1,3,0,1,0,0,0,1,0,66,6+ måneder,Andet,Matrice,jp.dk,1,1,0,0,0,0,0,0,0,0,0,0,0,0,1,0,0,0,0,Spøgelses-brugeren (Lav aktivitet),1,0,0,1,0,0,0,1
68732262f5ce69c23aeaa985fd1ca61b,60,Kvinde,0,2,2,2,0,0,0,1,1,59,6+ måneder,B,mail,mail,111,12,0.4594594594594595,0.545045045045045,0,0,0,0.009009009009009009,27,0,0.09009009009009009,0.5675675675675675,0,0,0.6486486486486487,0,0.036036036036036036,0.0990990990990991,0.05405405405405406,Desktop-traditionalisten,111,0.545045045045045,0,1,0.4594594594594595,0.009009009009009009,0.7927927927927928,111
9177a0160817a3ccdf86b3362a0d1d66,60,Mand,0,0,0,0,0,0,0,1,0,57,0-7 dage,A,content,jp.dk,258,25,0.2751937984496124,0.15503875968992248,0.9961240310077519,0,0,0.5232558139534884,30,0,0.18992248062015504,0.49612403100775193,0,0.9961240310077519,0.003875968992248062,0,0.003875968992248062,0.07751937984496124,0.03875968992248062,Mobil-nykommeren,258,0.15503875968992248,0.9961240310077519,0.003875968992248062,0.2751937984496124,0.5232558139534884,0.4573643410852713,254
f2356a431358478feaa3f0ab52de4dfa,60,Mand,0,1,1,0,0,0,1,0,0,80,1-6 måneder,A,content,jp.dk,198,9,0.29797979797979796,0.44696969696969696,0,0,0,0.41414141414141414,9,0,0.21212121212121213,0.005050505050505051,0,0,1,0,0.015151515151515152,0.08080808080808081,0.010101010101010102,Desktop-traditionalisten,198,0.44696969696969696,0,1,0.29797979797979796,0.41414141414141414,0.5303030303030303,198
1e7f77c858e9148b9550fba2d45cbc1c,60,Kvinde,0,1,0,0,0,0,1,0,0,58,6+ måneder,A,content,jp.dk,271,25,0.47601476014760147,0.4547970479704797,0.16236162361623616,0.1992619926199262,0,0.0036900369003690036,29,0,0,0.6199261992619927,0.8782287822878229,0,0,0.0036900369003690036,0.03690036900369004,0.09225092250922509,0.033210332103321034,Desktop-traditionalisten,271,0.4547970479704797,0.16236162361623616,0.12177121771217712,0.47601476014760147,0.0036900369003690036,0.7675276752767528,271
58a4805391b2ad17014167eb291a9e1d,60,Kvinde,0,8,4,4,9,7,1,0,0,88,6+ måneder,Andet,mail,mail,0,0,0,0,0,0,0,0,0,0,0,0,0,0,0,0,0,0,0,Veteranen (Høj historik),0,0,0,0,0,0,0,0
b7189afe7ef2b29f89ee5c2277a95e23,60,Kvinde,0,0,0,0,0,0,1,0,0,60,0-7 dage,B,content,jp.dk,21,3,0.2857142857142857,0.2976190476190476,1,0,0,0.3333333333333333,6,0,0,0.5238095238095238,0,1,0,0,0.047619047619047616,0,0.047619047619047616,Mobil-nykommeren,21,0.2976190476190476,1,0,0.2857142857142857,0.3333333333333333,0.38095238095238093,21
c63f8a67553105581be2ce0dff32b3f4,60,Mand,0,0,0,0,0,0,0,1,0,66,0-7 dage,A,content,jp.dk,3,1,0,0.25,1,0,0,0,0,0,0,0,1,0,0,0,0,0,0,Mobil-nykommeren,3,0.25,1,0,0,0,0.6666666666666666,3
0f592466c4350d7c74a006ccecc0b725,60,Mand,1,0,0,0,0,0,0,1,0,76,6+ måneder,A,mail,mail,903,30,0.3211517165005537,0.3889811738648948,1,0,0,0,30,0,0.24141749723145073,0.23809523809523808,1,0,0,0.046511627906976744,0.019933554817275746,0.031007751937984496,0.042081949058693245,Power-brugeren (Mest mobil),903,0.3889811738648948,1,0,0.3211517165005537,0,0.6755260243632336,903
164ec18e75918cf0059591d1f7cd8f50,60,Mand,1,0,0,0,0,0,0,1,1,82,0-7 dage,B,content,jp.dk,290,24,0.5689655172413793,0.7827586206896552,0,0,0,0.08620689655172414,28,0,0.7137931034482758,0.017241379310344827,0,0,0,0,0.05862068965517241,0.1310344827586207,0.027586206896551724,Desktop-traditionalisten,290,0.7827586206896552,0,1,0.5689655172413793,0.08620689655172414,0.8241379310344827,290
b1d87804abaf5480992c81655242752e,60,Mand,0,18,9,9,0,0,1,0,0,84,6+ måneder,Andet,Matrice,jp.dk,421,31,0.20190023752969122,0.2672209026128266,0,0,0,0,30,0,0.36104513064133015,0.26365795724465557,0,0,1,0.0023752969121140144,0.026128266033254157,0.021377672209026127,0.028503562945368172,Veteranen (Høj historik),421,0.2672209026128266,0,1,0.20190023752969122,0,0.35629453681710216,421
2bc80ee820dd4caac5fa5f7f9d6e4a5c,60,Mand,1,26,9,15,0,0,1,0,0,73,6+ måneder,Andet,mail,mail,960,31,0.290625,0.27395833333333336,0.19895833333333332,0,0,0.1,30,0,0.38125,0.18125,0.015625,0.19895833333333332,0.05625,0.0020833333333333333,0.06145833333333333,0.084375,0.026041666666666668,Veteranen (Høj historik),960,0.27395833333333336,0.19895833333333332,0.7854166666666667,0.290625,0.1,0.5166666666666667,960
fa7231abd207f4ad047f08020bb3bcaf,60,Ikke oplyst,0,2,2,0,0,0,0,1,0,50,6+ måneder,Andet,Matrice,jp.dk,284,26,0.30633802816901406,0.24295774647887325,0.9014084507042254,0,0,0.16901408450704225,30,0,0.7852112676056338,0.02464788732394366,0.9014084507042254,0,0,0.0035211267605633804,0.06338028169014084,0.09859154929577464,0.04225352112676056,Power-brugeren (Mest mobil),284,0.24295774647887325,0.9014084507042254,0.09859154929577464,0.30633802816901406,0.16901408450704225,0.7359154929577465,284
d7df96d130e472e3d558d2318e4b5b95,60,Mand,1,3,2,0,0,0,1,0,0,50,6+ måneder,Andet,mail,mail,978,31,0.26380368098159507,0.3070040899795501,1,0,0,0,30,0,0.3333333333333333,0.08384458077709611,0,1,0,0.00408997955010225,0.024539877300613498,0.05112474437627812,0.018404907975460124,Power-brugeren (Mest mobil),978,0.3070040899795501,1,0,0.26380368098159507,0,0.4437627811860941,978
dd4d55e0e908ca50ec26ca9b5e4fda19,60,Kvinde,0,2,1,1,0,0,1,0,0,70,6+ måneder,B,content,jp.dk,432,31,0.23842592592592593,0.2378472222222222,0.6550925925925926,0.0023148148148148147,0,0.5949074074074074,30,0,0.3587962962962963,0.21296296296296297,0,0.6550925925925926,0.3449074074074074,0,0.027777777777777776,0.06018518518518518,0.018518518518518517,Power-brugeren (Mest mobil),432,0.2378472222222222,0.6550925925925926,0.3449074074074074,0.23842592592592593,0.5949074074074074,0.3912037037037037,432
d2272179aa910b22d9225a1199cf14fa,60,Mand,0,0,0,0,0,0,1,0,0,55,6+ måneder,B,content,jp.dk,46,6,0.21739130434782608,0.30434782608695654,1,0,0,0,8,0,0,0.5,1,0,0,0.08695652173913043,0,0.021739130434782608,0.043478260869565216,Mobil-nykommeren,46,0.30434782608695654,1,0,0.21739130434782608,0,0.9347826086956522,46
f54455c4d82be9b4fbdb4d969a1d9727,60,Mand,1,10,4,5,1,1,1,0,0,75,6+ måneder,B,mail,mail,491,31,0.24643584521384929,0.3182281059063136,1,0,0.010183299389002037,0.002036659877800407,30,0,0.09775967413441955,0.5091649694501018,0,1,0,0.006109979633401222,0.014256619144602852,0.04684317718940937,0.028513238289205704,Power-brugeren (Mest mobil),491,0.3182281059063136,1,0,0.24643584521384929,0.002036659877800407,0.5458248472505092,491
840bb9b0a0ea4b1a70639e5569f36bdb,60,Mand,1,25,11,15,0,0,1,0,0,75,6+ måneder,Andet,Matrice,jp.dk,257,24,0.26848249027237353,0.26653696498054474,0.16731517509727625,0,0,0,30,0,0.2840466926070039,0.2840466926070039,0.16731517509727625,0,0,0.1245136186770428,0.0311284046692607,0.05058365758754864,0.007782101167315175,Veteranen (Høj historik),257,0.26653696498054474,0.16731517509727625,0.8326848249027238,0.26848249027237353,0,0.5680933852140078,257
f3c4fc320372b73ee410c2c9d92dee75,60,Kvinde,0,0,0,0,0,0,0,1,1,41,0-7 dage,B,content,jp.dk,8,2,0.5,0.46875,1,0,0,0.25,25,0,0.125,0.375,1,0,0,0,0,0,0,Mobil-nykommeren,8,0.46875,1,0,0.5,0.25,0.125,8
c9f9144d6d7f9feea4a3f7b8508c7512,60,Mand,0,1,1,0,0,0,1,0,0,43,6+ måneder,A,content,jp.dk,449,29,0.34743875278396436,0.29565701559020047,1,0,0,0,29,0,0.4365256124721604,0.12694877505567928,1,0,0,0,0.0400890868596882,0.0334075723830735,0.031180400890868598,Power-brugeren (Mest mobil),449,0.29565701559020047,1,0,0.34743875278396436,0,0.7483296213808464,449
6419c6782d3fc968cf4d6be103be44e4,60,Mand,1,11,7,2,0,0,1,0,0,52,6+ måneder,A,mail,mail,1076,31,0.21654275092936803,0.27555762081784385,1,0,0,0,30,0,0.2611524163568773,0.2908921933085502,0,1,0,0.016728624535315983,0.020446096654275093,0.039962825278810406,0.03717472118959108,Power-brugeren (Mest mobil),1076,0.27555762081784385,1,0,0.21654275092936803,0,0.3903345724907063,1076
bd4c582db6ad252cb8111e3711f34af3,60,Mand,1,1,1,0,0,0,0,1,0,68,6+ måneder,B,mail,mail,0,0,0,0,0,0,0,0,0,0,0,0,0,0,0,0,0,0,0,Spøgelses-brugeren (Lav aktivitet),0,0,0,0,0,0,0,0
7069e5b21f83398d49d36fb52ecc23a7,60,Mand,0,0,0,0,0,0,1,0,0,52,0-7 dage,B,content,jp.dk,91,19,0.4175824175824176,0.37362637362637363,0.9560439560439561,0,0,0,30,0,0.34065934065934067,0.37362637362637363,0.945054945054945,0.01098901098901099,0.04395604395604396,0.03296703296703297,0.06593406593406594,0.054945054945054944,0.02197802197802198,Mobil-nykommeren,91,0.37362637362637363,0.9560439560439561,0.04395604395604396,0.4175824175824176,0,0.43956043956043955,91
3e167e82f647e5db6f095c4aa5abb931,60,Kvinde,1,4,1,2,0,0,0,1,0,63,6+ måneder,A,content,jp.dk,278,26,0.4028776978417266,0.5251798561151079,1,0.0035971223021582736,0,0.20863309352517986,30,0,0.17985611510791366,0.1618705035971223,1,0,0,0.01079136690647482,0.046762589928057555,0.050359712230215826,0.02158273381294964,Mobil-nykommeren,278,0.5251798561151079,1,0,0.4028776978417266,0.20863309352517986,0.7410071942446043,278
5c270fa319642d25ce2f6304b565c516,60,Mand,0,1,1,0,0,0,0,1,0,51,6+ måneder,A,content,jp.dk,194,30,0.3556701030927835,0.20747422680412372,1,0,0,0,30,0,0.20618556701030927,0.3711340206185567,0,1,0,0.005154639175257732,0,0.11855670103092783,0.03608247422680412,Mobil-nykommeren,194,0.20747422680412372,1,0,0.3556701030927835,0,0.5463917525773195,194
f73b8539516e69239dc2356d8aa67852,60,Mand,0,0,0,0,7,7,0,1,0,78,6+ måneder,Andet,mail,mail,16,11,0.375,0.4375,0,0,0,0,25,0,0.125,0,0,0,1,0,0,0.125,0,Desktop-traditionalisten,16,0.4375,0,1,0.375,0,0.1875,16
41241b233e501a67f213f3ef32ec13e3,60,Mand,0,2,2,0,1,1,1,0,0,78,6+ måneder,A,content,jp.dk,761,31,0.2956636005256242,0.27036793692509853,0.48751642575558474,0,0,0.002628120893561104,30,0,0.1800262812089356,0.2457293035479632,0,0.48751642575558474,0.5124835742444153,0.00788436268068331,0.02759526938239159,0.04204993429697766,0.06176084099868594,Power-brugeren (Mest mobil),761,0.27036793692509853,0.48751642575558474,0.5124835742444153,0.2956636005256242,0.002628120893561104,0.5558475689881734,761
3b9bdacf633987d1f31eaeff64d2bbf9,60,Mand,0,6,3,0,0,0,0,1,0,54,6+ måneder,B,content,jp.dk,0,0,0,0,0,0,0,0,0,0,0,0,0,0,0,0,0,0,0,Spøgelses-brugeren (Lav aktivitet),0,0,0,0,0,0,0,0
a9c309b04afe33c62e437d57280d74e4,60,Mand,0,1,1,0,0,0,0,1,1,51,6+ måneder,A,content,jp.dk,400,30,0.335,0.324375,0.7225,0,0,0,30,0,0.4575,0.25,0.7225,0,0.2775,0.0075,0.0175,0.095,0.0325,Power-brugeren (Mest mobil),400,0.324375,0.7225,0.2775,0.335,0,0.5225,400
76d0bcb275d7f3d64117922ad29d083d,60,Mand,0,8,8,0,0,0,1,0,0,76,6+ måneder,A,content,jp.dk,341,30,0.35777126099706746,0.46847507331378296,0,0,0,0,30,0,0.5953079178885631,0.08504398826979472,0,0,1,0.005865102639296188,0.002932551319648094,0.1348973607038123,0.008797653958944282,Desktop-traditionalisten,341,0.46847507331378296,0,1,0.35777126099706746,0,0.7272727272727273,341
d0e09996630a7a664eb6f1f65c865d5c,60,Mand,1,1,1,1,0,0,0,1,0,65,1-6 måneder,Andet,mail,mail,3,3,0.3333333333333333,0.08333333333333333,0.3333333333333333,0,0,0,8,0,0.3333333333333333,0,1,0,0,0,0,0,0,Spøgelses-brugeren (Lav aktivitet),3,0.08333333333333333,0.3333333333333333,0,0.3333333333333333,0,0.3333333333333333,3
014a894f1b5194be36a9abcba96789ed,60,Kvinde,0,0,0,0,0,0,0,1,0,36,6+ måneder,Andet,Matrice,jp.dk,15,10,0.26666666666666666,0.5166666666666667,0,0.06666666666666667,0,0.8,26,0,0.06666666666666667,0,0,0,1,0,0.06666666666666667,0,0.13333333333333333,Desktop-traditionalisten,15,0.5166666666666667,0,1,0.26666666666666666,0.8,0.06666666666666667,15
f5de57c057c6ec27e94fb8d54a176f19,60,Kvinde,0,3,0,2,3,3,1,0,0,64,6+ måneder,B,content,jp.dk,165,25,0.2545454545454545,0.28484848484848485,1,0,0,0,30,0,0.3393939393939394,0.3090909090909091,1,0,0,0,0.01818181818181818,0.024242424242424242,0.048484848484848485,Mobil-nykommeren,165,0.28484848484848485,1,0,0.2545454545454545,0,0.45454545454545453,165
79a9aa467c99112751bacbf368d8f126,60,Mand,1,4,3,3,2,3,0,1,0,60,6+ måneder,Andet,mail,mail,213,24,0.3192488262910798,0.35563380281690143,0,0,0,0,30,0,0.3051643192488263,0.2347417840375587,0,0,1,0,0.023474178403755867,0.06103286384976526,0.004694835680751174,Desktop-traditionalisten,213,0.35563380281690143,0,1,0.3192488262910798,0,0.5446009389671361,213
e71fdb8bf1e3c655c1e640416b18cd8f,60,Mand,0,11,8,4,3,3,1,0,0,75,6+ måneder,Andet,Matrice,jp.dk,20,4,0.4,0.425,0.8,0,0.1,0.1,22,0,0.2,0.45,0,0.8,0,0,0.15,0.1,0.15,Veteranen (Høj historik),20,0.425,0.8,0.2,0.4,0.1,0.65,20
df49190f560e6aae7be1bb02558601b8,60,Mand,0,0,0,0,0,1,0,1,1,28,6+ måneder,B,content,jp.dk,191,19,0.24607329842931938,0.27486910994764396,0,0.005235602094240838,0,0.08376963350785341,30,0,0.08900523560209424,0.193717277486911,0,0,0,0.020942408376963352,0.08376963350785341,0.03664921465968586,0,Desktop-traditionalisten,191,0.27486910994764396,0,1,0.24607329842931938,0.08376963350785341,0.7539267015706806,190
99acdcbfb31d153ddb16ad098baa3c2f,60,Kvinde,0,2,2,0,5,6,1,0,0,78,6+ måneder,A,mail,mail,186,29,0.5053763440860215,0.5887096774193549,1,0,0,0,30,0,0.20967741935483872,0.15053763440860216,1,0,0,0.021505376344086023,0.043010752688172046,0.0913978494623656,0.25268817204301075,Mobil-nykommeren,186,0.5887096774193549,1,0,0.5053763440860215,0,0.20430107526881722,186
d02b640435aeeb19734ebd3041caf523,60,Kvinde,0,12,2,10,0,0,0,1,0,68,6+ måneder,Andet,mail,mail,0,0,0,0,0,0,0,0,0,0,0,0,0,0,0,0,0,0,0,Spøgelses-brugeren (Lav aktivitet),0,0,0,0,0,0,0,0
5413da057f4a21a8b46e27f3d78b7596,60,Kvinde,1,2,2,0,0,0,1,0,0,52,6+ måneder,B,content,jp.dk,210,29,0.3333333333333333,0.48928571428571427,1,0,0,0.3619047619047619,30,0,0.23333333333333334,0.4523809523809524,1,0,0,0.004761904761904762,0.02857142857142857,0.08571428571428572,0.03333333333333333,Mobil-nykommeren,210,0.48928571428571427,1,0,0.3333333333333333,0.3619047619047619,0.6,210
3b58e4de14144a7cb62e612b74d08254,60,Kvinde,0,0,0,0,0,0,0,1,1,42,0-7 dage,Andet,Matrice,jp.dk,25,8,0.2,0.17,1,0,0,0,26,0,0.4,0.28,1,0,0,0.04,0.04,0,0.08,Mobil-nykommeren,25,0.17,1,0,0.2,0,0.36,25
7072362a6e23fc07df0593b559be9320,60,Mand,0,0,0,0,0,0,0,1,0,73,0-7 dage,Andet,ppc,adwords,740,31,0.23378378378378378,0.30067567567567566,0.6256756756756757,0,0,0.15135135135135136,30,0,0.2891891891891892,0.1608108108108108,0.6256756756756757,0,0.37432432432432433,0.00945945945945946,0.02837837837837838,0.060810810810810814,0.043243243243243246,Power-brugeren (Mest mobil),740,0.30067567567567566,0.6256756756756757,0.37432432432432433,0.23378378378378378,0.15135135135135136,0.6270270270270271,740
377dd6cfe7fe36b1c01d3f2996a44cfa,60,Mand,1,13,7,6,0,1,1,0,0,83,6+ måneder,Andet,mail,mail,197,23,0.3248730964467005,0.29314720812182743,0,0,0,0,30,0,0.01015228426395939,0,0,0,1,0,0.015228426395939087,0.06091370558375635,0.01015228426395939,Veteranen (Høj historik),197,0.29314720812182743,0,1,0.3248730964467005,0,0.49746192893401014,197
f77682c46f0052360c03f5b4970a2b94,60,Kvinde,0,2,2,0,0,0,1,0,0,43,6+ måneder,A,content,jp.dk,751,31,0.2103861517976032,0.2073901464713715,0.8588548601864181,0,0,0.0013315579227696406,30,0,0.3355525965379494,0.2969374167776298,0.8588548601864181,0,0.1411451398135819,0.010652463382157125,0.018641810918774968,0.04660452729693742,0.05725699067909454,Power-brugeren (Mest mobil),751,0.2073901464713715,0.8588548601864181,0.1411451398135819,0.2103861517976032,0.0013315579227696406,0.3954727030625832,751
07995ffec6801cd5915707d56aff671e,60,Mand,0,0,0,0,0,0,0,1,1,69,1-6 måneder,A,content,jp.dk,8,1,0,0.25,0,0,0,0,0,0,0,0,0,0,1,0,0,0,0,Desktop-traditionalisten,8,0.25,0,1,0,0,0.625,8
4f0216152b13956cbaefc4bb07342174,60,Mand,0,8,2,5,3,3,0,1,0,83,6+ måneder,B,mail,mail,22,8,0.22727272727272727,0.2727272727272727,0.2727272727272727,0,0,0,16,0,0,0.13636363636363635,0.2727272727272727,0,0,0.045454545454545456,0,0.045454545454545456,0.13636363636363635,Veteranen (Høj historik),22,0.2727272727272727,0.2727272727272727,0.7272727272727273,0.22727272727272727,0,0.3181818181818182,21
1f4db03f2ce5dec297af700536700774,60,Mand,0,10,10,0,0,0,0,1,1,59,6+ måneder,A,content,jp.dk,244,24,0.4426229508196721,0.7100409836065574,0.0778688524590164,0,0.00819672131147541,0,30,0,0.10245901639344263,0.2786885245901639,0,0.0778688524590164,0.22950819672131148,0.01639344262295082,0.04918032786885246,0.14344262295081966,0.08196721311475409,Desktop-traditionalisten,244,0.7100409836065574,0.0778688524590164,0.9221311475409836,0.4426229508196721,0,0.7459016393442623,244
dd93943a44977881c2ef1b76a67a9c22,60,Mand,0,2,2,2,0,2,1,0,0,67,6+ måneder,Andet,mail,mail,80,18,0.375,0.578125,0.075,0,0,0,30,0,0.05,0.275,0,0.075,0.925,0.0125,0.0375,0.1125,0.0375,Desktop-traditionalisten,80,0.578125,0.075,0.925,0.375,0,0.6,80
8c63bc6f82daa6485b044ed69e133b19,60,Mand,0,5,3,2,4,3,1,0,0,73,6+ måneder,Andet,matrice,jp.dk,5,3,0,0.05,0,0,0,0,5,0,0.2,0,0,0,0.6,0,0,0,0,Spøgelses-brugeren (Lav aktivitet),5,0.05,0,1,0,0,0.4,5
84462c32fcbf7b533329cebcb21db397,60,Mand,0,16,6,11,0,0,0,1,0,24,6+ måneder,Andet,mail,mail,143,22,0.34965034965034963,0.42657342657342656,1,0,0,0,28,0,0.25874125874125875,0.22377622377622378,1,0,0,0.006993006993006993,0.006993006993006993,0.07692307692307693,0.04895104895104895,Veteranen (Høj historik),143,0.42657342657342656,1,0,0.34965034965034963,0,0.6503496503496503,143
2479bc006451d269366c9b3bb82f658d,60,Mand,0,3,1,1,0,0,0,1,0,33,6+ måneder,Andet,Matrice,jp.dk,324,22,0.1728395061728395,0.16203703703703703,0,0.0030864197530864196,0,0.11419753086419752,28,0,0.24382716049382716,0.06790123456790123,0.018518518518518517,0,0.9814814814814815,0,0.021604938271604937,0.05555555555555555,0.021604938271604937,Desktop-traditionalisten,324,0.16203703703703703,0,0.9814814814814815,0.1728395061728395,0.11419753086419752,0.6358024691358025,324
500a242e549566077a58249a19090812,60,Ikke oplyst,1,8,3,5,0,0,1,0,0,67,6+ måneder,A,mail,mail,823,30,0.23572296476306198,0.22721749696233293,0.9975698663426489,0,0,0.019441069258809233,30,0,0.13001215066828675,0.2551640340218712,0,0.9975698663426489,0.002430133657351154,0.001215066828675577,0.018226002430133656,0.04738760631834751,0.026731470230862697,Power-brugeren (Mest mobil),823,0.22721749696233293,0.9975698663426489,0.002430133657351154,0.23572296476306198,0.019441069258809233,0.41190765492102066,810
fe66884f8c46b3489932b6d3c18e501e,60,Kvinde,1,0,0,0,5,5,0,1,0,73,6+ måneder,A,content,jp.dk,93,16,0.5806451612903226,0.47043010752688175,0.6451612903225806,0,0,0,20,0,0.2903225806451613,0.17204301075268819,1,0,0,0,0.03225806451612903,0.0967741935483871,0.053763440860215055,Mobil-nykommeren,93,0.47043010752688175,0.6451612903225806,0,0.5806451612903226,0,0.23655913978494625,93
b6aaed769aeafe1a96565a5a3575fc2a,60,Kvinde,0,0,0,0,0,0,1,0,0,67,0-7 dage,A,content,jp.dk,282,30,0.22695035460992907,0.2624113475177305,0,0,0,0,30,0,0.08156028368794327,0.32269503546099293,0.0035460992907801418,0,0,0.0070921985815602835,0.0425531914893617,0.028368794326241134,0.031914893617021274,Desktop-traditionalisten,282,0.2624113475177305,0,0.9964539007092199,0.22695035460992907,0,0.41134751773049644,281
c3a2adcf58f23aa02be556824b1d0f70,60,Mand,0,2,2,0,0,0,1,0,0,37,6+ måneder,B,content,jp.dk,444,22,0.29504504504504503,0.3530405405405405,1,0,0,0.0022522522522522522,29,0,0.268018018018018,0.19369369369369369,1,0,0,0.03153153153153153,0.006756756756756757,0.03153153153153153,0.12612612612612611,Power-brugeren (Mest mobil),444,0.3530405405405405,1,0,0.29504504504504503,0.0022522522522522522,0.9842342342342343,444
b83e8af45f399d597ee5fb1d25786e17,60,Kvinde,0,0,0,0,0,0,0,1,1,46,6+ måneder,A,content,jp.dk,10,2,0.3,0.175,0,0,0,0.1,21,0,0,0,0,0,1,0,0,0.2,0,Desktop-traditionalisten,10,0.175,0,1,0.3,0.1,0.6,10
c7e1c5854a5498b853ccece74c497065,60,Kvinde,0,3,2,0,3,3,1,0,0,86,6+ måneder,Andet,mail,mail,966,31,0.4244306418219462,0.6040372670807453,0,0,0,0.23395445134575568,30,0,0.13871635610766045,0.33229813664596275,0,0,1,0.008281573498964804,0.057971014492753624,0.07039337474120083,0.039337474120082816,Power-brugeren (Mest mobil),966,0.6040372670807453,0,1,0.4244306418219462,0.23395445134575568,0.6997929606625258,964
c06405b974fa01559f3fc5f787babcd9,60,Mand,0,9,7,2,0,0,0,1,1,74,6+ måneder,Andet,mail,mail,0,0,0,0,0,0,0,0,0,0,0,0,0,0,0,0,0,0,0,Spøgelses-brugeren (Lav aktivitet),0,0,0,0,0,0,0,0
84f6698b842c9fafd5b8729c2ceea216,60,Mand,1,9,5,2,0,0,1,0,0,70,6+ måneder,A,mail,mail,96,10,0.2916666666666667,0.5494791666666666,0,0,0,0,30,0,0.09375,0.5104166666666666,0,0,0,0,0.03125,0.052083333333333336,0.03125,Desktop-traditionalisten,96,0.5494791666666666,0,1,0.2916666666666667,0,0.8020833333333334,96
7bf3a9ea20a2f4661d94dd194a1cf803,60,Mand,0,2,2,0,0,0,1,0,0,74,6+ måneder,Ukendt,topticker,jp.dk,98,14,0.4897959183673469,0.4897959183673469,0,0,0,0.14285714285714285,30,0,0.30612244897959184,0.15306122448979592,0.9285714285714286,0,0.07142857142857142,0.030612244897959183,0.05102040816326531,0.04081632653061224,0.01020408163265306,Desktop-traditionalisten,98,0.4897959183673469,0,0.07142857142857142,0.4897959183673469,0.14285714285714285,0.6224489795918368,98
2dd7e42f99ac96b837b800eff7ed8b73,60,Kvinde,1,10,9,4,1,1,0,1,0,77,6+ måneder,B,mail,mail,29,3,0.5517241379310345,0.5948275862068966,0.034482758620689655,0,0,0.06896551724137931,18,0,0,0.7931034482758621,0.034482758620689655,0,0.9655172413793104,0,0.034482758620689655,0.10344827586206896,0,Veteranen (Høj historik),29,0.5948275862068966,0.034482758620689655,0.9655172413793104,0.5517241379310345,0.06896551724137931,0.6896551724137931,29
24959324ee77a3fdbce301c7192bc3f7,60,Mand,1,13,4,8,0,0,0,1,0,80,6+ måneder,Ukendt,adops,jp.dk,756,31,0.19973544973544974,0.2447089947089947,0,0,0,0,30,0,0.167989417989418,0.2526455026455027,0,0,0,0.0026455026455026454,0.023809523809523808,0.031746031746031744,0.021164021164021163,Power-brugeren (Mest mobil),756,0.2447089947089947,0,1,0.19973544973544974,0,0.3716931216931217,756
4181e0591321ea5735b2d671d59a2d15,60,Kvinde,0,7,2,4,3,3,0,1,1,69,6+ måneder,Ukendt,Matrice,jp.dk,297,18,0.3434343434343434,0.4831649831649832,0.06060606060606061,0,0,0.006734006734006734,30,0,0.38047138047138046,0.030303030303030304,0.06060606060606061,0,0.9393939393939394,0.006734006734006734,0.010101010101010102,0.09764309764309764,0.02356902356902357,Desktop-traditionalisten,297,0.4831649831649832,0.06060606060606061,0.9393939393939394,0.3434343434343434,0.006734006734006734,0.8653198653198653,297
e42f8e767e6fc16da9668821ac36eb62,60,Mand,1,0,0,0,0,0,1,0,0,58,6+ måneder,Andet,mail,mail,0,0,0,0,0,0,0,0,0,0,0,0,0,0,0,0,0,0,0,Spøgelses-brugeren (Lav aktivitet),0,0,0,0,0,0,0,0
d0c4c9f292d80bb95236914f7cc2c39c,60,Mand,1,1,1,1,0,0,1,0,0,71,6+ måneder,Andet,mail,mail,87,9,0.2988505747126437,0.3333333333333333,0,0,0,0,30,0,0.16091954022988506,0,0,0,0,0.05747126436781609,0.022988505747126436,0.06896551724137931,0.08045977011494253,Desktop-traditionalisten,87,0.3333333333333333,0,1,0.2988505747126437,0,0.7126436781609196,87
e9f1866aeec508f598a365c94b6bc255,60,Mand,1,11,6,7,0,0,1,0,0,77,6+ måneder,Andet,mail,mail,126,30,0.16666666666666666,0.15873015873015872,0,0,0,0.16666666666666666,30,0,0.42063492063492064,0.023809523809523808,0,0,1,0,0.007936507936507936,0.0873015873015873,0.023809523809523808,Veteranen (Høj historik),126,0.15873015873015872,0,1,0.16666666666666666,0.16666666666666666,0.49206349206349204,126
