pseudo_id,account_active_days,subscription_cancel_date,koen,order_trackertag,permission_given_order,permission_given_today,previous_subscriptions,previous_campaigns,previous_trials,first_campaign_day,last_campaign_day,newsletters_before_order,newsletters_after_order,type,reason,expiration_date,churn,continued_subscription,early_churn,age,kundetid_gruppe,cluster_label,n_visits,avg_scroll,share_mobile,share_desktop,share_restricted,share_search,share_internal,n_unique_pages
003a92354fb88e0e3e411bc290291b6a,387,2025-05-11,Kvinde,utm_campaign=Marts25&utm_content=b&utm_medium=mail&utm_source=mail,0,0,5,4,2,2025-03-05,2025-05-04,1,1,Andet,kunden ønsker ikke at oplyse,2025-06-04,0,1,1,76,6+ måneder,Power-brugeren (Mest mobil),517,0.3471953578336557,0.4796905222437137,0.5203094777562862,0.2978723404255319,0.015473887814313346,0.5241779497098646,516
004b2a16f2f9167482481fec96be4856,1330,2025-04-29,Kvinde,utm_campaign=Basis_22&utm_content=HeaderButtonRaised&utm_medium=Matrice&utm_source=jp.dk,0,1,15,13,1,2025-03-05,2025-05-04,0,0,Andet,Ingen årsag – ingen tlf kontakt,2025-05-04,1,0,0,70,6+ måneder,Power-brugeren (Mest mobil),603,0.417910447761194,0.8308457711442786,0,0.3200663349917081,0.439469320066335,0.5356550580431177,603
00926277841584d8b248be711203cd9a,61,2025-03-18,Mand,utm_campaign=Marts25&utm_content=A&utm_medium=content&utm_source=jp.dk,0,0,0,0,0,2025-03-18,2025-05-17,0,0,Andet,kunden ønsker ikke at oplyse,2025-05-17,1,0,0,40,0-7 dage,Mobil-nykommeren,15,0.36666666666666664,1,0,0.3333333333333333,0,0.4666666666666667,15
00acdfda9fa250382f43bdf7da59d814,92,2025-05-15,Kvinde,utm_campaign=Marts25&utm_content=B&utm_medium=content&utm_source=jp.dk,0,0,0,0,0,2025-03-15,2025-05-14,0,0,Produkt,Redaktionelt indhold / holdning,2025-06-14,0,1,1,46,0-7 dage,Mobil-nykommeren,8,0.625,1,0,0.625,0,0,8
00bb9af8a62895982518727b0ee03565,581,2025-06-04,Kvinde,utm_campaign=Basis_22&utm_content=HeaderButtonRaised&utm_medium=Matrice&utm_source=jp.dk,1,0,2,2,0,2025-03-17,2025-05-16,0,0,Tid,Ikke tid,2025-06-16,0,1,1,74,6+ måneder,Desktop-traditionalisten,46,0.16847826086956522,0,1,0.1956521739130435,0,0.30434782608695654,46
00bdb5b652070c2b33e241a5998600e3,1424,2025-03-04,Mand,utm_campaign=Basis_22&utm_content=HeaderButtonRaised&utm_medium=Matrice&utm_source=jp.dk,0,0,4,3,0,2025-03-04,2025-05-03,0,0,Andet,kunden ønsker ikke at oplyse,2025-05-03,1,0,0,34,6+ måneder,Desktop-traditionalisten,253,0.24802371541501977,0.43873517786561267,0.5612648221343873,0.233201581027668,0.4901185770750988,0.47035573122529645,253
0117ef4e2fc98208852da4c90c5bd4f0,1501,2026-01-08,Mand,utm_campaign=Marts25&utm_content=b&utm_medium=mail&utm_source=mail,0,1,9,6,4,2025-03-06,2025-05-05,5,4,Tid,Ikke tid,2026-02-05,0,1,0,58,6+ måneder,Veteranen (Høj historik),201,0.47761194029850745,0.26865671641791045,0.7313432835820896,0.3582089552238806,0,0.5074626865671642,201
014a894f1b5194be36a9abcba96789ed,184,2025-08-22,Kvinde,utm_campaign=Basis_22&utm_content=HeaderButtonRaised&utm_medium=Matrice&utm_source=jp.dk,0,0,0,0,0,2025-03-19,2025-05-18,0,0,Tid,Ikke tid,2025-09-18,0,1,0,36,6+ måneder,Desktop-traditionalisten,15,0.5166666666666667,0,1,0.26666666666666666,0.8,0.06666666666666667,15
0152a4407923a40bef8b35a2b112ae30,1256,2025-03-31,Mand,utm_campaign=Marts25&utm_content=b&utm_medium=mail&utm_source=mail,0,1,12,2,6,2025-03-05,2025-05-04,3,3,Andet,kunden ønsker ikke at oplyse,2025-05-04,1,0,0,74,6+ måneder,Veteranen (Høj historik),80,0.4875,0,1,0.325,0,0.8,80
015c8f8df318631d67492e3d94b2794b,756,2025-12-04,Mand,utm_campaign=Marts25&utm_content=b&utm_medium=mail&utm_source=mail,0,1,5,4,1,2025-03-05,2025-05-04,1,1,Andet,kunden ønsker ikke at oplyse,2025-12-04,0,1,0,70,6+ måneder,Power-brugeren (Mest mobil),772,0.35006476683937826,0.8989637305699482,0,0.33031088082901555,0,0.772020725388601,771
0169ede4cd963dc8b84fc4bfb991b976,80,2025-05-22,Mand,utm_campaign=Marts25&utm_content=A&utm_medium=content&utm_source=jp.dk,0,0,0,0,0,2025-03-04,2025-05-03,0,0,Andet,Administrativt,2025-05-22,0,1,1,61,0-7 dage,Desktop-traditionalisten,2,0.625,0,1,0.5,0,0.5,2
0181daedf475221291df382a21589255,275,2025-11-10,Mand,utm_campaign=Marts25&utm_content=A&utm_medium=content&utm_source=jp.dk,0,0,0,0,0,2025-03-10,2025-05-09,0,0,Økonomi,Pris,2025-12-09,0,1,0,29,0-7 dage,Desktop-traditionalisten,55,0.18636363636363637,0.03636363636363636,0.9636363636363636,0.10909090909090909,0.09090909090909091,0.41818181818181815,55
0189b22c99e33623162d8637b1f1f081,883,2025-03-21,Mand,utm_campaign=Marts25&utm_content=sc_b&utm_medium=mail&utm_source=mail,0,1,21,9,10,2025-03-21,2025-05-20,0,0,Andet,kunden ønsker ikke at oplyse,2025-05-20,1,0,0,50,6+ måneder,Veteranen (Høj historik),424,0.3732311320754717,0.35141509433962265,0.6485849056603774,0.3490566037735849,0.0047169811320754715,0.8773584905660378,424
01ae2661bedce685224dd58830b94e86,152,2025-05-04,Kvinde,utm_campaign=&utm_content=genbesog_JP_digital&utm_medium=ppc&utm_source=adwords&utm_term=jyllands-posten+abonnement,0,0,1,1,0,2025-03-11,2025-05-10,0,0,Tid,Ikke tid,2025-05-10,1,0,0,72,6+ måneder,Power-brugeren (Mest mobil),516,0.2315891472868217,0,0,0.21124031007751937,0.001937984496124031,0.4476744186046512,516
01cad508503a8d700c051addb5ca5e24,276,2025-06-26,Mand,utm_campaign=Marts25&utm_content=A&utm_medium=content&utm_source=jp.dk,0,0,1,1,0,2025-03-19,2025-05-18,0,0,Andet,kunden ønsker ikke at oplyse,2025-07-18,0,1,1,51,6+ måneder,Power-brugeren (Mest mobil),525,0.23047619047619047,0.21523809523809523,0.7847619047619048,0.17904761904761904,0,0.3352380952380952,525
01f145c2d4f98ff3b0ce3f731c3e5078,425,2025-04-12,Mand,utm_campaign=Marts25&utm_content=A&utm_medium=content&utm_source=jp.dk,0,0,4,4,0,2025-03-12,2025-05-11,0,0,Tid,Ikke tid,2025-05-11,1,0,0,70,6+ måneder,Power-brugeren (Mest mobil),169,0.40384615384615385,1,0,0.3136094674556213,0,0.9881656804733728,169
01f92382940313bede15a74a51bc1ecb,61,2025-05-12,Mand,utm_campaign=Marts25&utm_content=B&utm_medium=content&utm_source=jp.dk,0,0,0,0,0,2025-03-21,2025-05-20,0,0,Produkt,Redaktionelt indhold / holdning,2025-05-20,1,0,0,48,6+ måneder,Mobil-nykommeren,2,0.5,1,0,0.5,0.5,0,2
02480b1eb465af71452760dd0d8916f8,306,2025-10-02,Kvinde,utm_campaign=Basis_22&utm_content=HeaderButtonRaised&utm_medium=Matrice&utm_source=jp.dk,0,0,2,2,0,2025-03-07,2025-05-06,3,3,Andet,kunden ønsker ikke at oplyse,2025-10-06,0,1,0,53,6+ måneder,Mobil-nykommeren,98,0.20408163265306123,0.5102040816326531,0.4897959183673469,0.22448979591836735,0.030612244897959183,0.32653061224489793,98
026950ba1188c7b7567b2c0196a567dc,92,2025-05-08,Mand,utm_campaign=Basis_22&utm_content=HeaderButtonRaised&utm_medium=Matrice&utm_source=jp.dk,0,0,0,0,0,2025-03-04,2025-05-03,0,0,Produkt,Redaktionelt indhold / holdning,2025-06-03,0,1,1,38,0-7 dage,Spøgelses-brugeren (Lav aktivitet),2,0,1,0,0,0,0,2
02b7d82acbdccb3a893aaab9163b895e,369,3000-01-01,Kvinde,utm_campaign=Basis_22&utm_content=HeaderButtonRaised&utm_medium=Matrice&utm_source=jp.dk,0,0,0,0,0,2025-03-24,2025-05-23,0,0,Ingen afmelding,Ingen afmelding,3000-01-01,0,1,0,71,6+ måneder,Desktop-traditionalisten,85,0.17058823529411765,0,1,0.2235294117647059,0,0.3764705882352941,85
02cd8b6609ea3b7598578bb5ff28a659,270,2025-03-28,Kvinde,utm_campaign=Marts25&utm_content=A&utm_medium=content&utm_source=jp.dk,0,0,3,0,3,2025-03-16,2025-05-15,0,0,Tid,Ikke tid,2025-05-15,1,0,0,64,6+ måneder,Mobil-nykommeren,317,0.31624605678233436,1,0,0.305993690851735,0,0.580441640378549,317
02fe16a67b6e92fb1525c8dc4f5e19d2,92,2025-05-09,Kvinde,utm_campaign=Marts25&utm_content=B&utm_medium=content&utm_source=jp.dk,0,0,0,0,0,2025-03-09,2025-05-08,0,0,Produkt,Redaktionelt indhold / holdning,2025-06-08,0,1,1,55,0-7 dage,Mobil-nykommeren,14,0.21428571428571427,0.7857142857142857,0.21428571428571427,0.42857142857142855,0,0.07142857142857142,14
0337580bff96617791df065cc65b78e1,1421,2025-12-05,Mand,utm_campaign=Basis_22&utm_content=HeaderButtonRaised&utm_medium=Matrice&utm_source=jp.dk,0,1,4,2,0,2025-03-11,2025-05-10,0,0,Andet,Ingen årsag – ingen tlf kontakt,2025-12-10,0,1,0,72,6+ måneder,Desktop-traditionalisten,8,0.46875,0,0.25,0.5,0,0.125,8
03cc98678dea5e372b9e5e4e700e0c65,375,3000-01-01,Kvinde,utm_campaign=Marts25&utm_content=A&utm_medium=content&utm_source=jp.dk,0,1,0,0,0,2025-03-18,2025-05-17,0,0,Ingen afmelding,Ingen afmelding,3000-01-01,0,1,0,45,6+ måneder,Desktop-traditionalisten,12,0.3541666666666667,0.25,0.75,0.16666666666666666,0,0.5833333333333334,12
041d717ed0a2660383069b4382a5f868,214,2025-06-23,Mand,utm_campaign=Marts25&utm_content=sc_b&utm_medium=mail&utm_source=mail,0,1,1,1,0,2025-03-21,2025-05-20,0,0,Tid,Ikke tid,2025-07-20,0,1,1,55,6+ måneder,Mobil-nykommeren,18,0.3472222222222222,1,0,0.5,0,0.6666666666666666,18
042313fde35eb5e19b2106bf175cd5e9,337,2026-01-22,Kvinde,utm_campaign=Marts25&utm_content=A&utm_medium=content&utm_source=jp.dk,1,1,0,0,0,2025-03-15,2025-05-14,0,0,Økonomi,Pris,2026-02-14,0,1,0,61,0-7 dage,Mobil-nykommeren,158,0.5221518987341772,1,0,0.3924050632911392,0.22151898734177214,0.740506329113924,158
04636e2dfe9fba50ab9943a5a44bdf11,313,2025-12-11,Mand,utm_campaign=Marts25&utm_content=sc_a&utm_medium=mail&utm_source=mail,0,1,0,0,0,2025-03-21,2025-05-20,6,6,Andet,kunden ønsker ikke at oplyse,2025-12-20,0,1,0,68,6+ måneder,Desktop-traditionalisten,65,0.3769230769230769,0,1,0.27692307692307694,0,0.49230769230769234,65
046878673f1947c44cae501a7bf9b3c3,390,3000-01-01,Mand,,0,0,0,0,0,2025-03-03,2025-05-02,0,0,Ingen afmelding,Ingen afmelding,3000-01-01,0,1,0,57,0-7 dage,Spøgelses-brugeren (Lav aktivitet),0,0,0,0,0,0,0,0
0484f997f96e9c43723d291f2abd975d,61,2025-03-19,Mand,utm_campaign=Marts25&utm_content=A&utm_medium=content&utm_source=jp.dk,0,0,0,0,0,2025-03-04,2025-05-03,0,1,Andet,kunden ønsker ikke at oplyse,2025-05-03,1,0,0,54,0-7 dage,Desktop-traditionalisten,365,0.44794520547945205,0,1,0.30684931506849317,0,0.8712328767123287,365
05c2f3b93f4573cd4b34db7362893c04,667,2025-03-28,Mand,utm_campaign=Marts25&utm_content=a&utm_medium=mail&utm_source=mail,1,1,8,2,3,2025-03-05,2025-05-04,0,0,Andet,Ingen årsag – ingen tlf kontakt,2025-05-04,1,0,0,86,6+ måneder,Power-brugeren (Mest mobil),683,0.2836749633967789,0,0.9985358711566618,0.24890190336749635,0.004392386530014641,0.4612005856515373,683
05ce81452f9a43739169d6bc934cfc47,971,3000-01-01,Kvinde,utm_campaign=Marts25&utm_content=A&utm_medium=content&utm_source=jp.dk,0,1,2,1,1,2025-03-10,2025-05-09,0,0,Ingen afmelding,Ingen afmelding,3000-01-01,0,1,0,60,6+ måneder,Power-brugeren (Mest mobil),782,0.22634271099744246,0.8964194373401535,0.10358056265984655,0.21994884910485935,0.59846547314578,0.40025575447570333,781
060f3e9968b2c7d8b13699b9e53a6dd0,92,2025-05-14,Kvinde,utm_campaign=Marts25&utm_content=A&utm_medium=content&utm_source=jp.dk,0,0,0,0,0,2025-03-12,2025-05-11,0,0,Produkt,Redaktionelt indhold / holdning,2025-06-11,0,1,1,21,8-30 dage,Desktop-traditionalisten,5,0.05,0,1,0.8,0,0,5
0659d4d38786138a6aa809e8fd489069,291,2025-12-02,Kvinde,utm_campaign=Marts25&utm_medium=Matrice&utm_source=jp.dk,0,0,0,0,0,2025-03-13,2025-05-12,0,0,Tid,Ikke tid,2025-12-12,0,1,0,70,0-7 dage,Desktop-traditionalisten,213,0.5422535211267606,0.18779342723004694,0.812206572769953,0.3192488262910798,0.014084507042253521,0.7417840375586855,213
06beef4376b2852a011aa0359e4dcbf2,92,2025-05-24,Kvinde,utm_campaign=Marts25&utm_content=A&utm_medium=content&utm_source=jp.dk,0,0,0,0,0,2025-03-16,2025-05-15,0,0,Tid,Ikke tid,2025-06-15,0,1,1,70,6+ måneder,Desktop-traditionalisten,5,0.7,0,1,0.8,0,0.8,5
06c8ac777c34dd5d16d5a192a7ec9b8f,224,2025-07-01,Mand,utm_campaign=Marts25&utm_content=a&utm_medium=mail&utm_source=mail,0,1,2,2,0,2025-03-05,2025-05-04,0,0,Tid,Ikke tid,2025-07-04,0,1,1,51,6+ måneder,Mobil-nykommeren,22,0.5795454545454546,1,0,0.5454545454545454,0,0.3181818181818182,22
07020bd60c8550351dca52ee85797736,433,2025-05-06,Mand,utm_campaign=Marts25&utm_medium=adops&utm_source=jp.dk,1,1,19,4,15,2025-03-11,2025-05-10,5,5,Tid,Ikke tid,2025-05-10,1,0,0,84,6+ måneder,Veteranen (Høj historik),117,0.7393162393162394,0,1,0.5042735042735043,0,0.452991452991453,117
0746ad045757e1004e04d9316b9cae64,377,2025-10-27,Mand,utm_campaign=Marts25&utm_content=A&utm_medium=content&utm_source=jp.dk,0,0,0,0,0,2025-03-16,2025-05-15,0,0,Andet,kunden ønsker ikke at oplyse,2025-11-15,0,1,0,80,6+ måneder,Mobil-nykommeren,289,0.3633217993079585,0.6470588235294118,0.35294117647058826,0.3460207612456747,0.2768166089965398,0.5882352941176471,288
077ad124aef49eab3dc083a6fb080799,126,2025-07-20,Mand,utm_campaign=Marts25&utm_content=A&utm_medium=content&utm_source=jp.dk,1,1,0,0,0,2025-03-16,2025-05-15,0,0,Andet,RVS,2025-07-19,0,1,1,37,6+ måneder,Mobil-nykommeren,2,1,1,0,0.5,0,0,2
0786c281ec5d2458a226bda45e874c35,116,2025-04-16,Mand,utm_campaign=Marts25&utm_medium=topticker&utm_source=jp.dk,0,1,3,3,1,2025-03-22,2025-05-21,0,0,Tid,Ikke tid,2025-05-21,1,0,0,61,6+ måneder,Power-brugeren (Mest mobil),588,0.1798469387755102,1,0,0.20748299319727892,0,0.47959183673469385,584
07995ffec6801cd5915707d56aff671e,92,2025-05-22,Mand,utm_campaign=Marts25&utm_content=A&utm_medium=content&utm_source=jp.dk,0,0,0,0,0,2025-03-04,2025-05-03,0,0,Digitalt,Tekniske problemer (kunde),2025-06-03,0,1,1,69,1-6 måneder,Desktop-traditionalisten,8,0.25,0,1,0,0,0.625,8
07aac1ad911f0fa3d80e29cb0dbf0215,1120,2025-03-21,Mand,utm_campaign=Basis_22&utm_content=HeaderButtonRaised&utm_medium=Matrice&utm_source=jp.dk,0,1,2,2,0,2025-03-20,2025-05-19,0,0,Andet,Administrativt,2025-05-19,1,0,0,72,6+ måneder,Power-brugeren (Mest mobil),309,0.26941747572815533,0.3074433656957929,0.6925566343042071,0.28802588996763756,0.003236245954692557,0.7184466019417476,309
07d0c99895df503e62414e0f2b702cde,1443,3000-01-01,Mand,utm_campaign=Marts25&utm_content=sc_a&utm_medium=mail&utm_source=mail,1,1,2,1,1,2025-03-22,2025-05-21,5,7,Ingen afmelding,Ingen afmelding,3000-01-01,0,1,0,58,6+ måneder,Veteranen (Høj historik),629,0.35174880763116056,0.8314785373608903,0.1685214626391097,0.314785373608903,0,0.5119236883942766,629
07e66a948735615a86d845bd1a71c5cb,65,2025-03-17,Kvinde,utm_campaign=Marts25&utm_content=b&utm_medium=mail&utm_source=mail,1,0,0,0,0,2025-03-07,2025-05-06,0,0,Tid,Ikke tid,2025-05-06,1,0,0,78,6+ måneder,Mobil-nykommeren,125,0.396,1,0,0.368,0,0.72,125
082681be98abd06c01c30e80a3fb0790,306,2025-12-22,Kvinde,utm_campaign=Marts25&utm_content=A&utm_medium=content&utm_source=jp.dk,0,0,0,0,0,2025-03-10,2025-05-09,0,0,Produkt,Redaktionelt indhold / holdning,2026-01-09,0,1,0,36,6+ måneder,Mobil-nykommeren,6,0.3333333333333333,1,0,0.3333333333333333,0,0.6666666666666666,6
086325f12bc218ac0373548697877ce3,167,2025-05-05,Mand,utm_campaign=Marts25&utm_content=B&utm_medium=content&utm_source=jp.dk,0,0,3,1,2,2025-03-20,2025-05-19,0,0,Produkt,Redaktionelt indhold / holdning,2025-05-19,1,0,0,49,6+ måneder,Desktop-traditionalisten,132,0.4337121212121212,0.08333333333333333,0.9166666666666666,0.4015151515151515,0,0.6136363636363636,132
087ebc5dd84a5a63f00974b2dc26c2a8,596,2025-07-29,Mand,utm_campaign=Marts25&utm_content=a&utm_medium=mail&utm_source=mail,1,1,9,6,4,2025-03-05,2025-05-04,0,0,Andet,kunden ønsker ikke at oplyse,2025-07-04,0,1,1,72,6+ måneder,Desktop-traditionalisten,17,0.27941176470588236,0.058823529411764705,0.9411764705882353,0.11764705882352941,0.23529411764705882,0.5882352941176471,17
088f15f5143f6bdf5f317f30bcafe199,376,3000-01-01,Mand,utm_campaign=Marts25&utm_content=A&utm_medium=content&utm_source=jp.dk,0,0,0,0,0,2025-03-17,2025-05-16,0,0,Ingen afmelding,Ingen afmelding,3000-01-01,0,1,0,55,0-7 dage,Mobil-nykommeren,307,0.22394136807817588,1,0,0.2768729641693811,0,0.6905537459283387,307
08b9d113ffba7015141bba88f1c6da2a,75,2025-04-03,Mand,utm_campaign=Marts25&utm_content=sc_b&utm_medium=mail&utm_source=mail,0,1,0,0,0,2025-03-21,2025-05-20,0,0,Økonomi,Pris,2025-05-20,1,0,0,82,0-7 dage,Mobil-nykommeren,470,0.3973404255319149,1,0,0.274468085106383,0,0.451063829787234,470
08ce32090c34f9ffc0d9dad565a1ea00,62,2025-05-14,Kvinde,utm_campaign=Marts25&utm_content=6657291559852&utm_medium=fb_forside&utm_source=some&utm_term=6657291559452,0,1,0,0,0,2025-03-13,2025-05-12,0,2,Salg,Annulleret køb,2025-05-13,0,1,1,55,0-7 dage,Mobil-nykommeren,25,0.5,1,0,0.32,0,0.12,25
0929400c8fa50fe0f12172f3eb32c042,2109,3000-01-01,Mand,utm_campaign=Marts25&utm_medium=Weblayer&utm_source=jp.dk,0,0,1,0,0,2025-03-20,2025-05-19,0,0,Ingen afmelding,Ingen afmelding,3000-01-01,0,1,0,78,6+ måneder,Spøgelses-brugeren (Lav aktivitet),0,0,0,0,0,0,0,0
09544243c430485fea1ca5cdcc2e4d25,371,3000-01-01,Mand,utm_campaign=Marts25&utm_content=A&utm_medium=content&utm_source=jp.dk,1,1,0,0,0,2025-03-22,2025-05-21,0,0,Ingen afmelding,Ingen afmelding,3000-01-01,0,1,0,66,0-7 dage,Power-brugeren (Mest mobil),856,0.2897196261682243,0,1,0.2371495327102804,0,0.9415887850467289,856
09605f5feba08df0b294e49c34e8361d,1212,2025-06-05,Mand,utm_campaign=Marts25&utm_content=sc_a&utm_medium=mail&utm_source=mail,1,1,4,3,2,2025-03-21,2025-05-20,0,0,Produkt,Redaktionelt indhold / holdning,2025-06-20,0,1,1,81,6+ måneder,Desktop-traditionalisten,349,0.2808022922636103,0,1,0.2836676217765043,0.498567335243553,0.49570200573065903,349
096d4a4ba51e44809eb9d5cc24ce2dac,1812,2025-10-30,Mand,utm_campaign=Basis_22&utm_content=HeaderButtonRaised&utm_medium=Matrice&utm_source=jp.dk,1,1,19,9,8,2025-03-06,2025-05-05,0,0,Andet,RVS,2025-10-29,0,1,0,63,6+ måneder,Veteranen (Høj historik),892,0.3301569506726457,0.17152466367713004,0.82847533632287,0.2533632286995516,0.01569506726457399,0.437219730941704,891
09d4166c98f75359232384abbb75ae75,864,2025-03-24,Mand,utm_campaign=Marts25&utm_content=sc_a&utm_medium=mail&utm_source=mail,0,1,6,6,2,2025-03-21,2025-05-20,0,0,Tid,Ikke tid,2025-05-20,1,0,0,65,6+ måneder,Mobil-nykommeren,2,0.75,1,0,0.5,0,0,2
0a06a3d1ec0555b3b9e04186dbd26621,525,2025-05-22,Mand,utm_campaign=Marts25&utm_medium=topticker&utm_source=jp.dk,1,1,3,2,1,2025-03-23,2025-05-22,0,0,Økonomi,Pris,2025-05-22,1,0,0,46,6+ måneder,Power-brugeren (Mest mobil),539,0.26716141001855287,0.9907235621521335,0.00927643784786642,0.2560296846011132,0.0018552875695732839,0.4044526901669759,539
0a2c05c75d874ab240347e05ec34d089,329,2025-04-14,Kvinde,utm_campaign=Marts25&utm_content=A&utm_medium=content&utm_source=jp.dk,0,1,7,1,7,2025-03-05,2025-05-04,2,2,Andet,Ingen årsag – ingen tlf kontakt,2025-05-04,1,0,0,84,6+ måneder,Power-brugeren (Mest mobil),775,0.4067741935483871,0,1,0.29161290322580646,0,0.5316129032258065,768
0a615aeb6124d44c0cadd477b8a8fe60,275,2025-12-10,Kvinde,utm_campaign=Marts25&utm_content=A&utm_medium=content&utm_source=jp.dk,0,0,0,0,0,2025-03-18,2025-05-17,0,0,Økonomi,Pris,2025-12-17,0,1,0,68,6+ måneder,Power-brugeren (Mest mobil),762,0.30741469816272965,0.6443569553805775,0,0.34908136482939633,0.0026246719160104987,0.6443569553805775,761
0b470ad1a99a77dcd692372316da8736,1285,2025-05-02,Mand,utm_campaign=Marts25&utm_content=a&utm_medium=mail&utm_source=mail,0,1,9,4,3,2025-03-05,2025-05-04,0,0,Produkt,Redaktionelt indhold / holdning,2025-05-04,1,0,0,66,6+ måneder,Power-brugeren (Mest mobil),798,0.3508771929824561,0,1,0.2794486215538847,0.03884711779448621,0.49373433583959897,798
0b65e3d1e1771fad90f13172a6b4f90a,153,2025-07-08,Kvinde,utm_campaign=Marts25&utm_content=B&utm_medium=content&utm_source=jp.dk,0,0,0,0,0,2025-03-05,2025-05-04,0,0,Økonomi,Pris,2025-08-04,0,1,0,21,0-7 dage,Desktop-traditionalisten,5,0.6,0,1,0.4,0,0.8,5
0c102fba45b6df93b843ac40049572a3,411,2025-11-18,Mand,utm_campaign=Marts25&utm_content=A&utm_medium=content&utm_source=jp.dk,0,0,1,1,0,2025-03-10,2025-05-09,0,0,Økonomi,Pris,2025-12-09,0,1,0,32,1-6 måneder,Desktop-traditionalisten,274,0.4041970802919708,0,1,0.28102189781021897,0,0.5036496350364964,274
0c1f0cec87d275a5a25de0d6f7f3a32a,92,2025-05-30,Kvinde,utm_campaign=Marts25&utm_content=A&utm_medium=content&utm_source=jp.dk,0,0,0,0,0,2025-03-13,2025-05-12,0,0,Tid,Ikke tid,2025-06-12,0,1,1,58,6+ måneder,Mobil-nykommeren,4,0.25,1,0,0.25,0,0.5,4
0c3972534a7b5ce5f4f13538ca93fc7f,854,2026-03-16,Mand,utm_campaign=Marts25&utm_content=B&utm_medium=content&utm_source=jp.dk,0,1,5,3,3,2025-03-07,2025-05-06,0,0,Ingen afmelding,Ingen afmelding,3000-01-01,0,1,0,56,6+ måneder,Power-brugeren (Mest mobil),639,0.36932707355242567,1,0,0.3161189358372457,0.41158059467918623,0.5852895148669797,639
0c67f17cceae3e2cec14347f059d0a00,1059,2025-05-12,Kvinde,utm_campaign=Marts25&utm_medium=Weblayer&utm_source=jp.dk,0,1,6,4,2,2025-03-19,2025-05-18,0,0,Tid,Ikke tid,2025-05-18,1,0,0,62,6+ måneder,Desktop-traditionalisten,255,0.22647058823529412,0,1,0.32941176470588235,0,0.5568627450980392,255
0cb912d21dd09ce5dbef80537ee33207,229,2025-03-07,Mand,utm_campaign=Marts25&utm_content=b&utm_medium=mail&utm_source=mail,1,1,12,3,11,2025-03-06,2025-05-05,3,2,Andet,kunden ønsker ikke at oplyse,2025-05-05,1,0,0,59,6+ måneder,Veteranen (Høj historik),188,0.26861702127659576,1,0,0.19680851063829788,0.2393617021276596,0.4627659574468085,188
0cefce35386e56d3a6b1727dd838fcf8,380,3000-01-01,Kvinde,utm_campaign=Marts25&utm_content=B&utm_medium=content&utm_source=jp.dk,1,1,0,0,0,2025-03-13,2025-05-12,0,0,Ingen afmelding,Ingen afmelding,3000-01-01,0,1,0,34,0-7 dage,Mobil-nykommeren,34,0.5808823529411765,0.7941176470588235,0.20588235294117646,0.5882352941176471,0,0.35294117647058826,34
0d56571f7f84ac94a9f2040df12af2f3,81,2025-06-04,Mand,utm_campaign=Marts25&utm_content=A&utm_medium=content&utm_source=jp.dk,0,0,0,0,0,2025-03-16,2025-05-15,0,0,Produkt,Redaktionelt indhold / holdning,2025-06-15,0,1,1,50,0-7 dage,Mobil-nykommeren,1,1,1,0,0,0,0,1
0d6c69e77bfc8c02485d8144d9df5c3b,537,3000-01-01,Kvinde,utm_campaign=Marts25&utm_content=A&utm_medium=content&utm_source=jp.dk,0,1,2,1,0,2025-03-09,2025-05-08,0,0,Ingen afmelding,Ingen afmelding,3000-01-01,0,1,0,54,6+ måneder,Mobil-nykommeren,141,0.3882978723404255,1,0,0.3333333333333333,0,0.5815602836879432,140
0df5b387b78e35a51c02f8560b6beea2,291,2025-08-11,Kvinde,utm_campaign=Marts25&utm_content=B&utm_medium=content&utm_source=jp.dk,1,1,0,0,0,2025-03-09,2025-05-08,0,0,Tid,Ikke tid,2025-09-08,0,1,0,61,6+ måneder,Mobil-nykommeren,127,0.2578740157480315,1,0,0.47244094488188976,0,0.48031496062992124,127
0e2c28fe864fd90012aede0054822295,186,2025-05-26,Mand,utm_campaign=Marts25&utm_content=sc_b&utm_medium=mail&utm_source=mail,0,1,6,2,6,2025-03-23,2025-05-22,2,4,Tid,Ikke tid,2025-05-26,0,1,1,76,6+ måneder,Desktop-traditionalisten,149,0.4815436241610738,0.38926174496644295,0.610738255033557,0.3959731543624161,0,0.5436241610738255,149
0e652b27d3a34ff8cbc25c43226e2e2f,820,2025-04-28,Mand,utm_campaign=Basis_22&utm_content=HeaderButtonRaised&utm_medium=Matrice&utm_source=jp.dk,0,1,7,7,1,2025-03-03,2025-05-02,0,0,Andet,Ingen årsag – ingen tlf kontakt,2025-05-02,1,0,0,73,6+ måneder,Power-brugeren (Mest mobil),382,0.22578534031413613,0,0.3010471204188482,0.2486910994764398,0,0.42408376963350786,382
0e8de2444b618b91a174a5834a364882,92,2025-05-21,Kvinde,utm_campaign=Marts25&utm_content=A&utm_medium=content&utm_source=jp.dk,0,0,0,0,0,2025-03-19,2025-05-18,0,0,Tid,Ikke tid,2025-06-18,0,1,1,26,6+ måneder,Desktop-traditionalisten,6,0.75,0,1,0.3333333333333333,0.16666666666666666,0.3333333333333333,6
0ea4d91c13fb3fb49113cdd91a8e9971,1336,2025-04-29,Mand,utm_campaign=Marts25&utm_content=A&utm_medium=content&utm_source=jp.dk,1,1,17,10,2,2025-03-21,2025-05-20,0,0,Produkt,Redaktionelt indhold / holdning,2025-05-20,1,0,0,52,6+ måneder,Veteranen (Høj historik),174,0.5272988505747126,0,1,0.4425287356321839,0,0.8275862068965517,174
0eb265b24e2c22e395e6582f6e1c3f5a,250,2025-04-18,Kvinde,utm_campaign=Marts25&utm_content=A&utm_medium=content&utm_source=jp.dk,0,1,3,2,1,2025-03-06,2025-05-05,0,0,Andet,kunden ønsker ikke at oplyse,2025-05-05,1,0,0,52,6+ måneder,Power-brugeren (Mest mobil),1574,0.29336086404066075,1,0,0.21473951715374842,0,0.39898348157560354,1570
0ec6b8f267326da4d32c62d776716dd5,61,2025-03-16,Ikke oplyst,utm_campaign=Basis_22&utm_content=HeaderButtonRaised&utm_medium=Matrice&utm_source=jp.dk,0,0,0,0,0,2025-03-16,2025-05-15,0,0,Andet,kunden ønsker ikke at oplyse,2025-05-15,1,0,0,64,0-7 dage,Desktop-traditionalisten,167,0.2874251497005988,0.40718562874251496,0.592814371257485,0.2275449101796407,0.05389221556886228,0.6706586826347305,166
0ed22aaaff7efc4fec0edc8fd96ad571,579,2025-09-30,Mand,utm_campaign=Marts25&utm_content=a&utm_medium=mail&utm_source=mail,0,1,3,2,1,2025-03-05,2025-05-04,0,0,Andet,kunden ønsker ikke at oplyse,2025-10-04,0,1,0,77,6+ måneder,Power-brugeren (Mest mobil),913,0.26423877327491785,0.36363636363636365,0.6363636363636364,0.2343921139101862,0.17305585980284777,0.3932092004381161,913
0f592466c4350d7c74a006ccecc0b725,388,3000-01-01,Mand,utm_campaign=Marts25&utm_content=a&utm_medium=mail&utm_source=mail,1,0,0,0,0,2025-03-05,2025-05-04,0,0,Ingen afmelding,Ingen afmelding,3000-01-01,0,1,0,76,6+ måneder,Power-brugeren (Mest mobil),903,0.3889811738648948,1,0,0.3211517165005537,0,0.6755260243632336,903
0f59e0f1a302ad61479cae13dc65d210,390,3000-01-01,Kvinde,utm_campaign=Marts25&utm_content=A&utm_medium=content&utm_source=jp.dk,0,0,0,0,0,2025-03-03,2025-05-02,2,2,Ingen afmelding,Ingen afmelding,3000-01-01,0,1,0,63,0-7 dage,Power-brugeren (Mest mobil),308,0.1396103896103896,1,0,0.11363636363636363,0,0.922077922077922,308
0f624e1da2a58718e4a3ab95c6c6add2,92,2025-06-14,Kvinde,utm_campaign=Marts25&utm_content=B&utm_medium=content&utm_source=jp.dk,0,0,0,0,0,2025-03-17,2025-05-16,0,0,Andet,RVS,2025-06-16,0,1,1,48,6+ måneder,Spøgelses-brugeren (Lav aktivitet),7,0.17857142857142858,1,0,0,0,0.2857142857142857,7
0f6de2e197e7f32606ce2b45b80ab39e,61,2025-04-19,Kvinde,utm_campaign=Marts25&utm_content=A&utm_medium=content&utm_source=jp.dk,0,0,0,0,0,2025-03-14,2025-05-13,0,0,Produkt,Redaktionelt indhold / holdning,2025-05-13,1,0,0,20,0-7 dage,Desktop-traditionalisten,6,0.5833333333333334,0,1,0.3333333333333333,0,0.6666666666666666,6
0f7356c2012978b27f40bf90da63b25c,383,2025-04-09,Mand,utm_campaign=Marts25&utm_medium=Matrice&utm_source=jp.dk,0,1,3,3,0,2025-03-13,2025-05-12,0,0,Tid,Ikke tid,2025-05-12,1,0,0,33,6+ måneder,Desktop-traditionalisten,73,0.2363013698630137,0,1,0.3013698630136986,0.0958904109589041,0.5616438356164384,73
0f83f350b48ba9a34a3a312205196d45,153,2025-07-21,Kvinde,utm_campaign=Marts25&utm_content=A&utm_medium=content&utm_source=jp.dk,0,0,0,0,0,2025-03-19,2025-05-18,0,0,Tid,Ikke tid,2025-08-18,0,1,0,34,0-7 dage,Mobil-nykommeren,4,0.625,1,0,0.25,0,0.5,4
0fbed2f662485e3c919df188dc2c71a6,422,2025-06-16,Kvinde,utm_campaign=Basis_22&utm_content=HeaderButtonRaised&utm_medium=Matrice&utm_source=jp.dk,1,1,6,1,5,2025-03-11,2025-05-10,9,10,Andet,Ingen årsag – ingen tlf kontakt,2025-07-10,0,1,1,81,6+ måneder,Veteranen (Høj historik),224,0.578125,0.9910714285714286,0.008928571428571428,0.5803571428571429,0,0.33035714285714285,224
0fbf18c8102a33efcce853cb88f22501,206,2025-05-13,Mand,utm_campaign=Marts25&utm_content=sc_b&utm_medium=mail&utm_source=mail,0,1,5,4,4,2025-03-21,2025-05-20,2,2,Tid,Ikke tid,2025-05-20,1,0,0,59,6+ måneder,Mobil-nykommeren,89,0.44662921348314605,0.9325842696629213,0.06741573033707865,0.651685393258427,0.02247191011235955,0.39325842696629215,89
0fc48cd35b20bd28075e74a9879ddaef,98,2025-04-23,Mand,utm_campaign=Marts25&utm_content=B&utm_medium=content&utm_source=jp.dk,0,1,2,0,1,2025-03-10,2025-05-09,0,0,Produkt,Anden avis/produkt,2025-05-09,1,0,0,44,6+ måneder,Power-brugeren (Mest mobil),559,0.3559928443649374,1,0,0.25402504472271914,0,0.4847942754919499,559
0ff1fb912827dd493780434b9f5fe90c,61,2025-03-27,Mand,utm_campaign=Marts25&utm_content=A&utm_medium=content&utm_source=jp.dk,0,0,0,0,0,2025-03-05,2025-05-04,0,0,Produkt,Redaktionelt indhold / holdning,2025-05-04,1,0,0,76,8-30 dage,Desktop-traditionalisten,193,0.18264248704663213,0,1,0.21243523316062177,0,0.35751295336787564,193
0ff5ed8c95e08e84102e764ef0541efc,214,2025-09-17,Kvinde,utm_campaign=Marts25&utm_content=A&utm_medium=content&utm_source=jp.dk,0,0,0,0,0,2025-03-14,2025-05-13,0,0,Tid,Ikke tid,2025-10-13,0,1,0,58,6+ måneder,Desktop-traditionalisten,96,0.2734375,0,1,0.20833333333333334,0.020833333333333332,0.4583333333333333,96
10a0ed175bf7ebdb21f21e266673a8be,422,2025-04-03,Mand,utm_campaign=Marts25&utm_content=A&utm_medium=content&utm_source=jp.dk,0,1,8,4,4,2025-03-07,2025-05-06,5,5,Tid,Ikke tid,2025-05-06,1,0,0,74,6+ måneder,Veteranen (Høj historik),179,0.4581005586592179,0.329608938547486,0,0.4022346368715084,0.00558659217877095,0.770949720670391,179
10d5736de1bd27274198d1f1f0ee6d55,221,2025-06-29,Kvinde,utm_campaign=Marts25&utm_content=sc_a&utm_medium=mail&utm_source=mail,0,1,2,1,1,2025-03-22,2025-05-21,19,18,Andet,kunden ønsker ikke at oplyse,2025-07-21,0,1,1,71,6+ måneder,Veteranen (Høj historik),34,0.5073529411764706,1,0,0.38235294117647056,0,0.5294117647058824,34
10ff7398704c037f6a9acefe44160e7b,1738,2025-03-17,Mand,utm_campaign=Marts25&utm_content=B&utm_medium=content&utm_source=jp.dk,0,1,14,7,6,2025-03-06,2025-05-05,0,0,Andet,kunden ønsker ikke at oplyse,2025-05-05,1,0,0,66,6+ måneder,Veteranen (Høj historik),391,0.33759590792838873,0,1,0.27877237851662406,0.22762148337595908,0.4731457800511509,391
111f0b8ba99b5f710b9ff3e9fb73df42,1225,2025-06-28,Mand,utm_campaign=Marts25&utm_medium=Matrice&utm_source=jp.dk,0,1,5,3,2,2025-03-05,2025-05-04,2,2,Andet,RVS,2025-06-27,0,1,1,60,6+ måneder,Power-brugeren (Mest mobil),434,0.31048387096774194,0.7142857142857143,0.2857142857142857,0.2695852534562212,0.002304147465437788,0.4631336405529954,434
1130498a738e9b6acb34e906f2230007,1777,3000-01-01,Mand,utm_campaign=Marts25&utm_content=sc_a&utm_medium=mail&utm_source=mail,0,1,1,0,0,2025-03-21,2025-05-20,1,1,Ingen afmelding,Ingen afmelding,3000-01-01,0,1,0,91,6+ måneder,Power-brugeren (Mest mobil),648,0.22145061728395063,0.808641975308642,0.19135802469135801,0.23765432098765432,0,0.6512345679012346,647
11358b0c3d185f3ea7fdae8c43348eff,1362,2025-05-06,Mand,utm_campaign=Marts25&utm_content=B&utm_medium=content&utm_source=jp.dk,0,0,11,8,3,2025-03-04,2025-05-03,0,0,Økonomi,Pris,2025-06-03,0,1,1,72,6+ måneder,Power-brugeren (Mest mobil),663,0.28092006033182504,0.39819004524886875,0.5882352941176471,0.26244343891402716,0.530920060331825,0.46304675716440424,663
1144e252a0b338bae955d43b8f1406d0,92,2025-05-09,Kvinde,utm_campaign=Marts25&utm_content=A&utm_medium=content&utm_source=jp.dk,0,0,1,1,0,2025-03-11,2025-05-10,0,0,Tid,Ikke tid,2025-05-10,1,0,0,65,6+ måneder,Desktop-traditionalisten,172,0.3561046511627907,0.22674418604651161,0.7732558139534884,0.3430232558139535,0.436046511627907,0.5232558139534884,171
11665511250f1af62935a7df84ac6d54,362,2026-03-16,Mand,utm_campaign=Basis_22&utm_content=HeaderButtonRaised&utm_medium=Matrice&utm_source=jp.dk,1,1,0,0,0,2025-03-19,2025-05-18,0,0,Ingen afmelding,Ingen afmelding,3000-01-01,0,1,0,69,6+ måneder,Mobil-nykommeren,58,0.43103448275862066,1,0,0.39655172413793105,0,0.6551724137931034,58
11b03d02ea6b3dba705fedac764a799e,61,2025-04-07,Kvinde,utm_campaign=Marts25&utm_content=A&utm_medium=content&utm_source=jp.dk,0,0,0,0,0,2025-03-09,2025-05-08,0,0,Tid,Ikke tid,2025-05-08,1,0,0,39,0-7 dage,Mobil-nykommeren,144,0.3333333333333333,1,0,0.3263888888888889,0.013888888888888888,0.5833333333333334,144
11cec0fd49b5a1ed7cff46ec6f8e3c6d,61,2025-03-31,Kvinde,utm_campaign=Marts25&utm_content=A&utm_medium=content&utm_source=jp.dk,0,0,0,0,0,2025-03-20,2025-05-19,0,0,Andet,kunden ønsker ikke at oplyse,2025-05-19,1,0,0,30,0-7 dage,Desktop-traditionalisten,35,0.5071428571428571,0.02857142857142857,0.9714285714285714,0.4857142857142857,0.02857142857142857,0.45714285714285713,35
11d87c1424309f7d91b606b3a84d0d8b,918,2025-05-09,Kvinde,utm_campaign=Marts25&utm_content=B&utm_medium=content&utm_source=jp.dk,0,1,2,2,1,2025-03-21,2025-05-20,0,0,Tid,Ikke tid,2025-05-20,1,0,0,56,6+ måneder,Mobil-nykommeren,191,0.33507853403141363,0.9109947643979057,0.08900523560209424,0.4397905759162304,0.010471204188481676,0.7958115183246073,191
122d86776d560a09a86c821924297a8e,122,2025-06-11,Mand,utm_campaign=Marts25&utm_content=A&utm_medium=content&utm_source=jp.dk,0,0,0,0,0,2025-03-10,2025-05-09,0,0,Tid,Ikke tid,2025-07-09,0,1,1,54,6+ måneder,Mobil-nykommeren,169,0.3224852071005917,0.8757396449704142,0.1242603550295858,0.40236686390532544,0.14201183431952663,0.8106508875739645,169
1230fd711f4acd99dfd4d06a8f0d8ece,198,2025-06-11,Kvinde,utm_campaign=Marts25&utm_content=B&utm_medium=content&utm_source=jp.dk,0,0,0,0,0,2025-03-10,2025-05-09,1,1,Tid,Ikke tid,2025-07-09,0,1,1,71,6+ måneder,Desktop-traditionalisten,3,0.75,0,1,0.3333333333333333,0,0.6666666666666666,3
1270765e2f706706f11feb985c9b970d,214,2025-09-22,Mand,utm_campaign=Marts25&utm_content=A&utm_medium=content&utm_source=jp.dk,0,0,0,0,0,2025-03-22,2025-05-21,0,0,Tid,Ikke tid,2025-10-21,0,1,0,46,0-7 dage,Mobil-nykommeren,20,0.4,1,0,0.4,0,0.7,20
12a4b4f33de44e8dec37edffc01f0197,779,2025-05-20,Mand,utm_campaign=Marts25&utm_medium=topticker&utm_source=jp.dk,0,1,3,3,0,2025-03-22,2025-05-21,0,0,Tid,Ikke tid,2025-05-21,1,0,0,61,6+ måneder,Mobil-nykommeren,63,0.2619047619047619,1,0,0.25396825396825395,0,0.31746031746031744,63
12a5df4e0b0d389fa3fc25e3d558f6ff,61,2025-03-14,Mand,utm_campaign=Marts25&utm_content=B&utm_medium=content&utm_source=jp.dk,0,0,0,0,0,2025-03-14,2025-05-13,0,0,Produkt,Redaktionelt indhold / holdning,2025-05-13,1,0,0,39,6+ måneder,Desktop-traditionalisten,228,0.2883771929824561,0.2675438596491228,0.7324561403508771,0.2236842105263158,0.0043859649122807015,0.44298245614035087,228
12ad63f0c977b9e6c6376ff2ea3be398,61,2025-05-03,Kvinde,utm_campaign=Basis_22&utm_content=HeaderButtonRaised&utm_medium=Matrice&utm_source=jp.dk,1,0,0,0,0,2025-03-04,2025-05-03,0,0,Produkt,Redaktionelt indhold / holdning,2025-05-03,1,0,0,55,6+ måneder,Desktop-traditionalisten,13,0.6923076923076923,0.23076923076923078,0.7692307692307693,0.46153846153846156,0,0.46153846153846156,13
12dc9427032920bd3b9add2d59f92105,1265,2025-03-05,Mand,utm_campaign=Marts25&utm_content=B&utm_medium=content&utm_source=jp.dk,0,1,26,11,13,2025-03-04,2025-05-03,7,6,Andet,kunden ønsker ikke at oplyse,2025-05-03,1,0,0,60,6+ måneder,Veteranen (Høj historik),582,0.27190721649484534,0.006872852233676976,0.993127147766323,0.24570446735395188,0.013745704467353952,0.6529209621993127,582
12e2a855ade062adef5c52a6ce57d675,1269,3000-01-01,Mand,utm_campaign=Basis_22&utm_content=HeaderButtonRaised&utm_medium=Matrice&utm_source=jp.dk,0,0,3,3,0,2025-03-11,2025-05-10,0,0,Ingen afmelding,Ingen afmelding,3000-01-01,0,1,0,60,6+ måneder,Power-brugeren (Mest mobil),622,0.33520900321543406,0.15434083601286175,0.8456591639871383,0.2797427652733119,0.00482315112540193,0.5032154340836013,622
13158da72ff4bb01d6a27d7c284cde2b,184,2025-09-15,Mand,utm_campaign=Marts25&utm_content=B&utm_medium=content&utm_source=jp.dk,0,0,0,0,0,2025-03-16,2025-05-15,0,0,Tid,Ikke tid,2025-09-15,0,1,0,72,1-6 måneder,Desktop-traditionalisten,3,0.6666666666666666,0,1,0.6666666666666666,0,0.3333333333333333,3
1324af99aa0c369356ae0fac91e7088e,61,2025-04-07,Mand,utm_campaign=Marts25&utm_content=A&utm_medium=content&utm_source=jp.dk,0,0,0,0,0,2025-03-17,2025-05-16,0,0,Produkt,Redaktionelt indhold / holdning,2025-05-16,1,0,0,20,0-7 dage,Desktop-traditionalisten,18,0.6388888888888888,0,1,0.6666666666666666,0.8333333333333334,0,18
133510099c29b2622548e08d2692a728,368,2025-06-07,Kvinde,utm_campaign=Marts25&utm_content=6664648409652&utm_medium=fb_matrice&utm_source=some&utm_term=6664648410252,0,0,0,0,0,2025-03-22,2025-05-21,0,0,Tid,Ikke tid,2025-11-21,0,1,0,95,0-7 dage,Desktop-traditionalisten,194,0.2036082474226804,0.010309278350515464,0.9896907216494846,0.28865979381443296,0,0.4690721649484536,193
134dd83b74c604e99debbbe1d9c57439,61,2025-04-22,Mand,utm_campaign=Marts25&utm_content=A&utm_medium=content&utm_source=jp.dk,0,0,0,0,0,2025-03-04,2025-05-03,0,0,Tid,Ikke tid,2025-05-03,1,0,0,53,6+ måneder,Desktop-traditionalisten,77,0.237012987012987,0,1,0.2597402597402597,0,0.38961038961038963,77
1376c4d7ef2a80b1377f57594742b5d4,61,2025-03-10,Mand,utm_campaign=Marts25&utm_content=B&utm_medium=content&utm_source=jp.dk,0,0,0,0,0,2025-03-10,2025-05-09,0,0,Andet,kunden ønsker ikke at oplyse,2025-05-09,1,0,0,62,0-7 dage,Power-brugeren (Mest mobil),1279,0.28244722439405784,1,0,0.23534010946051603,0,0.47458952306489444,1279
139bd0cbde638e16224d7fbe2941b901,341,2025-06-08,Mand,utm_campaign=Marts25&utm_content=B&utm_medium=content&utm_source=jp.dk,0,1,3,2,0,2025-03-08,2025-05-07,6,6,Produkt,Anden avis/produkt,2025-07-07,0,1,1,59,6+ måneder,Veteranen (Høj historik),246,0.29776422764227645,0.7357723577235772,0.26422764227642276,0.25203252032520324,0.0040650406504065045,0.6666666666666666,246
13c1486add2783141856bac81ff85cb4,528,2025-04-26,Mand,utm_campaign=Marts25&utm_content=a&utm_medium=mail&utm_source=mail,1,1,6,3,0,2025-03-05,2025-05-04,0,0,Andet,kunden ønsker ikke at oplyse,2025-05-04,1,0,0,52,6+ måneder,Spøgelses-brugeren (Lav aktivitet),0,0,0,0,0,0,0,0
13cd3c8c6b1ca4650dbf480c5df9d6be,61,2025-03-12,Mand,utm_campaign=Marts25&utm_content=A&utm_medium=content&utm_source=jp.dk,0,0,0,0,0,2025-03-09,2025-05-08,0,0,Produkt,Redaktionelt indhold / holdning,2025-05-08,1,0,0,32,6+ måneder,Mobil-nykommeren,7,0.39285714285714285,1,0,0.42857142857142855,0,0,7
142e11ccea66a17bd3dc666b96c70115,594,2025-03-10,Mand,utm_campaign=Marts25&utm_content=A&utm_medium=content&utm_source=jp.dk,0,0,6,5,1,2025-03-10,2025-05-09,0,0,Andet,kunden ønsker ikke at oplyse,2025-05-09,1,0,0,54,6+ måneder,Power-brugeren (Mest mobil),263,0.4914448669201521,1,0,0.39923954372623577,0,0.6007604562737643,262
148f206186a57489b85ac823dcf1a46c,388,2025-05-18,Mand,utm_campaign=Basis_22&utm_content=HeaderButtonRaised&utm_medium=Matrice&utm_source=jp.dk,1,1,3,2,1,2025-03-16,2025-05-15,0,0,Tid,Ikke tid,2025-06-15,0,1,1,45,6+ måneder,Mobil-nykommeren,80,0.4625,0.2875,0.0125,0.35,0.025,0.7,80
148f59f26319a0da968ce134584c8a6f,144,2025-04-13,Kvinde,utm_campaign=Marts25&utm_content=B&utm_medium=content&utm_source=jp.dk,1,1,1,1,0,2025-03-21,2025-05-20,0,0,Andet,kunden ønsker ikke at oplyse,2025-05-20,1,0,0,52,6+ måneder,Power-brugeren (Mest mobil),675,0.3362962962962963,0,1,0.2696296296296296,0,0.6903703703703704,675
1491939885319cc63bbc45f8583456e1,98,2025-03-22,Mand,utm_campaign=Basis_22&utm_content=HeaderButtonRaised&utm_medium=Matrice&utm_source=jp.dk,0,0,0,0,0,2025-03-22,2025-05-21,0,0,Økonomi,Pris,2025-05-21,1,0,0,36,0-7 dage,Mobil-nykommeren,93,0.26344086021505375,0.5483870967741935,0.45161290322580644,0.3118279569892473,0.03225806451612903,0.6021505376344086,93
1493b48a623a745e57db83cf0b32da91,814,2025-08-25,Mand,utm_campaign=Marts25&utm_content=sc_b&utm_medium=mail&utm_source=mail,0,1,1,1,0,2025-03-21,2025-05-20,0,0,Andet,Administrativt,2025-08-24,0,1,0,74,6+ måneder,Mobil-nykommeren,57,0.39473684210526316,1,0,0.2982456140350877,0.12280701754385964,0.7894736842105263,56
14a7b456c6f672b6bf51838adcad474c,184,2025-08-10,Mand,utm_campaign=Basis_22&utm_content=HeaderButtonRaised&utm_medium=Matrice&utm_source=jp.dk,0,0,0,0,0,2025-03-03,2025-05-02,0,0,Tid,Ikke tid,2025-09-02,0,1,0,46,0-7 dage,Mobil-nykommeren,104,0.31009615384615385,1,0,0.3269230769230769,0,0.5673076923076923,104
14ae5fda85c636519e6bfc6886270325,153,2025-07-11,Ikke oplyst,utm_campaign=Basis_22&utm_content=HeaderButtonRaised&utm_medium=Matrice&utm_source=jp.dk,0,0,0,0,0,2025-03-07,2025-05-06,0,0,Tid,Ikke tid,2025-08-06,0,1,0,65,6+ måneder,Desktop-traditionalisten,283,0.5114840989399293,0,1,0.35335689045936397,0.007067137809187279,0.7279151943462897,283
14b486bc22dee7a288a5ea9a60d66fa8,190,2025-03-31,Mand,utm_campaign=Marts25&utm_content=A&utm_medium=content&utm_source=jp.dk,0,1,6,3,5,2025-03-23,2025-05-22,0,0,Andet,kunden ønsker ikke at oplyse,2025-05-22,1,0,0,62,6+ måneder,Mobil-nykommeren,112,0.4330357142857143,0.7232142857142857,0.2767857142857143,0.4017857142857143,0,0.7142857142857143,112
14df285cfbc6233b5735b67454fafc5b,122,2025-06-13,Kvinde,utm_campaign=Marts25&utm_content=B&utm_medium=content&utm_source=jp.dk,0,0,0,0,0,2025-03-10,2025-05-09,0,0,Tid,Ikke tid,2025-07-09,0,1,1,32,6+ måneder,Desktop-traditionalisten,4,0.375,0,1,0.25,0,0.5,4
1520c6ce0859197137f8c2ba4e316b33,275,2025-12-02,Kvinde,utm_campaign=Basis_22&utm_content=HeaderButtonRaised&utm_medium=Matrice&utm_source=jp.dk,0,0,0,0,0,2025-03-04,2025-05-03,0,0,Tid,Ikke tid,2025-12-03,0,1,0,59,6+ måneder,Desktop-traditionalisten,112,0.47098214285714285,0,1,0.42857142857142855,0.044642857142857144,0.7321428571428571,112
15502cb0020afc4c01801b63cc753d1d,2218,3000-01-01,Mand,utm_campaign=Basis_22&utm_content=HeaderButtonRaised&utm_medium=Matrice&utm_source=jp.dk,0,0,2,1,1,2025-03-11,2025-05-10,14,15,Ingen afmelding,Ingen afmelding,3000-01-01,0,1,0,61,6+ måneder,Veteranen (Høj historik),66,0.7954545454545454,0,0.3939393939393939,0.5909090909090909,0,0.16666666666666666,66
157b343a23caa5ceae611eac87fce993,336,2025-12-11,Mand,utm_campaign=Marts25&utm_content=sc_a&utm_medium=mail&utm_source=mail,0,1,2,2,1,2025-03-21,2025-05-20,0,0,Økonomi,Pris,2025-12-20,0,1,0,35,6+ måneder,Desktop-traditionalisten,5,0.4,0,1,0.2,0,0.8,5
15cc75ac84f115080edd9ff1ccf67fa0,1357,2025-08-03,Mand,utm_campaign=Marts25&utm_medium=adops&utm_source=jp.dk,0,0,1,0,0,2025-03-04,2025-05-03,2,2,Økonomi,Pris,2025-08-03,0,1,0,66,6+ måneder,Power-brugeren (Mest mobil),998,0.25200400801603207,0.9829659318637275,0.017034068136272545,0.2605210420841683,0.001002004008016032,0.44288577154308617,997
160d76cc39e18f64d614d40e8ccedcaf,1572,3000-01-01,Mand,utm_campaign=Marts25&utm_content=A&utm_medium=content&utm_source=jp.dk,0,1,8,3,2,2025-03-08,2025-05-07,0,0,Ingen afmelding,Ingen afmelding,3000-01-01,0,1,0,53,6+ måneder,Power-brugeren (Mest mobil),647,0.28709428129829984,1,0,0.3075734157650695,0,0.5965996908809892,647
163cd6267e1d757e6daf66d9dafec0f4,190,2025-06-02,Mand,utm_campaign=Marts25&utm_content=a&utm_medium=mail&utm_source=mail,0,1,3,0,2,2025-03-05,2025-05-04,2,2,Tid,Ikke tid,2025-06-04,0,1,1,85,6+ måneder,Desktop-traditionalisten,307,0.46416938110749184,0,1,0.2899022801302932,0,0.5146579804560261,307
163f7c2ca0876b8cf46074f96e0f6b66,232,2025-11-10,Kvinde,utm_campaign=Marts25&utm_content=A&utm_medium=content&utm_source=jp.dk,0,0,0,0,0,2025-03-23,2025-05-22,0,0,Digitalt,Oprettet med forkert e-mail,2025-11-09,0,1,0,22,0-7 dage,Mobil-nykommeren,4,0.25,1,0,0.5,0.25,0,3
164ec18e75918cf0059591d1f7cd8f50,304,2025-05-27,Mand,utm_campaign=Marts25&utm_content=B&utm_medium=content&utm_source=jp.dk,1,1,0,0,0,2025-03-23,2025-05-22,0,0,Produkt,Redaktionelt indhold / holdning,2025-06-22,0,1,1,82,0-7 dage,Desktop-traditionalisten,290,0.7827586206896552,0,1,0.5689655172413793,0.08620689655172414,0.8241379310344827,290
165f56b5135a0282a1e37ae63be6482c,540,2026-03-05,Mand,utm_campaign=Marts25&utm_medium=Weblayer&utm_source=jp.dk,0,0,3,2,1,2025-03-19,2025-05-18,0,0,Andet,RVS,2026-03-04,0,1,0,66,6+ måneder,Spøgelses-brugeren (Lav aktivitet),0,0,0,0,0,0,0,0
16f60feab4be66bbce8e014e9f6f1a04,1210,2025-03-14,Mand,utm_campaign=Basis_22&utm_content=HeaderButtonRaised&utm_medium=Matrice&utm_source=jp.dk,0,0,3,1,1,2025-03-05,2025-05-04,1,1,Tid,Ikke tid,2025-05-04,1,0,0,62,6+ måneder,Power-brugeren (Mest mobil),468,0.16826923076923078,0.7649572649572649,0.23504273504273504,0.24358974358974358,0.002136752136752137,0.5064102564102564,466
16ff7e9941858bc50b4d9a4e98455f28,442,2025-07-04,Mand,utm_campaign=Marts25&utm_content=a&utm_medium=mail&utm_source=mail,0,1,9,6,4,2025-03-06,2025-05-05,0,0,Andet,Administrativt,2025-07-03,0,1,1,69,6+ måneder,Desktop-traditionalisten,41,0.3597560975609756,0.14634146341463414,0.8536585365853658,0.34146341463414637,0.2926829268292683,0.6097560975609756,41
17020af801c477dfdca0e0e5632cab42,245,2025-08-20,Mand,utm_campaign=tilmeld_knap&utm_medium=FB_side&utm_source=FB,1,0,0,0,0,2025-03-06,2025-05-05,0,0,Andet,kunden ønsker ikke at oplyse,2025-11-05,0,1,0,67,0-7 dage,Desktop-traditionalisten,104,0.5649038461538461,0,1,0.4230769230769231,0,0.6057692307692307,104
1725d628a9e0eca83995d9c9f6811bb8,163,2025-06-02,Mand,utm_campaign=Marts25&utm_content=b&utm_medium=mail&utm_source=mail,0,0,0,0,0,2025-03-05,2025-05-04,0,0,Andet,Ingen årsag – ingen tlf kontakt,2025-06-01,0,1,1,67,6+ måneder,Desktop-traditionalisten,267,0.28558052434456926,0.0749063670411985,0.9250936329588015,0.27340823970037453,0,0.43820224719101125,267
178acb3d7e922de240c43c165a813e33,567,2026-01-07,Mand,utm_campaign=Marts25&utm_medium=Matrice&utm_source=jp.dk,0,1,3,2,0,2025-03-08,2025-05-07,0,0,Tid,Ikke tid,2026-01-07,0,1,0,70,6+ måneder,Desktop-traditionalisten,30,0.16666666666666666,0.03333333333333333,0.9666666666666667,0.13333333333333333,0.26666666666666666,0.7,27
17bc7bd25d2d7e1f1045dd9ea9c9ebba,384,3000-01-01,Mand,utm_campaign=Marts25&utm_content=A&utm_medium=content&utm_source=jp.dk,0,0,0,0,0,2025-03-09,2025-05-08,0,0,Ingen afmelding,Ingen afmelding,3000-01-01,0,1,0,49,0-7 dage,Power-brugeren (Mest mobil),456,0.34375,0.6710526315789473,0.32894736842105265,0.3574561403508772,0.0043859649122807015,0.6842105263157895,456
17ce3e6c9944c046e8d5ebd1c1467144,311,2025-03-29,Kvinde,utm_campaign=&utm_content=genbesog_JP_digital&utm_medium=ppc&utm_source=adwords&utm_term=jp+tilbud,1,1,15,3,12,2025-03-20,2025-05-19,3,4,Andet,kunden ønsker ikke at oplyse,2025-05-19,1,0,0,64,6+ måneder,Veteranen (Høj historik),175,0.5542857142857143,1,0,0.5142857142857142,0,0.22285714285714286,175
17cfa47c1032e09073f4c111d522557e,61,2025-05-22,Mand,utm_campaign=Marts25&utm_medium=topticker&utm_source=jp.dk,0,0,0,0,0,2025-03-22,2025-05-21,0,0,Andet,Ingen årsag – ingen tlf kontakt,2025-05-21,1,0,0,78,0-7 dage,Mobil-nykommeren,116,0.14870689655172414,0.9137931034482759,0.08620689655172414,0.2672413793103448,0,0.4224137931034483,116
17d7422c846048398b122c39a8aaaf61,284,2025-04-08,Ikke oplyst,utm_campaign=Marts25&utm_content=sc_a&utm_medium=mail&utm_source=mail,0,1,4,0,3,2025-03-21,2025-05-20,0,0,Økonomi,Pris,2025-05-20,1,0,0,81,6+ måneder,Desktop-traditionalisten,396,0.375,0.07323232323232323,0.4292929292929293,0.2702020202020202,0.48484848484848486,0.48737373737373735,396
181239c484f5899e65888a9bd671527d,185,2025-06-16,Mand,utm_campaign=Basis_22&utm_content=HeaderButtonRaised&utm_medium=Matrice&utm_source=jp.dk,1,1,5,0,5,2025-03-12,2025-05-11,7,9,Økonomi,Pris,2025-06-15,0,1,1,60,6+ måneder,Veteranen (Høj historik),543,0.4604051565377532,1,0,0.4714548802946593,0,0.8637200736648251,543
182197fc3916b2d8947f32f00b3d5257,1180,2025-03-17,Mand,utm_campaign=Marts25&utm_content=b&utm_medium=mail&utm_source=mail,0,0,2,1,1,2025-03-05,2025-05-04,1,1,Andet,kunden ønsker ikke at oplyse,2025-05-04,1,0,0,69,6+ måneder,Mobil-nykommeren,13,0.6923076923076923,1,0,0.46153846153846156,0,0.6153846153846154,13
184b7d504cea2726418cfe3ffee86e47,61,2025-03-17,Kvinde,utm_campaign=Marts25&utm_content=A&utm_medium=content&utm_source=jp.dk,0,0,0,0,0,2025-03-17,2025-05-16,0,0,Produkt,Redaktionelt indhold / holdning,2025-05-16,1,0,0,69,6+ måneder,Desktop-traditionalisten,2,1,0,1,1,0,0,2
1866629ff8d1b6c1b200e0f338b1335d,712,2025-11-09,Mand,utm_campaign=Marts25&utm_content=A&utm_medium=content&utm_source=jp.dk,0,1,8,1,1,2025-03-18,2025-05-17,0,0,Tid,Ikke tid,2025-11-17,0,1,0,82,6+ måneder,Power-brugeren (Mest mobil),394,0.35406091370558374,1,0,0.4137055837563452,0,0.9644670050761421,394
186dd15ca3e819a236693fd2ce8f666e,955,2025-04-12,Mand,utm_campaign=Marts25&utm_content=B&utm_medium=content&utm_source=jp.dk,0,1,9,6,2,2025-03-14,2025-05-13,1,1,Andet,kunden ønsker ikke at oplyse,2025-05-13,1,0,0,60,6+ måneder,Power-brugeren (Mest mobil),628,0.24402866242038215,1,0,0.24681528662420382,0,0.41878980891719747,628
18ed330b21f4248ec073a6d486b6f12c,379,3000-01-01,Mand,utm_campaign=Marts25&utm_medium=Matrice&utm_source=jp.dk,0,1,0,0,0,2025-03-14,2025-05-13,1,2,Ingen afmelding,Ingen afmelding,3000-01-01,0,1,0,74,6+ måneder,Power-brugeren (Mest mobil),1332,0.3033033033033033,0.6313813813813813,0.3686186186186186,0.3551051051051051,0,0.668918918918919,1329
18fc772904995a554be41f1453ab8411,492,3000-01-01,Mand,utm_campaign=Marts25&utm_content=A&utm_medium=content&utm_source=jp.dk,1,1,2,1,1,2025-03-03,2025-05-02,0,0,Ingen afmelding,Ingen afmelding,3000-01-01,0,1,0,38,6+ måneder,Mobil-nykommeren,8,0.40625,1,0,0.25,0,0.25,8
1998daf4646037e7c0820958807fb1d5,61,2025-04-08,Mand,utm_campaign=Marts25&utm_content=A&utm_medium=content&utm_source=jp.dk,1,1,0,0,0,2025-03-20,2025-05-19,0,0,Andet,kunden ønsker ikke at oplyse,2025-05-19,1,0,0,74,0-7 dage,Desktop-traditionalisten,6,0.5833333333333334,0,1,0.6666666666666666,0,0.3333333333333333,6
19c8f257518972e430a6be1cec52a586,466,2025-04-22,Mand,utm_campaign=Marts25&utm_content=sc_a&utm_medium=mail&utm_source=mail,1,1,1,1,0,2025-03-21,2025-05-20,0,0,Andet,kunden ønsker ikke at oplyse,2025-05-20,1,0,0,49,6+ måneder,Power-brugeren (Mest mobil),483,0.33695652173913043,0.5072463768115942,0.4927536231884058,0.34368530020703936,0.010351966873706004,0.6832298136645962,483
1a2b0c171a74b27b44c0eb3d5c42f083,61,2025-04-12,Kvinde,utm_campaign=Marts25&utm_content=A&utm_medium=content&utm_source=jp.dk,0,0,0,0,0,2025-03-22,2025-05-21,0,0,Produkt,Redaktionelt indhold / holdning,2025-05-21,1,0,0,64,0-7 dage,Desktop-traditionalisten,529,0.29584120982986767,0.05860113421550094,0.941398865784499,0.23251417769376181,0.001890359168241966,0.4706994328922495,529
1a348c61676869859747445d2860057c,383,3000-01-01,Mand,utm_campaign=Marts25&utm_content=A&utm_medium=content&utm_source=jp.dk,0,1,0,0,0,2025-03-10,2025-05-09,0,0,Ingen afmelding,Ingen afmelding,3000-01-01,0,1,0,66,6+ måneder,Desktop-traditionalisten,207,0.26207729468599034,0,1,0.21256038647342995,0,0.37681159420289856,207
1aa8b8e306867a78fdf10facd145d9d2,92,2025-05-12,Ikke oplyst,utm_campaign=Marts25&utm_content=B&utm_medium=content&utm_source=jp.dk,1,0,0,0,0,2025-03-04,2025-05-03,0,0,Produkt,Redaktionelt indhold / holdning,2025-06-03,0,1,1,46,0-7 dage,Desktop-traditionalisten,20,0.575,0,1,0.35,0,0.9,20
1af06db48739c4e618bb73c2cdd09ece,287,2025-05-22,Mand,utm_campaign=Basis_22&utm_content=HeaderButtonRaised&utm_medium=Matrice&utm_source=jp.dk,1,0,2,2,0,2025-03-15,2025-05-14,0,0,Andet,Administrativt,2025-05-22,0,1,1,93,6+ måneder,Desktop-traditionalisten,96,0.578125,0,1,0.3958333333333333,0,0.5625,96
1afe42c07c73086a3d7239d14b5418a0,1743,2025-04-03,Mand,utm_campaign=Marts25&utm_content=sc_a&utm_medium=mail&utm_source=mail,0,1,8,1,2,2025-03-22,2025-05-21,1,21,Produkt,Uden for målgruppe,2025-05-21,1,0,0,90,6+ måneder,Veteranen (Høj historik),5,0.25,0,1,0.8,0,0.8,5
1b266f44493167a1a622c3125819bfd3,1537,2025-03-22,Mand,utm_campaign=Marts25&utm_content=sc_b&utm_medium=mail&utm_source=mail,1,1,9,4,5,2025-03-22,2025-05-21,2,2,Økonomi,Pris,2025-05-21,1,0,0,61,6+ måneder,Veteranen (Høj historik),10,0.5,1,0,0.5,0,0.5,10
1b2792bf1dd006aba1cb96a063a2f84f,61,2025-05-22,Mand,utm_campaign=Marts25&utm_content=A&utm_medium=content&utm_source=jp.dk,0,0,0,0,0,2025-03-24,2025-05-23,0,0,Produkt,Anden avis/produkt,2025-05-23,1,0,0,33,6+ måneder,Spøgelses-brugeren (Lav aktivitet),0,0,0,0,0,0,0,0
1b4b0d2897d5b4c6d4496d8c9e44c15b,448,2025-07-27,Mand,utm_campaign=Marts25&utm_content=sc_b&utm_medium=mail&utm_source=mail,1,1,22,4,20,2025-03-21,2025-05-20,3,3,Produkt,Anden avis/produkt,2025-08-20,0,1,0,75,6+ måneder,Veteranen (Høj historik),114,0.4451754385964912,0.043859649122807015,0.5263157894736842,0.30701754385964913,0,0.5526315789473685,114
1b67c773b70b573290c4a53cde4b6ffe,605,3000-01-01,Kvinde,utm_campaign=Marts25&utm_medium=Weblayer&utm_source=jp.dk,1,1,5,3,1,2025-03-20,2025-05-19,1,1,Ingen afmelding,Ingen afmelding,3000-01-01,0,1,0,76,6+ måneder,Spøgelses-brugeren (Lav aktivitet),67,0.007462686567164179,0.014925373134328358,0,0.2537313432835821,0.014925373134328358,0.5522388059701493,67
1b80666626b354ab5a46a621d4b881ab,1039,3000-01-01,Mand,utm_campaign=Marts25&utm_content=A&utm_medium=content&utm_source=jp.dk,0,1,5,2,2,2025-03-06,2025-05-05,0,0,Ingen afmelding,Ingen afmelding,3000-01-01,0,1,0,70,6+ måneder,Power-brugeren (Mest mobil),268,0.1837686567164179,0.9552238805970149,0.04477611940298507,0.2462686567164179,0,0.44776119402985076,268
1b8259534b52fe71de6dd436129c75c1,389,3000-01-01,Mand,utm_campaign=Marts25&utm_content=A&utm_medium=content&utm_source=jp.dk,1,1,0,0,0,2025-03-04,2025-05-03,0,0,Ingen afmelding,Ingen afmelding,3000-01-01,0,1,0,54,0-7 dage,Desktop-traditionalisten,299,0.29264214046822745,0.010033444816053512,0.9899665551839465,0.17391304347826086,0,0.5652173913043478,299
1be6d7824f5784e4439a64918e21e211,149,2025-08-13,Kvinde,utm_campaign=Basis_22&utm_content=HeaderButtonRaised&utm_medium=Matrice&utm_source=jp.dk,0,0,0,0,0,2025-03-17,2025-05-16,0,0,Andet,Administrativt,2025-08-12,0,1,1,71,0-7 dage,Spøgelses-brugeren (Lav aktivitet),0,0,0,0,0,0,0,0
1c19b47d6d52112543b30ae5cb9e6153,61,2025-03-21,Kvinde,utm_campaign=Basis_22&utm_content=HeaderButtonRaised&utm_medium=Matrice&utm_source=jp.dk,0,0,0,0,0,2025-03-21,2025-05-20,0,0,Produkt,Redaktionelt indhold / holdning,2025-05-20,1,0,0,32,0-7 dage,Mobil-nykommeren,19,0.2894736842105263,1,0,0.42105263157894735,0.10526315789473684,0.47368421052631576,19
1c457d31216e43a1f6eb9f1b14303b0f,571,3000-01-01,Mand,utm_campaign=Marts25&utm_content=A&utm_medium=content&utm_source=jp.dk,0,0,2,1,0,2025-03-05,2025-05-04,0,0,Ingen afmelding,Ingen afmelding,3000-01-01,0,1,0,52,6+ måneder,Desktop-traditionalisten,3,0.08333333333333333,0,1,0.6666666666666666,0,0.6666666666666666,3
1c970787962b3364c125d8dc4f6f9b48,1216,2025-04-17,Mand,utm_campaign=Marts25&utm_content=A&utm_medium=content&utm_source=jp.dk,1,1,17,9,5,2025-03-07,2025-05-06,0,0,Tid,Ikke tid,2025-05-06,1,0,0,44,6+ måneder,Veteranen (Høj historik),118,0.2796610169491525,0.01694915254237288,0.9830508474576272,0.2711864406779661,0,0.5847457627118644,118
1cde84f1aa8759c31f345196e5a0ac4a,616,2026-01-03,Mand,utm_campaign=Marts25&utm_content=sc_a&utm_medium=mail&utm_source=mail,1,1,8,3,6,2025-03-21,2025-05-20,1,1,Økonomi,Pris,2026-06-20,0,1,0,79,6+ måneder,Mobil-nykommeren,9,0.5,1,0,0.2222222222222222,0,0.3333333333333333,9
1d3e35103dcea06aac11a372e471059d,61,2025-03-12,Kvinde,utm_campaign=Marts25&utm_content=A&utm_medium=content&utm_source=jp.dk,0,0,0,0,0,2025-03-12,2025-05-11,0,0,Andet,kunden ønsker ikke at oplyse,2025-05-11,1,0,0,55,6+ måneder,Mobil-nykommeren,2,0.625,1,0,0.5,0,0,2
1d5478a63294ca8ce41f80f797e23696,507,2025-05-19,Mand,utm_campaign=Marts25&utm_content=sc_a&utm_medium=mail&utm_source=mail,0,1,14,7,9,2025-03-22,2025-05-21,0,0,Tid,Ikke tid,2025-05-21,1,0,0,82,6+ måneder,Veteranen (Høj historik),45,0.2833333333333333,0,1,0.3111111111111111,0,0.8,44
1d9f3d5a9795504ed312e80249efa8c7,373,3000-01-01,Mand,utm_campaign=Marts25&utm_content=B&utm_medium=content&utm_source=jp.dk,0,1,0,0,0,2025-03-20,2025-05-19,0,0,Ingen afmelding,Ingen afmelding,3000-01-01,0,1,0,50,6+ måneder,Mobil-nykommeren,399,0.3283208020050125,0.9949874686716792,0.005012531328320802,0.2957393483709273,0.007518796992481203,0.5463659147869674,399
1da131d7a8dc57b82789529e6f1df128,480,2025-04-02,Mand,utm_campaign=Marts25&utm_content=a&utm_medium=mail&utm_source=mail,0,1,21,11,13,2025-03-05,2025-05-04,4,4,Produkt,Redaktionelt indhold / holdning,2025-05-04,1,0,0,74,6+ måneder,Veteranen (Høj historik),34,0.375,1,0,0.5294117647058824,0.2647058823529412,0.35294117647058826,34
1db6ca5e773d6284f2ae5553a7425e46,355,2025-12-08,Mand,utm_campaign=Marts25&utm_content=A&utm_medium=content&utm_source=jp.dk,0,0,1,0,1,2025-03-10,2025-05-09,0,0,Produkt,Redaktionelt indhold / holdning,2025-12-09,0,1,0,62,6+ måneder,Desktop-traditionalisten,66,0.32196969696969696,0.06060606060606061,0.9393939393939394,0.24242424242424243,0,0.5909090909090909,66
1dd10be27abc5ad145852d8b3ac41bc5,1602,2025-05-22,Mand,utm_campaign=Marts25&utm_content=B&utm_medium=content&utm_source=jp.dk,0,1,5,3,1,2025-03-09,2025-05-08,0,0,Andet,kunden ønsker ikke at oplyse,2025-06-08,0,1,1,59,6+ måneder,Power-brugeren (Mest mobil),511,0.26614481409001955,1,0,0.23874755381604695,0.007827788649706457,0.37377690802348335,511
1dd4f4d36646ef3d7c101e7ed530f181,362,2025-06-24,Mand,utm_campaign=Basis_22&utm_content=HeaderButtonRaised&utm_medium=Matrice&utm_source=jp.dk,1,1,0,0,0,2025-03-05,2025-05-04,0,0,Tid,Ikke tid,2025-07-04,0,1,1,54,0-7 dage,Spøgelses-brugeren (Lav aktivitet),2,0,1,0,0,0,0,2
1dea1f63217786b469f54f3de9c83a6c,275,2025-12-05,Kvinde,utm_campaign=Marts25&utm_medium=Weblayer&utm_source=jp.dk,0,0,0,0,0,2025-03-21,2025-05-20,0,0,Tid,Ikke tid,2025-12-20,0,1,0,56,0-7 dage,Mobil-nykommeren,50,0.24,1,0,0.28,0,0.48,50
1e0ee1a98bb5daf6118705a5b2986dca,905,2025-05-03,Kvinde,utm_campaign=Marts25&utm_content=A&utm_medium=content&utm_source=jp.dk,0,0,8,7,1,2025-03-17,2025-05-16,0,0,Økonomi,Pris,2025-05-16,1,0,0,60,6+ måneder,Power-brugeren (Mest mobil),825,0.29848484848484846,1,0,0.22181818181818183,0,0.4193939393939394,825
1e3ddb49a606da0cf5714df48c2bdb08,1872,2025-05-07,Mand,utm_campaign=Marts25&utm_content=sc_a&utm_medium=mail&utm_source=mail,1,1,17,8,9,2025-03-21,2025-05-06,6,6,Andet,Administrativt,2025-05-06,1,0,0,69,6+ måneder,Veteranen (Høj historik),15,0.26666666666666666,0,1,0.3333333333333333,0.3333333333333333,0.5333333333333333,15
1e7f77c858e9148b9550fba2d45cbc1c,89,2025-05-02,Kvinde,utm_campaign=Marts25&utm_content=A&utm_medium=content&utm_source=jp.dk,0,0,1,0,0,2025-03-15,2025-05-14,0,0,Tid,Ikke tid,2025-05-14,1,0,0,58,6+ måneder,Desktop-traditionalisten,271,0.4547970479704797,0.16236162361623616,0.12177121771217712,0.47601476014760147,0.0036900369003690036,0.7675276752767528,271
1e95a880364e96dcbdcc9b0db8a55105,1275,2025-12-14,Mand,utm_campaign=Marts25&utm_medium=topticker&utm_source=jp.dk,1,1,4,3,1,2025-03-11,2025-05-10,2,2,Tid,Ikke tid,2026-01-10,0,1,0,74,6+ måneder,Power-brugeren (Mest mobil),163,0.30368098159509205,1,0,0.3006134969325153,0,0.754601226993865,163
1e9a3c7abf9c21470bc3ff8b110754f9,92,2025-05-12,Mand,utm_campaign=Marts25&utm_content=A&utm_medium=content&utm_source=jp.dk,0,0,0,0,0,2025-03-10,2025-05-09,0,0,Tid,Ikke tid,2025-06-09,0,1,1,52,0-7 dage,Mobil-nykommeren,3,0.3333333333333333,1,0,0.3333333333333333,0,0.3333333333333333,3
1ebd769533f806c239afc2ca81cf43f7,61,2025-05-15,Kvinde,utm_campaign=&utm_content=genbesog_JP_digital&utm_medium=ppc&utm_source=adwords&utm_term=jyllands-posten+abonnement+tilbud,0,0,0,0,0,2025-03-19,2025-05-18,0,0,Økonomi,Pris,2025-05-18,1,0,0,62,0-7 dage,Spøgelses-brugeren (Lav aktivitet),1,0,1,0,0,0,0,1
1ed3f61c5909740c55d6917e4d127a39,396,2026-01-25,Mand,utm_campaign=Marts25&utm_content=A&utm_medium=content&utm_source=jp.dk,0,0,1,0,1,2025-03-04,2025-05-03,0,0,Økonomi,Pris,2026-02-03,0,1,0,52,6+ måneder,Power-brugeren (Mest mobil),829,0.32750301568154405,0.9396863691194209,0.06031363088057901,0.27020506634499397,0.0012062726176115801,0.5669481302774427,829
1f40062eef627b0d45826b92c4ae56ff,657,3000-01-01,Kvinde,utm_campaign=Marts25&utm_content=A&utm_medium=content&utm_source=jp.dk,1,1,3,1,2,2025-03-04,2025-05-03,3,3,Ingen afmelding,Ingen afmelding,3000-01-01,0,1,0,77,6+ måneder,Desktop-traditionalisten,88,0.48011363636363635,0.045454545454545456,0.9545454545454546,0.4431818181818182,0,0.5,88
1f4db03f2ce5dec297af700536700774,1095,2025-07-28,Mand,utm_campaign=Marts25&utm_content=A&utm_medium=content&utm_source=jp.dk,0,0,10,10,0,2025-03-15,2025-05-14,0,0,Andet,kunden ønsker ikke at oplyse,2025-08-14,0,1,0,59,6+ måneder,Veteranen (Høj historik),244,0.7100409836065574,0.0778688524590164,0.9221311475409836,0.4426229508196721,0,0.7459016393442623,244
1fb4fffd2653ec4e8a5fa61b0e8f489c,78,2025-04-04,Kvinde,utm_campaign=Marts25&utm_content=B&utm_medium=content&utm_source=jp.dk,0,1,0,0,0,2025-03-22,2025-05-21,0,0,Produkt,Redaktionelt indhold / holdning,2025-05-21,1,0,0,60,6+ måneder,Mobil-nykommeren,21,0.7261904761904762,0.7142857142857143,0.2857142857142857,0.5238095238095238,0,0.42857142857142855,21
1fc6c306171021f85d6e02cf977da4f1,61,2025-03-24,Kvinde,utm_campaign=Marts25&utm_content=A&utm_medium=content&utm_source=jp.dk,0,0,0,0,0,2025-03-08,2025-05-07,0,0,Andet,kunden ønsker ikke at oplyse,2025-05-07,1,0,0,78,6+ måneder,Desktop-traditionalisten,33,0.6287878787878788,0,1,0.36363636363636365,0.09090909090909091,0.7878787878787878,33
1fcfe9d813ae0371b068c69afb639cd4,122,2025-06-11,Mand,utm_campaign=Basis_22&utm_content=HeaderButtonRaised&utm_medium=Matrice&utm_source=jp.dk,0,0,0,0,0,2025-03-09,2025-05-08,0,0,Tid,Ikke tid,2025-07-08,0,1,1,50,0-7 dage,Desktop-traditionalisten,68,0.2610294117647059,0.4411764705882353,0.5294117647058824,0.3382352941176471,0,0.8235294117647058,68
1fe8d767d3aa8a905060bf3e83ca0c59,61,2025-03-13,Kvinde,utm_campaign=Marts25&utm_content=B&utm_medium=content&utm_source=jp.dk,0,0,0,0,0,2025-03-12,2025-05-11,0,0,Produkt,Redaktionelt indhold / holdning,2025-05-11,1,0,0,54,0-7 dage,Mobil-nykommeren,9,0.8055555555555556,1,0,0.5555555555555556,0.1111111111111111,0.1111111111111111,9
201b83d92c687dc44185b42177f63cf9,239,2025-07-11,Mand,utm_campaign=Marts25&utm_content=a&utm_medium=mail&utm_source=mail,0,1,4,1,3,2025-03-05,2025-05-04,1,1,Andet,Administrativt,2025-08-04,0,1,0,72,6+ måneder,Power-brugeren (Mest mobil),573,0.19284467713787085,0.09947643979057591,0.900523560209424,0.16404886561954624,0,0.29668411867364747,573
203fd81682e38a68c4f3fe5cec48bd4a,550,2026-02-05,Kvinde,utm_campaign=Marts25&utm_content=A&utm_medium=content&utm_source=jp.dk,0,0,1,1,0,2025-03-19,2025-05-18,0,0,Tid,Ikke tid,2026-02-18,0,1,0,48,6+ måneder,Desktop-traditionalisten,9,0.3888888888888889,0,1,0.4444444444444444,0.2222222222222222,0.4444444444444444,9
20a8f626380365808cc2f6a3eef2777e,1521,2025-06-22,Mand,utm_campaign=Marts25&utm_content=sc_b&utm_medium=mail&utm_source=mail,1,1,23,7,14,2025-03-22,2025-05-21,0,0,Ingen afmelding,Ingen afmelding,3000-01-01,0,1,0,76,6+ måneder,Veteranen (Høj historik),17,0.3235294117647059,0,0.8235294117647058,0.17647058823529413,0,0.47058823529411764,17
20adbd6ec48679dcfd474611a0f20d50,61,2025-05-12,Mand,utm_campaign=Marts25&utm_content=A&utm_medium=content&utm_source=jp.dk,0,0,0,0,0,2025-03-15,2025-05-14,0,0,Tid,Ikke tid,2025-05-14,1,0,0,65,6+ måneder,Desktop-traditionalisten,152,0.3667763157894737,0,1,0.4144736842105263,0,0.9144736842105263,152
212576b9422b677f9ab77323ac2e636f,292,2025-06-29,Kvinde,utm_campaign=Marts25&utm_content=A&utm_medium=content&utm_source=jp.dk,0,0,1,1,0,2025-03-15,2025-05-14,0,0,Andet,RVS,2025-06-28,0,1,1,72,6+ måneder,Spøgelses-brugeren (Lav aktivitet),0,0,0,0,0,0,0,0
2191cc84c7bb5d3610d632f7cf5204b2,2012,3000-01-01,Mand,utm_campaign=Marts25&utm_content=sc_b&utm_medium=mail&utm_source=mail,0,1,1,0,0,2025-03-23,2025-05-22,0,0,Ingen afmelding,Ingen afmelding,3000-01-01,0,1,0,74,6+ måneder,Mobil-nykommeren,1,0.25,0,0,1,0,0,1
223c8361a0a978b0e4d312112990dba8,544,2025-06-15,Kvinde,utm_campaign=Marts25&utm_content=A&utm_medium=content&utm_source=jp.dk,0,1,3,3,0,2025-03-12,2025-05-11,0,0,Andet,RVS,2025-06-14,0,1,1,46,6+ måneder,Mobil-nykommeren,6,0.7083333333333334,1,0,0.6666666666666666,0,0.6666666666666666,6
228e171206fad2c38a76aae4211549ec,167,2025-09-07,Mand,utm_campaign=Marts25&utm_content=A&utm_medium=content&utm_source=jp.dk,0,0,0,0,0,2025-03-24,2025-05-23,0,0,Tid,Ikke tid,2025-09-23,0,1,0,42,6+ måneder,Mobil-nykommeren,23,0.4673913043478261,1,0,0.34782608695652173,0,0.6521739130434783,23
22a6b4c7e8f0f97515abe4eb37edfe1f,61,2025-04-03,Mand,utm_campaign=Marts25&utm_content=A&utm_medium=content&utm_source=jp.dk,1,1,0,0,0,2025-03-22,2025-05-21,0,0,Andet,Ingen årsag – ingen tlf kontakt,2025-05-21,1,0,0,66,6+ måneder,Desktop-traditionalisten,323,0.29876160990712075,0,1,0.2260061919504644,0,0.5603715170278638,322
22bf58de695495f2a95f640498332fe1,61,2025-05-08,Mand,utm_campaign=Marts25&utm_content=A&utm_medium=content&utm_source=jp.dk,0,0,0,0,0,2025-03-17,2025-05-16,0,0,Produkt,Redaktionelt indhold / holdning,2025-05-16,1,0,0,54,6+ måneder,Desktop-traditionalisten,5,0.65,0,1,0.4,0,0.6,5
232433aa3d7e847e0a462e9336be16d7,462,2025-05-17,Mand,utm_campaign=Marts25&utm_medium=topticker&utm_source=jp.dk,0,0,1,1,0,2025-03-22,2025-05-21,0,0,Andet,kunden ønsker ikke at oplyse,2025-05-21,1,0,0,72,6+ måneder,Power-brugeren (Mest mobil),551,0.1987295825771325,1,0,0.279491833030853,0.039927404718693285,0.9165154264972777,551
2386a3f4ebca1a9b86919c3d8991680e,458,2025-10-23,Mand,utm_campaign=Marts25&utm_content=B&utm_medium=content&utm_source=jp.dk,0,0,2,2,0,2025-03-15,2025-05-14,0,0,Tid,Ikke tid,2026-02-13,0,1,0,44,6+ måneder,Desktop-traditionalisten,74,0.22972972972972974,0.16216216216216217,0.8378378378378378,0.28378378378378377,0,0.3918918918918919,74
23a6f8a1edbc18b9f0f6371e1a325529,1580,2025-09-11,Mand,utm_campaign=Basis_22&utm_content=HeaderButtonRaised&utm_medium=Matrice&utm_source=jp.dk,1,1,5,2,0,2025-03-11,2025-05-10,0,0,Tid,Ikke tid,2025-11-10,0,1,0,42,6+ måneder,Power-brugeren (Mest mobil),193,0.3238341968911917,0.26424870466321243,0.031088082901554404,0.2694300518134715,0,0.7150259067357513,193
23ab60f3d426ccd9fe945b7acfcbd9b8,257,2025-03-11,Kvinde,utm_campaign=Basis_22&utm_content=HeaderButtonRaised&utm_medium=Matrice&utm_source=jp.dk,0,1,0,0,0,2025-03-11,2025-05-10,0,0,Andet,kunden ønsker ikke at oplyse,2025-05-10,1,0,0,55,0-7 dage,Mobil-nykommeren,14,0.4642857142857143,0.5714285714285714,0.42857142857142855,0.2857142857142857,0,0.42857142857142855,14
23c18ba7347830b64be8b764005b8ba0,245,2025-05-11,Mand,utm_campaign=Basis_22&utm_content=HeaderButtonRaised&utm_medium=Matrice&utm_source=jp.dk,0,0,0,0,0,2025-03-12,2025-05-11,2,2,Økonomi,Pris,2025-05-11,1,0,0,48,0-7 dage,Desktop-traditionalisten,326,0.3197852760736196,0.18711656441717792,0.8128834355828221,0.24846625766871167,0,0.5736196319018405,326
240ce5d130fcc7f11abd19606854fc60,191,2025-05-21,Mand,utm_campaign=Marts25&utm_content=sc_b&utm_medium=mail&utm_source=mail,1,1,3,1,1,2025-03-21,2025-05-20,0,0,Produkt,Redaktionelt indhold / holdning,2025-06-20,0,1,1,57,6+ måneder,Desktop-traditionalisten,546,0.43635531135531136,0.11904761904761904,0.8809523809523809,0.32783882783882784,0.023809523809523808,0.5805860805860806,546
245f21fbcfbc2c99dbf41818ef3774fc,61,2025-03-14,Kvinde,utm_campaign=Marts25&utm_content=B&utm_medium=content&utm_source=jp.dk,0,0,0,0,0,2025-03-09,2025-05-08,0,0,Tid,Ikke tid,2025-05-08,1,0,0,47,8-30 dage,Mobil-nykommeren,17,0.5588235294117647,1,0,0.47058823529411764,0.29411764705882354,0,17
2479bc006451d269366c9b3bb82f658d,566,3000-01-01,Mand,utm_campaign=Basis_22&utm_content=HeaderButtonRaised&utm_medium=Matrice&utm_source=jp.dk,0,0,3,1,1,2025-03-21,2025-05-20,0,0,Ingen afmelding,Ingen afmelding,3000-01-01,0,1,0,33,6+ måneder,Desktop-traditionalisten,324,0.16203703703703703,0,0.9814814814814815,0.1728395061728395,0.11419753086419752,0.6358024691358025,324
24959324ee77a3fdbce301c7192bc3f7,1807,3000-01-01,Mand,utm_campaign=Marts25&utm_medium=adops&utm_source=jp.dk,1,0,13,4,8,2025-03-16,2025-05-15,0,0,Ingen afmelding,Ingen afmelding,3000-01-01,0,1,0,80,6+ måneder,Power-brugeren (Mest mobil),756,0.2447089947089947,0,1,0.19973544973544974,0,0.3716931216931217,756
24d200dbbdc90ade21b149b9ebc16d98,61,2025-04-07,Kvinde,utm_campaign=Marts25&utm_content=A&utm_medium=content&utm_source=jp.dk,0,0,0,0,0,2025-03-21,2025-05-20,0,0,Andet,kunden ønsker ikke at oplyse,2025-05-20,1,0,0,67,6+ måneder,Desktop-traditionalisten,3,0.6666666666666666,0,1,0,0,0.3333333333333333,3
254773d08d5ddfb82fdfad28371db425,333,2025-12-15,Mand,utm_campaign=&utm_content=genbesog_JP_digital&utm_medium=ppc&utm_source=adwords&utm_term=abonnement+jyllands-posten,1,1,0,0,0,2025-03-08,2025-05-07,2,2,Økonomi,Pris,2026-01-07,0,1,0,75,6+ måneder,Desktop-traditionalisten,3,0.5833333333333334,0,1,0,0,0.3333333333333333,3
254f38248eea896ec7084daa2f6602aa,225,2025-04-23,Kvinde,utm_campaign=Marts25&utm_content=A&utm_medium=content&utm_source=jp.dk,0,1,2,1,0,2025-03-19,2025-05-18,0,0,Produkt,Redaktionelt indhold / holdning,2025-05-18,1,0,0,48,6+ måneder,Mobil-nykommeren,175,0.38142857142857145,1,0,0.2857142857142857,0,0.6,175
25567a00c727a5f238f2147e7806428f,159,2025-03-17,Kvinde,utm_campaign=Marts25&utm_content=A&utm_medium=content&utm_source=jp.dk,1,1,2,2,1,2025-03-09,2025-05-08,0,0,Produkt,Redaktionelt indhold / holdning,2025-05-08,1,0,0,56,6+ måneder,Mobil-nykommeren,21,0.5833333333333334,1,0,0.6666666666666666,0,0.14285714285714285,21
25b091685441c9c3bdbe9e1bf30cd66a,172,2025-08-27,Mand,utm_campaign=Marts25&utm_content=A&utm_medium=content&utm_source=jp.dk,0,0,0,0,0,2025-03-08,2025-05-07,0,0,Digitalt,Oprettet med forkert e-mail,2025-08-26,0,1,0,90,0-7 dage,Desktop-traditionalisten,4,0.3125,0,1,0.25,0.5,0.25,4
25c128e7f3e0a75ddd14b5784c100e1e,497,2025-05-07,Kvinde,utm_campaign=Marts25&utm_content=b&utm_medium=mail&utm_source=mail,0,0,3,0,1,2025-03-07,2025-05-06,0,0,Økonomi,Ændring af vilkår,2025-05-06,1,0,0,77,6+ måneder,Mobil-nykommeren,7,0.21428571428571427,1,0,0.2857142857142857,0,0.14285714285714285,7
25cabc071210e89c45fc323a54e4e4d7,153,2025-03-23,Kvinde,utm_campaign=Marts25&utm_content=A&utm_medium=content&utm_source=jp.dk,0,0,0,0,0,2025-03-07,2025-05-06,0,0,Andet,kunden ønsker ikke at oplyse,2025-05-06,1,0,0,76,0-7 dage,Desktop-traditionalisten,168,0.4494047619047619,0,1,0.36904761904761907,0,0.7857142857142857,168
26055449e1b6f5750213a8cd2f9c1590,184,2025-08-28,Kvinde,utm_campaign=Basis_22&utm_content=HeaderButtonRaised&utm_medium=Matrice&utm_source=jp.dk,0,0,0,0,0,2025-03-18,2025-05-17,0,0,Produkt,Redaktionelt indhold / holdning,2025-09-17,0,1,0,24,0-7 dage,Desktop-traditionalisten,9,0.6666666666666666,0,1,0.3333333333333333,0.6666666666666666,0,9
260ecef60f4aa81a9bbee7feb50baa90,365,2026-02-26,Kvinde,utm_campaign=Marts25&utm_content=A&utm_medium=content&utm_source=jp.dk,0,0,0,0,0,2025-03-14,2025-05-13,0,0,Økonomi,Pris,2026-03-13,0,1,0,49,0-7 dage,Mobil-nykommeren,42,0.2976190476190476,0.8571428571428571,0.14285714285714285,0.2619047619047619,0,0.4523809523809524,42
261b2aa96e257baca502e9274d1f6737,369,2026-02-05,Ikke oplyst,utm_campaign=Marts25&utm_content=A&utm_medium=content&utm_source=jp.dk,0,0,1,1,0,2025-03-04,2025-05-03,0,0,Tid,Ikke tid,2026-02-05,0,1,0,49,6+ måneder,Mobil-nykommeren,297,0.3063973063973064,1,0,0.2828282828282828,0.003367003367003367,0.46464646464646464,295
26a8b7f9adc53ba2b3ee6c4ab26213d7,99,2025-06-19,Mand,utm_campaign=Marts25&utm_content=sc_a&utm_medium=mail&utm_source=mail,0,1,0,0,0,2025-03-21,2025-05-20,0,1,Tid,Ikke tid,2025-06-20,0,1,1,62,6+ måneder,Mobil-nykommeren,20,0.65,1,0,0.3,0,0.25,20
270b83e04ecc73760c6f4c5f678bae8a,64,2025-05-08,Mand,utm_campaign=Marts25&utm_content=e-avis_ikkeabn&utm_medium=matrice&utm_source=jp.dk,0,0,0,0,0,2025-03-05,2025-05-04,0,0,Salg,Annulleret køb,2025-05-07,0,1,1,32,0-7 dage,Spøgelses-brugeren (Lav aktivitet),0,0,0,0,0,0,0,0
276ad228a0e3d1283a9ed066a5de77f9,419,3000-01-01,Mand,utm_campaign=Marts25&utm_content=sc_a&utm_medium=mail&utm_source=mail,1,1,5,1,5,2025-03-23,2025-05-22,5,5,Ingen afmelding,Ingen afmelding,3000-01-01,0,1,0,83,6+ måneder,Veteranen (Høj historik),59,0.4152542372881356,0.4745762711864407,0.5254237288135594,0.3559322033898305,0,0.15254237288135594,59
28c7f0fd6c244321b656ee0f6b4f5c25,690,3000-01-01,Mand,utm_campaign=Marts25&utm_content=sc_a&utm_medium=mail&utm_source=mail,1,1,3,1,2,2025-03-21,2025-05-20,3,3,Ingen afmelding,Ingen afmelding,3000-01-01,0,1,0,87,6+ måneder,Mobil-nykommeren,10,0.55,0,0,0.7,0,0.6,10
28cde128aeb3f6579a2f6b02edd80a9a,762,2025-04-16,Mand,utm_campaign=Marts25&utm_content=sc_a&utm_medium=mail&utm_source=mail,0,1,7,3,2,2025-03-22,2025-05-21,0,0,Andet,Ingen årsag – ingen tlf kontakt,2025-05-21,1,0,0,78,6+ måneder,Spøgelses-brugeren (Lav aktivitet),0,0,0,0,0,0,0,0
28cf6e0849f84472089d55fc5ec659d9,420,2025-03-21,Mand,utm_campaign=Marts25&utm_content=a&utm_medium=mail&utm_source=mail,0,1,5,4,1,2025-03-06,2025-05-05,0,0,Andet,kunden ønsker ikke at oplyse,2025-05-05,1,0,0,60,6+ måneder,Power-brugeren (Mest mobil),505,0.1797029702970297,0.9445544554455445,0,0.21584158415841584,0,0.9702970297029703,504
29127e2a7ed2ad5ae7a0b90963270788,615,2025-05-26,Mand,utm_campaign=Marts25&utm_content=sc_a&utm_medium=mail&utm_source=mail,0,1,11,8,5,2025-03-21,2025-05-20,0,1,Tid,Ikke tid,2025-06-20,0,1,1,57,6+ måneder,Veteranen (Høj historik),34,0.3897058823529412,1,0,0.4411764705882353,0.058823529411764705,0.3235294117647059,34
29570250930a4b6759f7de0a3ccbfa6a,61,2025-03-06,Mand,utm_campaign=Marts25&utm_content=a&utm_medium=mail&utm_source=mail,1,1,0,0,0,2025-03-05,2025-05-04,0,0,Andet,Ingen årsag – ingen tlf kontakt,2025-05-04,1,0,0,75,6+ måneder,Desktop-traditionalisten,230,0.42717391304347824,0,0.07391304347826087,0.34347826086956523,0,0.5217391304347826,229
296ebed7fd47d502188ba062c21e58ac,622,2025-06-02,Mand,utm_campaign=Marts25&utm_content=B&utm_medium=content&utm_source=jp.dk,0,1,1,1,0,2025-03-14,2025-05-13,0,0,Andet,kunden ønsker ikke at oplyse,2025-06-13,0,1,1,71,6+ måneder,Desktop-traditionalisten,222,0.24324324324324326,0,1,0.1981981981981982,0.0045045045045045045,0.34234234234234234,222
29c3dcef5a5e54544a37d3c9f9f41ca9,276,2025-06-17,Kvinde,utm_campaign=Basis_22&utm_content=HeaderButtonRaised&utm_medium=Matrice&utm_source=jp.dk,0,1,1,1,0,2025-03-15,2025-05-14,0,0,Andet,kunden ønsker ikke at oplyse,2025-07-14,0,1,1,26,6+ måneder,Spøgelses-brugeren (Lav aktivitet),0,0,0,0,0,0,0,0
2a0fd6364ffb8b6e44ac73c1772ed2f6,120,2025-05-17,Kvinde,utm_campaign=Marts25&utm_content=A&utm_medium=content&utm_source=jp.dk,0,1,0,0,0,2025-03-11,2025-05-10,0,0,Tid,Ikke tid,2025-06-10,0,1,1,63,6+ måneder,Mobil-nykommeren,12,0.375,1,0,0.75,0,0.8333333333333334,12
2a317adc7a549e70e196a6f3b0b8229a,383,3000-01-01,Mand,,0,0,2,0,2,2025-03-24,2025-05-23,0,0,Ingen afmelding,Ingen afmelding,3000-01-01,0,1,0,71,6+ måneder,Desktop-traditionalisten,93,0.4112903225806452,0,1,0.27956989247311825,0,0.43010752688172044,93
2a51690c82facfbc4556e85f4693dc17,68,2025-05-15,Kvinde,utm_campaign=Marts25&utm_content=sc_b&utm_medium=mail&utm_source=mail,0,1,1,1,1,2025-03-21,2025-05-20,1,1,Andet,Ingen årsag – ingen tlf kontakt,2025-05-20,1,0,0,64,6+ måneder,Mobil-nykommeren,75,0.5333333333333333,1,0,0.5466666666666666,0,0.14666666666666667,75
2a5ac71661a5b6fab9cb884c8bead8d6,1047,2025-12-16,Mand,utm_campaign=Marts25&utm_content=A&utm_medium=content&utm_source=jp.dk,0,1,2,1,1,2025-03-22,2025-05-21,0,0,Tid,Ikke tid,2025-12-21,0,1,0,52,6+ måneder,Power-brugeren (Mest mobil),363,0.29958677685950413,0.953168044077135,0.046831955922865015,0.36363636363636365,0,0.5840220385674931,363
2a73451a7f4e0be51f5a8e30082805b4,400,2025-03-17,Mand,utm_campaign=Marts25&utm_content=B&utm_medium=content&utm_source=jp.dk,0,1,2,0,2,2025-03-17,2025-05-16,0,0,Andet,kunden ønsker ikke at oplyse,2025-05-16,1,0,0,59,6+ måneder,Power-brugeren (Mest mobil),1284,0.27044392523364486,1,0,0.3029595015576324,0,0.5693146417445483,754
2aae4b96432d2c3c3f05cb5db8e7635c,693,2025-05-20,Mand,utm_campaign=Marts25&utm_content=A&utm_medium=content&utm_source=jp.dk,1,1,4,3,1,2025-03-21,2025-05-20,0,0,Andet,Ingen årsag – ingen tlf kontakt,2025-05-20,1,0,0,70,6+ måneder,Power-brugeren (Mest mobil),686,0.28972303206997085,1,0,0.3032069970845481,0.0014577259475218659,0.7230320699708455,685
2b18f2e4112c3260d1f29e3142f583d0,739,2025-05-22,Mand,utm_campaign=Marts25&utm_content=sc_b&utm_medium=mail&utm_source=mail,0,1,4,2,1,2025-03-21,2025-05-20,2,2,Tid,Ikke tid,2025-06-20,0,1,1,71,6+ måneder,Desktop-traditionalisten,145,0.39827586206896554,0,1,0.2689655172413793,0,0.6551724137931034,145
2bc80ee820dd4caac5fa5f7f9d6e4a5c,1210,2025-03-28,Mand,utm_campaign=Marts25&utm_content=sc_b&utm_medium=mail&utm_source=mail,1,1,26,9,15,2025-03-21,2025-05-20,0,0,Økonomi,Pris,2025-05-20,1,0,0,73,6+ måneder,Veteranen (Høj historik),960,0.27395833333333336,0.19895833333333332,0.7854166666666667,0.290625,0.1,0.5166666666666667,960
2bd2e95a4d3311df6323da35a365ab0d,676,2025-10-23,Mand,utm_campaign=Marts25&utm_content=sc_a&utm_medium=mail&utm_source=mail,0,1,1,1,0,2025-03-21,2025-05-20,0,0,Andet,Administrativt,2025-10-23,0,1,0,56,6+ måneder,Spøgelses-brugeren (Lav aktivitet),0,0,0,0,0,0,0,0
2c32c80e711319c80b09ba09c6809d26,61,2025-03-11,Kvinde,utm_campaign=Marts25&utm_content=A&utm_medium=content&utm_source=jp.dk,0,0,0,0,0,2025-03-09,2025-05-08,0,0,Andet,Ingen årsag – ingen tlf kontakt,2025-05-08,1,0,0,53,6+ måneder,Desktop-traditionalisten,30,0.4583333333333333,0.43333333333333335,0.5666666666666667,0.5333333333333333,0.1,0.6333333333333333,30
2c6156b11760d509f80689626ff8d773,913,2025-05-05,Mand,utm_campaign=Marts25&utm_content=sc_a&utm_medium=mail&utm_source=mail,1,1,5,4,1,2025-03-21,2025-05-20,0,0,Andet,Ingen årsag – ingen tlf kontakt,2025-05-20,1,0,0,70,6+ måneder,Desktop-traditionalisten,89,0.34831460674157305,0.3258426966292135,0.6741573033707865,0.3595505617977528,0.011235955056179775,0.3258426966292135,89
2c6bbbf8fa35f68c88d82688bd0f7a69,61,2025-03-22,Mand,utm_campaign=Marts25&utm_content=A&utm_medium=content&utm_source=jp.dk,0,0,0,0,0,2025-03-22,2025-05-21,0,0,Produkt,Redaktionelt indhold / holdning,2025-05-21,1,0,0,30,6+ måneder,Mobil-nykommeren,4,0.25,1,0,0.25,0,0,4
2c82f7a3f92409b674dbf5d3321f88c9,198,2025-08-15,Mand,utm_campaign=Marts25&utm_content=b&utm_medium=mail&utm_source=mail,1,1,3,2,2,2025-03-05,2025-05-04,2,2,Tid,Ikke tid,2025-08-14,0,1,0,74,6+ måneder,Mobil-nykommeren,2,0.5,1,0,0,0,0.5,2
2caad3152a29bb4d0357884c66aea564,1673,3000-01-01,Kvinde,utm_campaign=Marts25&utm_content=sc_b&utm_medium=mail&utm_source=mail,0,1,10,6,4,2025-03-21,2025-05-20,0,0,Ingen afmelding,Ingen afmelding,3000-01-01,0,1,0,87,6+ måneder,Veteranen (Høj historik),2,0.25,0,1,0,0,0.5,2
2d4d321307fe1f90c06d5213e604941f,61,2025-03-18,Mand,utm_campaign=&utm_content=genbesog_JP_digital&utm_medium=ppc&utm_source=adwords&utm_term=jyllands-posten+abonnement,0,0,0,0,0,2025-03-12,2025-05-11,0,0,Andet,kunden ønsker ikke at oplyse,2025-05-11,1,0,0,87,0-7 dage,Desktop-traditionalisten,22,0.29545454545454547,0,0.45454545454545453,0.3181818181818182,0,0.5454545454545454,22
2d5adde906e831f080f533074fff495f,306,2025-08-21,Mand,utm_campaign=Marts25&utm_content=sc_a&utm_medium=mail&utm_source=mail,0,1,0,0,0,2025-03-21,2025-05-20,1,2,Tid,Ikke tid,2025-09-20,0,1,0,74,0-7 dage,Mobil-nykommeren,134,0.4701492537313433,1,0,0.47761194029850745,0,0.23134328358208955,134
2da5fc5a7ab09c95c652562f4681bd29,229,2025-07-31,Mand,utm_campaign=Marts25&utm_content=A&utm_medium=content&utm_source=jp.dk,0,0,1,0,1,2025-03-23,2025-05-22,0,0,Andet,kunden ønsker ikke at oplyse,2025-08-22,0,1,0,55,6+ måneder,Power-brugeren (Mest mobil),486,0.2844650205761317,0.9567901234567902,0.043209876543209874,0.2962962962962963,0,0.5905349794238683,486
2dd7e42f99ac96b837b800eff7ed8b73,1258,2025-08-07,Kvinde,utm_campaign=Marts25&utm_content=b&utm_medium=mail&utm_source=mail,1,1,10,9,4,2025-03-05,2025-05-04,1,1,Tid,Ikke tid,2025-09-04,0,1,0,77,6+ måneder,Veteranen (Høj historik),29,0.5948275862068966,0.034482758620689655,0.9655172413793104,0.5517241379310345,0.06896551724137931,0.6896551724137931,29
2e608971ff7c2bb1638c925e543726a2,61,2025-04-25,Mand,utm_campaign=Marts25&utm_content=b&utm_medium=mail&utm_source=mail,0,0,0,0,0,2025-03-06,2025-05-05,2,2,Økonomi,Pris,2025-05-05,1,0,0,25,6+ måneder,Desktop-traditionalisten,308,0.2702922077922078,0,1,0.2824675324675325,0,0.4837662337662338,308
2e61a4b9eba3b903cdb5ae94b9805e47,61,2025-03-17,Mand,utm_campaign=Marts25&utm_content=A&utm_medium=content&utm_source=jp.dk,0,0,0,0,0,2025-03-17,2025-05-16,0,0,Produkt,Redaktionelt indhold / holdning,2025-05-16,1,0,0,64,6+ måneder,Desktop-traditionalisten,2,1,0,1,0.5,0.5,0,2
2ed2e7c7740caace45ef81eba21f0739,306,2026-01-04,Ikke oplyst,utm_campaign=Basis_22&utm_content=HeaderButtonRaised&utm_medium=Matrice&utm_source=jp.dk,1,1,0,0,0,2025-03-10,2025-05-09,0,0,Andet,kunden ønsker ikke at oplyse,2026-01-09,0,1,0,41,0-7 dage,Mobil-nykommeren,10,0.325,1,0,0.2,0,0.4,10
2ef1b0911c92e61e14b195dda6980a68,184,2025-04-12,Mand,utm_campaign=Marts25&utm_content=A&utm_medium=content&utm_source=jp.dk,0,0,1,0,0,2025-03-07,2025-05-06,0,0,Produkt,Redaktionelt indhold / holdning,2025-05-06,1,0,0,52,6+ måneder,Power-brugeren (Mest mobil),556,0.2189748201438849,0.789568345323741,0.210431654676259,0.26798561151079137,0,0.6888489208633094,556
2f1e1f0e95db029b590b69b5b9eb6952,903,2025-05-21,Mand,utm_campaign=Marts25&utm_medium=Weblayer&utm_source=jp.dk,0,0,6,5,1,2025-03-21,2025-05-20,0,0,Tid,Ikke tid,2025-11-20,0,1,0,79,6+ måneder,Desktop-traditionalisten,295,0.31864406779661014,0,1,0.36271186440677966,0.003389830508474576,0.6305084745762712,295
2f204aeb120fdc22e3d9f8bee4374b0b,61,2025-04-22,Kvinde,utm_campaign=Marts25&utm_content=A&utm_medium=content&utm_source=jp.dk,0,0,0,0,0,2025-03-10,2025-05-09,0,0,Tid,Ikke tid,2025-05-09,1,0,0,42,0-7 dage,Mobil-nykommeren,7,0.32142857142857145,1,0,0.42857142857142855,0,0.14285714285714285,7
2f2789bce65dd9b3344478bdce2342e6,1952,2025-05-26,Mand,utm_campaign=Marts25&utm_content=A&utm_medium=content&utm_source=jp.dk,0,1,12,8,4,2025-03-20,2025-05-19,1,0,Andet,Ingen årsag – ingen tlf kontakt,2025-06-19,0,1,1,41,6+ måneder,Veteranen (Høj historik),584,0.5291095890410958,0.0136986301369863,0.9863013698630136,0.4006849315068493,0,0.9006849315068494,584
2f8965398cbe981cccc83d6f81509fec,409,2025-07-10,Mand,utm_campaign=Marts25&utm_content=A&utm_medium=content&utm_source=jp.dk,0,1,3,3,1,2025-03-08,2025-05-07,1,1,Tid,Ikke tid,2025-08-07,0,1,0,76,6+ måneder,Desktop-traditionalisten,278,0.25989208633093525,0,1,0.27697841726618705,0,0.5215827338129496,278
2f9710a6b323884ef84129309caf9ddf,181,2025-08-20,Mand,utm_campaign=6669764630252&utm_content=6669768107852&utm_medium=paid&utm_source=fb_paid&utm_term=g%C3%A6ldfrit_hus_artikel_click,0,1,2,0,2,2025-03-22,2025-05-21,4,4,Tid,Ikke tid,2025-08-21,0,1,0,60,6+ måneder,Mobil-nykommeren,91,0.7774725274725275,0.8791208791208791,0.12087912087912088,0.5604395604395604,0,0.5934065934065934,91
303860c1806cd8777515040378492fd6,208,2025-03-14,Kvinde,utm_campaign=Marts25&utm_content=A&utm_medium=content&utm_source=jp.dk,0,0,2,1,1,2025-03-14,2025-05-13,0,0,Produkt,Redaktionelt indhold / holdning,2025-05-13,1,0,0,67,6+ måneder,Desktop-traditionalisten,6,0.4166666666666667,0,1,0.6666666666666666,0.3333333333333333,0.5,6
30940b4b1cd99664e4dd18235982c892,1602,2025-11-24,Mand,utm_campaign=Marts25&utm_content=A&utm_medium=content&utm_source=jp.dk,0,0,1,0,0,2025-03-10,2025-05-09,0,0,Tid,Ikke tid,2025-12-09,0,1,0,66,6+ måneder,Desktop-traditionalisten,6,0.375,0,0.8333333333333334,0.6666666666666666,0,0.5,6
30af1188b05d88e62fc64e6615574579,540,2025-03-29,Mand,utm_campaign=Basis_22&utm_content=HeaderButtonRaised&utm_medium=Matrice&utm_source=jp.dk,0,1,5,3,1,2025-03-09,2025-05-08,0,0,Tid,Ikke tid,2025-05-08,1,0,0,56,6+ måneder,Power-brugeren (Mest mobil),328,0.3871951219512195,0.8414634146341463,0.15853658536585366,0.25,0.009146341463414634,0.5426829268292683,328
30e31485609c73343cd6c358e62bdc65,616,2025-03-05,Mand,utm_campaign=Marts25&utm_content=A&utm_medium=content&utm_source=jp.dk,0,0,5,4,1,2025-03-05,2025-05-04,0,0,Andet,kunden ønsker ikke at oplyse,2025-05-04,1,0,0,49,6+ måneder,Power-brugeren (Mest mobil),370,0.3493243243243243,0.581081081081081,0.4189189189189189,0.24054054054054055,0.005405405405405406,0.527027027027027,370
30f784b5886a73a096111934c55158a9,450,2025-09-11,Kvinde,utm_campaign=Marts25&utm_content=b&utm_medium=mail&utm_source=mail,1,1,5,3,3,2025-03-05,2025-05-04,0,0,Salg,Misforstået salgsaftale,2025-09-11,0,1,0,79,6+ måneder,Mobil-nykommeren,4,0.75,1,0,0.25,0,0.75,4
31312cce5cd757416a102a8df3bb54e9,61,2025-03-22,Kvinde,utm_campaign=Marts25&utm_content=A&utm_medium=content&utm_source=jp.dk,0,0,0,0,0,2025-03-22,2025-05-21,0,0,Produkt,Redaktionelt indhold / holdning,2025-05-21,1,0,0,48,6+ måneder,Mobil-nykommeren,6,0.3333333333333333,1,0,0.3333333333333333,0.16666666666666666,0.6666666666666666,6
3153c33ed1f578782ed8f49986d4cff4,61,2025-04-02,Kvinde,utm_campaign=Marts25&utm_content=B&utm_medium=content&utm_source=jp.dk,0,0,0,0,0,2025-03-13,2025-05-12,0,0,Tid,Ikke tid,2025-05-12,1,0,0,66,0-7 dage,Desktop-traditionalisten,64,0.27734375,0,1,0.234375,0,0.546875,64
31a8bcdc10668cbc947138c9a0b10ef0,61,2025-04-21,Kvinde,utm_campaign=Marts25&utm_medium=Matrice&utm_source=jp.dk,0,0,0,0,0,2025-03-23,2025-05-22,0,0,Produkt,Redaktionelt indhold / holdning,2025-05-22,1,0,0,59,0-7 dage,Spøgelses-brugeren (Lav aktivitet),0,0,0,0,0,0,0,0
3234d46db0e6de36d49704d274247df2,73,2025-05-06,Kvinde,utm_campaign=Marts25&utm_content=b&utm_medium=mail&utm_source=mail,0,0,1,0,1,2025-03-07,2025-05-06,0,0,Tid,Ikke tid,2025-05-06,1,0,0,55,6+ måneder,Mobil-nykommeren,70,0.4142857142857143,0.5428571428571428,0.45714285714285713,0.3,0.07142857142857142,0.6571428571428571,70
323922e8476497ef1c3cd0573b121c58,1091,3000-01-01,Mand,utm_campaign=Marts25&utm_content=a&utm_medium=mail&utm_source=mail,0,1,11,6,4,2025-03-05,2025-05-04,1,1,Ingen afmelding,Ingen afmelding,3000-01-01,0,1,0,70,6+ måneder,Veteranen (Høj historik),161,0.2608695652173913,0.9503105590062112,0.049689440993788817,0.2919254658385093,0,0.4409937888198758,161
32752ac08b09a3190d1691e16508a2b6,418,3000-01-01,Mand,utm_campaign=Marts25&utm_content=A&utm_medium=content&utm_source=jp.dk,0,1,6,1,5,2025-03-17,2025-05-16,0,0,Ingen afmelding,Ingen afmelding,3000-01-01,0,1,0,52,6+ måneder,Power-brugeren (Mest mobil),251,0.2818725099601594,0.8725099601593626,0.12749003984063745,0.32669322709163345,0,0.5737051792828686,251
32b1b4abb3df1282395d96cf86231b61,389,3000-01-01,Mand,utm_campaign=Marts25&utm_content=A&utm_medium=content&utm_source=jp.dk,0,1,1,0,1,2025-03-18,2025-05-17,0,0,Ingen afmelding,Ingen afmelding,3000-01-01,0,1,0,66,6+ måneder,Spøgelses-brugeren (Lav aktivitet),111,0.23648648648648649,0,0.11711711711711711,0.17117117117117117,0,0.3333333333333333,111
333be8d71beacb6ec8d9caf47393d755,61,2025-03-25,Mand,utm_campaign=Marts25&utm_content=A&utm_medium=content&utm_source=jp.dk,0,0,0,0,0,2025-03-10,2025-05-09,0,0,Tid,Ikke tid,2025-05-09,1,0,0,47,6+ måneder,Desktop-traditionalisten,85,0.3,0,1,0.29411764705882354,0,0.4823529411764706,85
33426eacfafcb883784bcc9bcbc456d6,173,2025-05-06,Kvinde,utm_campaign=Marts25&utm_medium=topticker&utm_source=jp.dk,1,1,2,1,1,2025-03-10,2025-05-09,0,0,Andet,kunden ønsker ikke at oplyse,2025-05-09,1,0,0,57,6+ måneder,Power-brugeren (Mest mobil),718,0.2924791086350975,1,0,0.3147632311977716,0,0.541782729805014,717
336d377b414d6aeb1756502907b6ab86,280,2025-08-01,Kvinde,utm_campaign=Marts25&utm_content=a&utm_medium=mail&utm_source=mail,1,1,1,0,0,2025-03-05,2025-05-04,0,0,Tid,Ikke tid,2025-08-04,0,1,0,76,6+ måneder,Mobil-nykommeren,17,0.27941176470588236,1,0,0.47058823529411764,0,0.23529411764705882,17
33fea4b276180c2884f8d1767a1483e6,386,3000-01-01,Mand,utm_campaign=Marts25&utm_content=A&utm_medium=content&utm_source=jp.dk,0,0,0,0,0,2025-03-07,2025-05-06,0,0,Ingen afmelding,Ingen afmelding,3000-01-01,0,1,0,63,0-7 dage,Power-brugeren (Mest mobil),865,0.22514450867052024,1,0,0.2635838150289017,0,0.4705202312138728,865
3486d8fbc710dec226242a9372c7a6b6,375,2025-03-24,Mand,utm_campaign=Marts25&utm_content=A&utm_medium=content&utm_source=jp.dk,1,1,0,0,0,2025-03-18,2025-03-23,3,4,Andet,Administrativt,2025-03-23,1,0,0,56,6+ måneder,Desktop-traditionalisten,40,0.6,0.3,0.7,0.575,0,0.55,40
34d88178100f7dc67e01e0aaba334352,630,2025-03-12,Mand,utm_campaign=Basis_22&utm_content=HeaderButtonRaised&utm_medium=Matrice&utm_source=jp.dk,0,1,6,2,2,2025-03-04,2025-05-03,0,0,Produkt,Anden avis/produkt,2025-05-03,1,0,0,26,6+ måneder,Power-brugeren (Mest mobil),529,0.29820415879017015,0.005671077504725898,0.994328922495274,0.2627599243856333,0.003780718336483932,0.6313799621928167,529
34e69eb8352599ea5989a86183e94a0c,528,2025-03-19,Mand,utm_campaign=Marts25&utm_content=A&utm_medium=content&utm_source=jp.dk,0,1,3,1,0,2025-03-13,2025-05-12,4,4,Andet,Administrativt,2025-05-12,1,0,0,61,6+ måneder,Desktop-traditionalisten,387,0.3313953488372093,0.10852713178294573,0.8914728682170543,0.2971576227390181,0.002583979328165375,0.8656330749354005,387
354e7a5939a921d12feedb99c6d967d1,184,2025-08-08,Kvinde,utm_campaign=Marts25&utm_content=A&utm_medium=content&utm_source=jp.dk,0,1,0,0,0,2025-03-04,2025-05-03,0,0,Andet,kunden ønsker ikke at oplyse,2025-09-03,0,1,0,30,6+ måneder,Desktop-traditionalisten,224,0.28683035714285715,0.017857142857142856,0.9821428571428571,0.29464285714285715,0,0.71875,223
35e3eba1e51747ece01e4bd2a1b94c59,1318,3000-01-01,Mand,utm_campaign=Basis_22&utm_content=HeaderButtonRaised&utm_medium=Matrice&utm_source=jp.dk,0,1,2,0,0,2025-03-11,2025-05-10,5,6,Ingen afmelding,Ingen afmelding,3000-01-01,0,1,0,76,6+ måneder,Veteranen (Høj historik),147,0.4336734693877551,0.5578231292517006,0.4421768707482993,0.36054421768707484,0.272108843537415,0.6666666666666666,147
35e4a3451e17fa1e4f7b69cb8768ddd7,61,2025-04-14,Mand,utm_campaign=Marts25&utm_content=sc_b&utm_medium=mail&utm_source=mail,1,1,0,0,0,2025-03-21,2025-05-20,0,0,Produkt,Anden avis/produkt,2025-05-20,1,0,0,68,6+ måneder,Mobil-nykommeren,5,0.4,1,0,0.4,0,0.2,5
3689d81e4b91fb17c0941a1554e19695,383,3000-01-01,Mand,utm_campaign=Marts25&utm_content=B&utm_medium=content&utm_source=jp.dk,1,1,0,0,0,2025-03-10,2025-05-09,4,4,Ingen afmelding,Ingen afmelding,3000-01-01,0,1,0,66,6+ måneder,Mobil-nykommeren,6,0.5833333333333334,0.8333333333333334,0.16666666666666666,0.3333333333333333,0.16666666666666666,0.5,6
372423fee286446a26a1f3d2cf16beba,790,2025-05-09,Mand,utm_campaign=Marts25&utm_content=sc_a&utm_medium=mail&utm_source=mail,0,1,4,4,1,2025-03-23,2025-05-22,0,0,Andet,kunden ønsker ikke at oplyse,2025-05-22,1,0,0,60,6+ måneder,Desktop-traditionalisten,77,0.577922077922078,0,0,0.4025974025974026,0,0.7402597402597403,77
374f3786930ea8008317faaafb586def,1028,2025-05-12,Ikke oplyst,utm_campaign=Marts25&utm_content=B&utm_medium=content&utm_source=jp.dk,1,1,6,3,2,2025-03-05,2025-05-04,0,0,Andet,Ingen årsag – ingen tlf kontakt,2025-06-04,0,1,1,64,6+ måneder,Power-brugeren (Mest mobil),352,0.19744318181818182,0.8920454545454546,0.10795454545454546,0.22443181818181818,0,0.40625,352
3779c328bc5efb7d0f9f77bc895122e4,437,2025-03-07,Mand,utm_campaign=Marts25&utm_content=B&utm_medium=content&utm_source=jp.dk,1,1,2,2,0,2025-03-04,2025-05-03,1,1,Produkt,Redaktionelt indhold / holdning,2025-05-03,1,0,0,67,6+ måneder,Desktop-traditionalisten,46,0.4891304347826087,0,1,0.391304347826087,0.32608695652173914,0.2826086956521739,46
377dd6cfe7fe36b1c01d3f2996a44cfa,1031,2025-05-12,Mand,utm_campaign=Marts25&utm_content=sc_b&utm_medium=mail&utm_source=mail,1,1,13,7,6,2025-03-24,2025-05-23,0,1,Andet,Ingen årsag – ingen tlf kontakt,2025-05-23,1,0,0,83,6+ måneder,Veteranen (Høj historik),197,0.29314720812182743,0,1,0.3248730964467005,0,0.49746192893401014,197
37ee89a920e19271f9fbb498f483a02c,283,2025-06-25,Mand,utm_campaign=Basis_22&utm_content=HeaderButtonRaised&utm_medium=Matrice&utm_source=jp.dk,0,0,4,0,3,2025-03-11,2025-05-10,0,0,Produkt,Anden avis/produkt,2025-07-10,0,1,1,67,6+ måneder,Power-brugeren (Mest mobil),709,0.36071932299012693,0,1,0.2820874471086037,0,0.5021156558533145,709
37ff6f6b1a24548aa9038287d12f48b8,411,2025-12-18,Mand,utm_campaign=Marts25&utm_content=b&utm_medium=mail&utm_source=mail,0,1,1,1,0,2025-03-06,2025-05-05,0,0,Økonomi,Pris,2026-01-05,0,1,0,43,6+ måneder,Power-brugeren (Mest mobil),485,0.20670103092783504,1,0,0.17938144329896907,0,0.3958762886597938,483
3828bc6e3a5fdfa667cb87eb2a13abf3,92,2025-05-14,Mand,utm_campaign=Marts25&utm_content=A&utm_medium=content&utm_source=jp.dk,0,0,0,0,0,2025-03-05,2025-05-04,0,0,Produkt,Redaktionelt indhold / holdning,2025-06-04,0,1,1,71,6+ måneder,Desktop-traditionalisten,208,0.5240384615384616,0,1,0.3605769230769231,0,0.9134615384615384,208
385ea711433779ec568022849ce6eaeb,670,3000-01-01,Mand,utm_campaign=Marts25&utm_medium=Weblayer&utm_source=jp.dk,0,1,4,2,2,2025-03-19,2025-05-18,0,0,Ingen afmelding,Ingen afmelding,3000-01-01,0,1,0,53,6+ måneder,Mobil-nykommeren,67,0.34701492537313433,0.5671641791044776,0.43283582089552236,0.373134328358209,0.014925373134328358,0.4925373134328358,67
3879b6e1d91fcbf0f18122529184e756,214,2025-09-17,Mand,utm_campaign=Marts25&utm_content=B&utm_medium=content&utm_source=jp.dk,0,0,0,0,0,2025-03-07,2025-05-06,0,0,Tid,Ikke tid,2025-10-06,0,1,0,64,6+ måneder,Mobil-nykommeren,3,0.8333333333333334,1,0,0.6666666666666666,0,0.3333333333333333,3
38b5b39ff16ebd584f08e55684902a3d,615,3000-01-01,Mand,utm_campaign=Basis_22&utm_content=MegaMenu&utm_medium=Matrice&utm_source=jp.dk,0,1,2,2,0,2025-03-06,2025-05-05,1,1,Ingen afmelding,Ingen afmelding,3000-01-01,0,1,0,55,6+ måneder,Power-brugeren (Mest mobil),505,0.31732673267326733,0.3108910891089109,0.689108910891089,0.22376237623762377,0.0039603960396039604,0.6039603960396039,505
38f5f24677474d61ad85fa40e4135d7d,119,2025-03-10,Kvinde,utm_campaign=Marts25&utm_content=A&utm_medium=content&utm_source=jp.dk,0,0,2,0,0,2025-03-08,2025-05-07,0,1,Andet,Ingen årsag – ingen tlf kontakt,2025-05-07,1,0,0,77,6+ måneder,Mobil-nykommeren,14,0.6428571428571429,1,0,0.42857142857142855,0.21428571428571427,0,14
3926332ead4babb99d80e51a8649ed02,153,2025-07-02,Kvinde,utm_campaign=Marts25&utm_content=B&utm_medium=content&utm_source=jp.dk,1,1,1,0,0,2025-03-11,2025-05-10,0,0,Andet,kunden ønsker ikke at oplyse,2025-07-10,0,1,1,39,6+ måneder,Mobil-nykommeren,318,0.3577044025157233,0.9654088050314465,0.03459119496855346,0.2893081761006289,0.13522012578616352,0.6981132075471698,318
39b620b3cc260fddfafbb19c29a55521,458,2025-03-11,Mand,utm_campaign=Basis_22&utm_content=HeaderButtonRaised&utm_medium=Matrice&utm_source=jp.dk,0,1,3,2,0,2025-03-11,2025-05-10,3,3,Salg,Tidsbestemt / kampagneløb,2025-05-10,1,0,0,70,6+ måneder,Desktop-traditionalisten,440,0.30568181818181817,0,1,0.2545454545454545,0.5045454545454545,0.4727272727272727,440
3a0bf932478ae8786cc3ed33867eec0a,1142,2025-05-22,Mand,utm_campaign=Marts25&utm_content=B&utm_medium=content&utm_source=jp.dk,0,1,16,11,4,2025-03-22,2025-05-21,0,0,Tid,Ikke tid,2025-06-21,0,1,1,52,6+ måneder,Power-brugeren (Mest mobil),480,0.36041666666666666,1,0,0.23333333333333334,0.004166666666666667,0.45208333333333334,480
3aa50522489338ea7443d4947d2d993f,92,2025-06-17,Mand,utm_campaign=Basis_22&utm_content=HeaderButtonRaised&utm_medium=Matrice&utm_source=jp.dk,0,0,0,0,0,2025-03-19,2025-05-18,0,0,Produkt,Redaktionelt indhold / holdning,2025-06-18,0,1,1,29,0-7 dage,Spøgelses-brugeren (Lav aktivitet),0,0,0,0,0,0,0,0
3ab2a27e0f8fb6cf68d6d0229504b5aa,92,2025-05-06,Mand,utm_campaign=Marts25&utm_content=A&utm_medium=content&utm_source=jp.dk,1,1,0,0,0,2025-03-04,2025-05-03,0,1,Produkt,Anden avis/produkt,2025-06-03,0,1,1,48,0-7 dage,Desktop-traditionalisten,260,0.3384615384615385,0.3923076923076923,0.6076923076923076,0.3038461538461538,0.1,0.7346153846153847,260
3b14d58a14632ed87ae70ed029355208,92,2025-05-24,Mand,utm_campaign=Marts25&utm_medium=Weblayer&utm_source=jp.dk,0,0,0,0,0,2025-03-22,2025-05-21,0,0,Produkt,Redaktionelt indhold / holdning,2025-06-21,0,1,1,57,0-7 dage,Mobil-nykommeren,315,0.35714285714285715,0.5873015873015873,0.4126984126984127,0.26666666666666666,0,0.6476190476190476,315
3b4ce05f90428b767885143458049bf1,1440,3000-01-01,Mand,utm_campaign=Marts25&utm_content=A&utm_medium=content&utm_source=jp.dk,0,0,2,1,0,2025-03-21,2025-05-20,0,1,Ingen afmelding,Ingen afmelding,3000-01-01,0,1,0,55,6+ måneder,Desktop-traditionalisten,350,0.3914285714285714,0.017142857142857144,0.9828571428571429,0.26285714285714284,0,0.5971428571428572,350
3b58e4de14144a7cb62e612b74d08254,62,2025-05-22,Kvinde,utm_campaign=Basis_22&utm_content=HeaderButtonRaised&utm_medium=Matrice&utm_source=jp.dk,0,0,0,0,0,2025-03-21,2025-05-20,0,0,Salg,Annulleret køb,2025-05-21,0,1,1,42,0-7 dage,Mobil-nykommeren,25,0.17,1,0,0.2,0,0.36,25
3b7e252e3cad823b1a333da15165e8fc,129,2025-06-24,Mand,utm_campaign=Marts25&utm_content=A&utm_medium=content&utm_source=jp.dk,0,0,1,0,1,2025-03-20,2025-05-19,0,0,Økonomi,Pris,2025-07-19,0,1,1,46,6+ måneder,Mobil-nykommeren,158,0.5031645569620253,1,0,0.45569620253164556,0.006329113924050633,0.7721518987341772,158
3b9bdacf633987d1f31eaeff64d2bbf9,926,3000-01-01,Mand,utm_campaign=Marts25&utm_content=B&utm_medium=content&utm_source=jp.dk,0,0,6,3,0,2025-03-19,2025-05-18,0,0,Ingen afmelding,Ingen afmelding,3000-01-01,0,1,0,54,6+ måneder,Spøgelses-brugeren (Lav aktivitet),0,0,0,0,0,0,0,0
3c50279c1b9fa031b0aea0db774dbf3b,492,2025-05-12,Mand,utm_campaign=Marts25&utm_content=A&utm_medium=content&utm_source=jp.dk,0,1,11,6,7,2025-03-06,2025-05-05,1,0,Økonomi,Pris,2025-06-05,0,1,1,70,6+ måneder,Veteranen (Høj historik),231,0.4642857142857143,0.08658008658008658,0.9134199134199135,0.36363636363636365,0,0.6363636363636364,231
3ccfb60c0dcc940bdf0b4b93fe782108,387,2025-04-02,Kvinde,utm_campaign=Marts25&utm_content=sc_a&utm_medium=mail&utm_source=mail,1,0,4,2,2,2025-03-21,2025-05-20,0,0,Andet,Ingen årsag – ingen tlf kontakt,2025-05-20,1,0,0,63,6+ måneder,Spøgelses-brugeren (Lav aktivitet),11,0.20454545454545456,0.5454545454545454,0,0.18181818181818182,0,0.36363636363636365,11
3d1673e3c7b52cbe6912069d9eae8d9c,61,2025-05-20,Kvinde,utm_campaign=Marts25&utm_content=B&utm_medium=content&utm_source=jp.dk,0,0,0,0,0,2025-03-24,2025-05-23,0,0,Tid,Ikke tid,2025-05-23,1,0,0,52,6+ måneder,Desktop-traditionalisten,1,1,0,1,0,0,0,1
3d5b0a78f46ce3493d06c63115065930,258,2025-04-12,Mand,utm_campaign=Basis_22&utm_content=HeaderButtonRaised&utm_medium=Matrice&utm_source=jp.dk,1,0,2,2,0,2025-03-11,2025-05-10,0,2,Økonomi,Pris,2025-05-10,1,0,0,82,6+ måneder,Spøgelses-brugeren (Lav aktivitet),4,0.0625,0,1,0,0,0.25,4
3d8cf090b56ded7bb0f80503840ebb67,918,3000-01-01,Mand,utm_campaign=Marts25&utm_content=sc_a&utm_medium=mail&utm_source=mail,0,1,1,1,0,2025-03-23,2025-05-22,0,0,Ingen afmelding,Ingen afmelding,3000-01-01,0,1,0,60,6+ måneder,Desktop-traditionalisten,201,0.27611940298507465,0,1,0.22885572139303484,0,0.835820895522388,201
3dba42c61edb0c46dacc14e879b2cdae,371,3000-01-01,Kvinde,utm_campaign=Marts25&utm_content=A&utm_medium=content&utm_source=jp.dk,0,1,0,0,0,2025-03-22,2025-05-21,0,0,Ingen afmelding,Ingen afmelding,3000-01-01,0,1,0,58,6+ måneder,Mobil-nykommeren,17,0.39705882352941174,1,0,0.4117647058823529,0,0.7647058823529411,17
3dbf7ab21815a2df892c2ae6b4b0dd7e,86,2025-06-03,Kvinde,utm_campaign=Marts25&utm_content=B&utm_medium=content&utm_source=jp.dk,0,0,0,0,0,2025-03-10,2025-05-09,0,0,Tid,Ikke tid,2025-06-03,0,1,1,20,6+ måneder,Mobil-nykommeren,13,0.2692307692307692,0.5384615384615384,0.46153846153846156,0.3076923076923077,0.3076923076923077,0.07692307692307693,13
3e12e97517b4bf54ec932fcc84f1b859,380,3000-01-01,Mand,utm_campaign=Marts25&utm_content=A&utm_medium=content&utm_source=jp.dk,0,0,0,0,0,2025-03-13,2025-05-12,0,0,Ingen afmelding,Ingen afmelding,3000-01-01,0,1,0,57,0-7 dage,Power-brugeren (Mest mobil),483,0.2939958592132505,0.4782608695652174,0.5217391304347826,0.2629399585921325,0,0.4906832298136646,483
3e167e82f647e5db6f095c4aa5abb931,1150,2025-12-09,Kvinde,utm_campaign=Marts25&utm_content=A&utm_medium=content&utm_source=jp.dk,1,1,4,1,2,2025-03-07,2025-05-06,0,0,Økonomi,Pris,2026-01-06,0,1,0,63,6+ måneder,Power-brugeren (Mest mobil),278,0.5251798561151079,1,0,0.4028776978417266,0.20863309352517986,0.7410071942446043,278
3e7f5b8de782a6936c4b6f5ad96432de,580,2025-05-07,Mand,utm_campaign=Marts25&utm_content=sc_a&utm_medium=mail&utm_source=mail,0,1,4,3,2,2025-03-21,2025-05-06,0,1,Andet,Administrativt,2025-05-06,1,0,0,76,6+ måneder,Desktop-traditionalisten,306,0.27941176470588236,0,1,0.18627450980392157,0.0032679738562091504,0.3562091503267974,306
3ea2aa0aabcff460c0b99278add14b33,973,2025-07-03,Mand,utm_campaign=Marts25&utm_content=B&utm_medium=content&utm_source=jp.dk,0,1,16,7,10,2025-03-22,2025-05-21,7,7,Andet,Administrativt,2025-07-04,0,1,1,65,6+ måneder,Veteranen (Høj historik),389,0.35025706940874035,0.480719794344473,0.5167095115681234,0.38303341902313626,0,0.6709511568123393,389
3ed4f7f63a51e332c5640a4ac40b938b,408,3000-01-01,Mand,utm_campaign=Marts25&utm_content=A&utm_medium=content&utm_source=jp.dk,0,0,1,0,1,2025-03-06,2025-05-05,0,0,Ingen afmelding,Ingen afmelding,3000-01-01,0,1,0,73,6+ måneder,Desktop-traditionalisten,301,0.19601328903654486,0,1,0.2026578073089701,0,0.4418604651162791,301
3ef2f6f92113adbf4b7b9a654898ba4a,68,2025-04-06,Kvinde,utm_campaign=Marts25&utm_content=B&utm_medium=content&utm_source=jp.dk,0,1,1,0,1,2025-03-23,2025-05-22,0,0,Produkt,Redaktionelt indhold / holdning,2025-05-22,1,0,0,55,6+ måneder,Mobil-nykommeren,72,0.4027777777777778,0.9305555555555556,0.06944444444444445,0.4444444444444444,0.013888888888888888,0.4583333333333333,72
3f245c21020adebf9e154a03c90eeaa5,373,3000-01-01,Mand,utm_campaign=Marts25&utm_content=A&utm_medium=content&utm_source=jp.dk,1,1,0,0,0,2025-03-20,2025-05-19,0,0,Ingen afmelding,Ingen afmelding,3000-01-01,0,1,0,69,0-7 dage,Desktop-traditionalisten,246,0.28353658536585363,0,1,0.23983739837398374,0,0.4105691056910569,246
3f267ca819325c1fe782457dac5089e1,197,2025-05-26,Mand,utm_campaign=Marts25&utm_content=sc_b&utm_medium=mail&utm_source=mail,0,0,2,2,1,2025-03-22,2025-05-21,0,0,Tid,Ikke tid,2025-06-21,0,1,1,46,6+ måneder,Desktop-traditionalisten,337,0.30415430267062316,0,0.4362017804154303,0.3115727002967359,0,0.5934718100890207,337
3f92a08aecf5851bf365249ab15dd53a,525,3000-01-01,Mand,utm_campaign=Marts25&utm_content=A&utm_medium=content&utm_source=jp.dk,0,1,8,3,6,2025-03-07,2025-05-06,0,0,Ingen afmelding,Ingen afmelding,3000-01-01,0,1,0,65,6+ måneder,Desktop-traditionalisten,286,0.24825174825174826,0,1,0.28321678321678323,0.0034965034965034965,0.43006993006993005,286
403adce9ceebe9bf502807ff561d4336,616,2025-04-02,Mand,utm_campaign=Marts25&utm_content=a&utm_medium=mail&utm_source=mail,1,1,8,3,4,2025-03-07,2025-05-06,3,3,Andet,kunden ønsker ikke at oplyse,2025-05-06,1,0,0,87,6+ måneder,Veteranen (Høj historik),72,0.5555555555555556,0,1,0.5138888888888888,0.027777777777777776,0.125,72
406b6ee23e0a40ec6148b584acbdb5e5,381,3000-01-01,Mand,utm_campaign=Marts25&utm_content=B&utm_medium=content&utm_source=jp.dk,0,0,0,0,0,2025-03-12,2025-05-11,0,0,Ingen afmelding,Ingen afmelding,3000-01-01,0,1,0,70,0-7 dage,Power-brugeren (Mest mobil),513,0.4697855750487329,1,0,0.3333333333333333,0,0.6296296296296297,513
40ce8c05d7acddc08d648c853f6c9a6a,61,2025-04-22,Mand,utm_campaign=Basis_22&utm_content=HeaderButtonRaised&utm_medium=Matrice&utm_source=jp.dk,0,0,0,0,0,2025-03-11,2025-05-10,0,0,Produkt,Anden avis/produkt,2025-05-10,1,0,0,59,0-7 dage,Mobil-nykommeren,63,0.32936507936507936,0.6349206349206349,0.36507936507936506,0.31746031746031744,0.015873015873015872,0.7142857142857143,63
40d4bc4ceca9fd2e68031fa65ba5c50f,372,3000-01-01,Kvinde,utm_campaign=Marts25&utm_content=sc_a&utm_medium=mail&utm_source=mail,1,1,0,0,0,2025-03-21,2025-05-20,0,2,Ingen afmelding,Ingen afmelding,3000-01-01,0,1,0,70,6+ måneder,Mobil-nykommeren,39,0.5128205128205128,0,0,0.5128205128205128,0,0.02564102564102564,39
41241b233e501a67f213f3ef32ec13e3,667,2025-03-17,Mand,utm_campaign=Marts25&utm_content=A&utm_medium=content&utm_source=jp.dk,0,1,2,2,0,2025-03-03,2025-05-02,1,1,Andet,kunden ønsker ikke at oplyse,2025-05-02,1,0,0,78,6+ måneder,Power-brugeren (Mest mobil),761,0.27036793692509853,0.48751642575558474,0.5124835742444153,0.2956636005256242,0.002628120893561104,0.5558475689881734,761
415b000eecde4a9893f1b5573fc7881a,278,2025-09-24,Mand,utm_campaign=Marts25&utm_content=sc_a&utm_medium=mail&utm_source=mail,1,1,1,1,0,2025-03-21,2025-05-20,6,7,Andet,RVS,2025-09-23,0,1,0,69,6+ måneder,Desktop-traditionalisten,40,0.7,0,1,0.45,0,0.6,40
4181e0591321ea5735b2d671d59a2d15,536,2025-05-31,Kvinde,utm_campaign=Marts25&utm_medium=Matrice&utm_source=jp.dk,0,1,7,2,4,2025-03-22,2025-05-21,3,3,Tid,Ikke tid,2025-06-21,0,1,1,69,6+ måneder,Desktop-traditionalisten,297,0.4831649831649832,0.06060606060606061,0.9393939393939394,0.3434343434343434,0.006734006734006734,0.8653198653198653,297
4186814b6bc1988f1aac92ccd15aec40,366,2025-06-26,Kvinde,utm_campaign=Marts25&utm_content=sc_b&utm_medium=mail&utm_source=mail,0,0,1,1,0,2025-03-21,2025-05-20,0,0,Andet,kunden ønsker ikke at oplyse,2025-07-20,0,1,1,59,6+ måneder,Mobil-nykommeren,4,0.3125,1,0,0.75,0,0.75,4
4262ff5f39aee5987c964b9d43dd7ddf,279,2025-06-05,Mand,utm_campaign=L%C3%B8rdag&utm_content=2025-03-08&utm_medium=email&utm_source=jp,0,1,5,4,2,2025-03-08,2025-05-07,2,3,Andet,RVS,2025-06-07,0,1,1,83,6+ måneder,Mobil-nykommeren,44,0.48295454545454547,1,0,0.5681818181818182,0,0.3409090909090909,44
433aa510b9dc273e221bde28e7296866,476,2025-04-28,Mand,utm_campaign=Basis_22&utm_content=HeaderButtonRaised&utm_medium=Matrice&utm_source=jp.dk,0,1,10,5,7,2025-03-10,2025-05-09,0,0,Produkt,Redaktionelt indhold / holdning,2025-05-09,1,0,0,67,6+ måneder,Power-brugeren (Mest mobil),716,0.22870111731843576,0.6354748603351955,0.3645251396648045,0.19553072625698323,0.31843575418994413,0.5097765363128491,714
436d7b85a02448ee668f7f4460713825,122,2025-07-06,Kvinde,utm_campaign=Marts25&utm_medium=Matrice&utm_source=jp.dk,0,0,0,0,0,2025-03-17,2025-05-16,0,0,Tid,Ikke tid,2025-07-16,0,1,1,74,6+ måneder,Spøgelses-brugeren (Lav aktivitet),0,0,0,0,0,0,0,0
43ba9a358443177344257f5384a36a98,120,2025-03-24,Mand,utm_campaign=Marts25&utm_content=sc_a&utm_medium=mail&utm_source=mail,0,1,9,3,8,2025-03-23,2025-05-22,9,5,Andet,Administrativt,2025-05-22,1,0,0,78,6+ måneder,Veteranen (Høj historik),89,0.6882022471910112,0.38202247191011235,0.6179775280898876,0.5617977528089888,0,0.20224719101123595,89
43dea564b7e1ee3780f2b2542dcb7b4f,684,2025-11-12,Mand,utm_campaign=Marts25&utm_content=A&utm_medium=content&utm_source=jp.dk,0,0,3,3,0,2025-03-09,2025-05-08,0,0,Tid,Ikke tid,2025-12-08,0,1,0,52,6+ måneder,Mobil-nykommeren,1,0.75,1,0,1,0,0,1
43dff6a4be89d5565f9054a4448a135d,389,3000-01-01,Kvinde,utm_campaign=Marts25&utm_content=B&utm_medium=content&utm_source=jp.dk,0,0,0,0,0,2025-03-04,2025-05-03,0,0,Ingen afmelding,Ingen afmelding,3000-01-01,0,1,0,74,0-7 dage,Desktop-traditionalisten,19,0.32894736842105265,0,1,0.3157894736842105,0,0.9473684210526315,19
441fba58754878611c05fa395b86c80b,429,2025-05-23,Mand,utm_campaign=Marts25&utm_content=A&utm_medium=content&utm_source=jp.dk,0,1,2,2,0,2025-03-23,2025-05-22,0,0,Tid,Ikke tid,2025-06-22,0,1,1,34,6+ måneder,Mobil-nykommeren,5,0.2,1,0,1,0.2,0,5
44242123a235ab7886549f81d4a074ec,61,2025-03-15,Kvinde,utm_campaign=Marts25&utm_content=A&utm_medium=content&utm_source=jp.dk,0,0,0,0,0,2025-03-15,2025-05-14,0,0,Produkt,Redaktionelt indhold / holdning,2025-05-14,1,0,0,47,0-7 dage,Mobil-nykommeren,4,0.375,1,0,0,0,0.25,4
44520b335edabb34f5b5a96e1d0bd832,327,2025-05-07,Kvinde,utm_campaign=Marts25&utm_content=A&utm_medium=content&utm_source=jp.dk,1,1,3,1,2,2025-03-15,2025-05-14,0,0,Andet,kunden ønsker ikke at oplyse,2025-05-14,1,0,0,61,6+ måneder,Desktop-traditionalisten,193,0.5893782383419689,0,1,0.38341968911917096,0.015544041450777202,0.46113989637305697,193
4458a76d8f51e108b7f7444e7dd49118,377,3000-01-01,Mand,utm_campaign=Basis_22&utm_content=HeaderButtonRaised&utm_medium=Matrice&utm_source=jp.dk,1,0,0,0,0,2025-03-16,2025-05-15,0,0,Ingen afmelding,Ingen afmelding,3000-01-01,0,1,0,61,6+ måneder,Desktop-traditionalisten,184,0.3491847826086957,0.021739130434782608,0.9782608695652174,0.29347826086956524,0.27717391304347827,0.5108695652173914,182
446f332ace9cc3135738ab48e8faa4fe,275,2025-11-27,Mand,utm_campaign=Marts25&utm_content=A&utm_medium=content&utm_source=jp.dk,0,0,0,0,0,2025-03-23,2025-05-22,0,0,Tid,Ikke tid,2025-12-22,0,1,0,37,0-7 dage,Desktop-traditionalisten,3,1,0,1,0.3333333333333333,0,0.3333333333333333,3
4497fcfdeb492917b487f9f15bca1976,371,3000-01-01,Mand,utm_campaign=Marts25&utm_content=A&utm_medium=content&utm_source=jp.dk,0,0,0,0,0,2025-03-22,2025-05-21,0,0,Ingen afmelding,Ingen afmelding,3000-01-01,0,1,0,75,0-7 dage,Power-brugeren (Mest mobil),1029,0.24149659863945577,0,1,0.2487852283770651,0,0.5733722060252673,1029
44f3a70ad5f6c7d3b83909cff1ad231a,61,2025-04-22,Mand,utm_campaign=Basis_22&utm_content=HeaderButtonRaised&utm_medium=Matrice&utm_source=jp.dk,0,0,0,0,0,2025-03-05,2025-05-04,0,0,Tid,Ikke tid,2025-05-04,1,0,0,57,6+ måneder,Power-brugeren (Mest mobil),445,0.2786516853932584,0.4247191011235955,0.5752808988764045,0.3348314606741573,0,0.6943820224719102,445
4519ba6ddcb93581ea7a4732319794a9,618,3000-01-01,Mand,utm_campaign=Marts25&utm_medium=Matrice&utm_source=jp.dk,0,0,2,2,0,2025-03-18,2025-05-17,0,0,Ingen afmelding,Ingen afmelding,3000-01-01,0,1,0,48,6+ måneder,Mobil-nykommeren,257,0.14883268482490272,1,0,0.22178988326848248,0,0.4280155642023346,257
451d2956462e734e2086bd99e0d51b2c,1701,2025-05-16,Mand,utm_campaign=Marts25&utm_content=b&utm_medium=mail&utm_source=mail,0,1,2,1,0,2025-03-05,2025-05-04,4,4,Produkt,Redaktionelt indhold / holdning,2025-06-04,0,1,1,64,6+ måneder,Power-brugeren (Mest mobil),825,0.32727272727272727,0.9806060606060606,0.019393939393939394,0.3151515151515151,0,0.7854545454545454,825
45334961f410050e6723765f1b7eae29,171,2025-05-27,Mand,utm_campaign=Basis_22&utm_content=HeaderButtonRaised&utm_medium=Matrice&utm_source=jp.dk,1,1,1,0,1,2025-03-05,2025-05-04,0,0,Tid,Ikke tid,2025-06-04,0,1,1,53,6+ måneder,Mobil-nykommeren,30,0.20833333333333334,0.9333333333333333,0.06666666666666667,0.5,0,0.13333333333333333,30
45693993923550bd9222c213478e0653,153,2025-03-19,Mand,utm_campaign=Marts25&utm_content=A&utm_medium=content&utm_source=jp.dk,0,0,0,0,0,2025-03-19,2025-05-18,0,0,Produkt,Redaktionelt indhold / holdning,2025-05-18,1,0,0,49,6+ måneder,Desktop-traditionalisten,12,0.5,0,0.8333333333333334,0.4166666666666667,0.16666666666666666,0.5,12
458f7ba852df3db8bf4c69905eeaa68b,387,3000-01-01,Mand,utm_campaign=Marts25&utm_content=B&utm_medium=content&utm_source=jp.dk,0,0,0,0,0,2025-03-06,2025-05-05,0,0,Ingen afmelding,Ingen afmelding,3000-01-01,0,1,0,51,0-7 dage,Mobil-nykommeren,4,0.75,1,0,0.25,0,0.75,4
45b86a626ea122688c3caebb29f603ea,61,2025-04-20,Mand,utm_campaign=Marts25&utm_content=B&utm_medium=content&utm_source=jp.dk,1,1,0,0,0,2025-03-05,2025-05-04,0,0,Tid,Ikke tid,2025-05-04,1,0,0,44,0-7 dage,Desktop-traditionalisten,166,0.3207831325301205,0,1,0.1927710843373494,0,0.5783132530120482,166
45ba7b55f3a1abf8d17426adb5305cf1,769,3000-01-01,Mand,utm_campaign=Marts25&utm_medium=Weblayer&utm_source=jp.dk,0,0,2,1,1,2025-03-19,2025-05-18,0,0,Ingen afmelding,Ingen afmelding,3000-01-01,0,1,0,50,6+ måneder,Power-brugeren (Mest mobil),538,0.12546468401486988,0.9460966542750929,0.05390334572490706,0.10408921933085502,0,0.45353159851301117,538
45e9380ee07e4423f355d32a9949e482,1035,2025-11-30,Mand,utm_campaign=Basis_22&utm_content=HeaderButtonRaised&utm_medium=Matrice&utm_source=jp.dk,0,1,7,3,3,2025-03-11,2025-05-10,0,0,Økonomi,Pris,2025-12-10,0,1,0,49,6+ måneder,Desktop-traditionalisten,288,0.2717013888888889,0.08333333333333333,0.9166666666666666,0.2604166666666667,0.006944444444444444,0.4305555555555556,288
45fd6146dbb7e8651cf3d712d81cdcf1,547,2025-05-10,Ikke oplyst,utm_campaign=Marts25&utm_content=A&utm_medium=content&utm_source=jp.dk,0,0,4,4,0,2025-03-23,2025-05-22,0,0,Tid,Ikke tid,2025-05-22,1,0,0,55,6+ måneder,Power-brugeren (Mest mobil),434,0.3191244239631336,1,0,0.31105990783410137,0,0.5414746543778802,434
4603d14094a6193d927fff2b51708237,653,2025-04-29,Mand,utm_campaign=Marts25&utm_content=b&utm_medium=mail&utm_source=mail,0,1,3,3,0,2025-03-06,2025-05-05,3,3,Tid,Ikke tid,2025-05-05,1,0,0,76,6+ måneder,Desktop-traditionalisten,60,0.5208333333333334,0.21666666666666667,0.7833333333333333,0.5166666666666667,0,0.25,60
461307f36c29f9ea9cb676528540a5c6,122,2025-04-10,Kvinde,utm_campaign=Marts25&utm_content=A&utm_medium=content&utm_source=jp.dk,0,0,1,1,0,2025-03-05,2025-05-04,0,0,Tid,Ikke tid,2025-05-04,1,0,0,36,6+ måneder,Mobil-nykommeren,157,0.40445859872611467,0.910828025477707,0.08917197452229299,0.37579617834394907,0.006369426751592357,0.46496815286624205,157
46372de78e0b9375dee15073d1b5ad6f,634,2025-09-26,Mand,utm_campaign=Marts25&utm_medium=Matrice&utm_source=jp.dk,1,1,2,0,1,2025-03-08,2025-05-07,4,4,Andet,Administrativt,2025-09-25,0,1,0,80,6+ måneder,Desktop-traditionalisten,90,0.5166666666666667,0.14444444444444443,0.8555555555555555,0.45555555555555555,0.011111111111111112,0.37777777777777777,90
46458fa96e84938d9c665cfc72fbb2a9,374,2025-10-29,Mand,utm_campaign=Marts25&utm_content=b&utm_medium=mail&utm_source=mail,1,1,3,1,2,2025-03-05,2025-05-04,2,2,Tid,Ikke tid,2025-11-04,0,1,0,57,6+ måneder,Power-brugeren (Mest mobil),430,0.30697674418604654,0.7186046511627907,0.2813953488372093,0.2813953488372093,0.004651162790697674,0.5906976744186047,429
4686224ab47a1fa67c2bccdf7e3de540,63,2025-05-23,Kvinde,utm_campaign=Marts25&utm_content=A&utm_medium=content&utm_source=jp.dk,1,1,0,0,0,2025-03-21,2025-05-20,0,0,Tid,Ikke tid,2025-05-22,0,1,1,44,6+ måneder,Desktop-traditionalisten,27,0.3611111111111111,0,1,0.25925925925925924,0.07407407407407407,0.6666666666666666,27
46f011284f5c30e7bc7dce5e9df85374,336,2025-05-01,Mand,utm_campaign=Marts25&utm_content=a&utm_medium=mail&utm_source=mail,0,1,1,1,1,2025-03-05,2025-05-04,0,0,Tid,Ikke tid,2025-05-04,1,0,0,73,8-30 dage,Desktop-traditionalisten,612,0.4542483660130719,0,1,0.36764705882352944,0.0016339869281045752,0.696078431372549,612
47378391834a5d8266f892c218e86a24,146,2025-05-12,Mand,utm_campaign=Marts25&utm_content=A&utm_medium=content&utm_source=jp.dk,0,1,0,0,0,2025-03-09,2025-05-08,0,0,Andet,Administrativt,2025-05-12,0,1,1,68,0-7 dage,Mobil-nykommeren,289,0.21366782006920415,1,0,0.23183391003460208,0.0034602076124567475,0.4083044982698962,289
47694cdbb2243f81f62a7682056c852e,1526,3000-01-01,Kvinde,utm_campaign=Marts25&utm_content=b&utm_medium=mail&utm_source=mail,0,1,3,1,1,2025-03-05,2025-05-04,0,0,Ingen afmelding,Ingen afmelding,3000-01-01,0,1,0,63,6+ måneder,Power-brugeren (Mest mobil),328,0.34527439024390244,1,0,0.2774390243902439,0.006097560975609756,0.5,328
477a6728517c7b760839ab584c3a7cc5,61,2025-03-21,Mand,utm_campaign=Marts25&utm_content=A&utm_medium=content&utm_source=jp.dk,0,0,0,0,0,2025-03-21,2025-05-20,0,0,Produkt,Redaktionelt indhold / holdning,2025-05-20,1,0,0,36,0-7 dage,Mobil-nykommeren,2,0.5,1,0,1,0,0,2
4780fa33d0848ce9eb4c2a04613232ae,92,2025-03-24,Kvinde,utm_campaign=Marts25&utm_content=B&utm_medium=content&utm_source=jp.dk,0,0,1,1,0,2025-03-23,2025-05-22,0,0,Andet,Ingen årsag – ingen tlf kontakt,2025-05-22,1,0,0,52,6+ måneder,Mobil-nykommeren,4,0.8125,1,0,0.75,0,0.5,4
47fc1952c5f2a7403681a61bba50f6e3,1142,2025-12-04,Ikke oplyst,utm_campaign=Marts25&utm_content=a&utm_medium=mail&utm_source=mail,0,1,12,11,3,2025-03-05,2025-05-04,3,3,Produkt,Anden avis/produkt,2025-12-04,0,1,0,55,6+ måneder,Veteranen (Høj historik),69,0.5289855072463768,0.6376811594202898,0.36231884057971014,0.4492753623188406,0,0.5797101449275363,69
47fe9178a7b10ed88cb364259c7eea75,153,2025-07-24,Kvinde,utm_campaign=Marts25&utm_content=A&utm_medium=content&utm_source=jp.dk,0,0,0,0,0,2025-03-21,2025-05-20,0,0,Tid,Ikke tid,2025-08-20,0,1,0,63,6+ måneder,Desktop-traditionalisten,7,0.8571428571428571,0,1,0.5714285714285714,0.2857142857142857,0.42857142857142855,7
481524ce28c3dc23b2b9110b37fd4ff3,147,2025-03-12,Mand,utm_campaign=Marts25&utm_content=B&utm_medium=content&utm_source=jp.dk,0,0,2,0,0,2025-03-05,2025-05-04,0,0,Andet,Ingen årsag – ingen tlf kontakt,2025-05-04,1,0,0,62,6+ måneder,Desktop-traditionalisten,223,0.4226457399103139,0,1,0.29596412556053814,0,0.726457399103139,223
481c8265554f63d9673fdfc21d40b119,134,2025-06-07,Mand,utm_campaign=Basis_22&utm_content=HeaderButtonRaised&utm_medium=Matrice&utm_source=jp.dk,0,1,4,1,4,2025-03-22,2025-05-21,0,0,Tid,Ikke tid,2025-06-21,0,1,1,52,6+ måneder,Power-brugeren (Mest mobil),386,0.22862694300518135,0.9844559585492227,0.015544041450777202,0.24352331606217617,0.02849740932642487,0.56476683937823835,385
484b1afd306927be4210bae26a48d4f4,567,2025-07-19,Mand,utm_campaign=Marts25&utm_content=sc_b&utm_medium=mail&utm_source=mail,0,1,5,5,1,2025-03-21,2025-05-20,6,6,Andet,kunden ønsker ikke at oplyse,2025-07-20,0,1,1,77,6+ måneder,Veteranen (Høj historik),16,0.734375,0,1,0.5,0,0.4375,16
4896ea98f4c230ae7176e09053413ffc,668,2025-06-10,Mand,utm_campaign=Marts25&utm_content=b&utm_medium=mail&utm_source=mail,0,1,3,1,0,2025-03-05,2025-05-04,0,0,Andet,kunden ønsker ikke at oplyse,2025-07-04,0,1,1,70,6+ måneder,Desktop-traditionalisten,139,0.24820143884892087,0.10071942446043165,0.8992805755395683,0.30935251798561153,0.007194244604316547,0.5179856115107914,139
48ad2a72e663d97240e3537688764632,751,2025-05-20,Mand,utm_campaign=Marts25&utm_content=sc_b&utm_medium=mail&utm_source=mail,1,1,9,6,2,2025-03-21,2025-05-20,6,6,Tid,Ikke tid,2025-05-20,1,0,0,75,6+ måneder,Veteranen (Høj historik),79,0.46835443037974683,0.45569620253164556,0.5443037974683544,0.34177215189873417,0,0.46835443037974683,79
48d86d3c1e3a318b162d2e7232124bda,680,2025-05-25,Mand,utm_campaign=Marts25&utm_content=B&utm_medium=content&utm_source=jp.dk,0,0,2,2,0,2025-03-23,2025-05-22,0,0,Økonomi,Pris,2025-06-22,0,1,1,78,6+ måneder,Desktop-traditionalisten,436,0.35091743119266056,0,1,0.3073394495412844,0,0.5504587155963303,436
4905dd46c16d18159de212431037b037,1680,2025-05-25,Mand,utm_campaign=Marts25&utm_content=sc_b&utm_medium=mail&utm_source=mail,1,1,5,0,2,2025-03-21,2025-05-20,0,0,Produkt,Redaktionelt indhold / holdning,2025-06-20,0,1,1,65,6+ måneder,Desktop-traditionalisten,59,0.1652542372881356,0,1,0.1864406779661017,0,0.7796610169491526,59
492d85c60fd84f8d385988348a085314,122,2025-06-15,Kvinde,utm_campaign=Basis_22&utm_content=HeaderButtonRaised&utm_medium=Matrice&utm_source=jp.dk,0,0,0,0,0,2025-03-09,2025-05-08,0,0,Tid,Ikke tid,2025-07-08,0,1,1,61,6+ måneder,Spøgelses-brugeren (Lav aktivitet),0,0,0,0,0,0,0,0
49b048d1df52534dc1b0cd371c8851f6,214,2025-09-15,Kvinde,utm_campaign=Basis_22&utm_content=HeaderButtonRaised&utm_medium=Matrice&utm_source=jp.dk,0,0,0,0,0,2025-03-07,2025-05-06,0,0,Tid,Ikke tid,2025-10-06,0,1,0,83,6+ måneder,Desktop-traditionalisten,5,0.2,0,1,0.2,0,0.6,5
49f8898060613dca859d17f156abe024,912,3000-01-01,Kvinde,utm_campaign=Marts25&utm_content=a&utm_medium=mail&utm_source=mail,0,1,6,1,4,2025-03-06,2025-05-05,9,9,Ingen afmelding,Ingen afmelding,3000-01-01,0,1,0,67,6+ måneder,Veteranen (Høj historik),54,0.6111111111111112,1,0,0.5740740740740741,0,0.12962962962962962,54
4a6fea6ce49b72a8353d1c77209db304,1200,2025-06-21,Mand,utm_campaign=Morgen&utm_content=2025-03-19&utm_medium=email&utm_source=jp,0,1,23,9,12,2025-03-19,2025-05-18,5,6,Tid,Ikke tid,2025-07-18,0,1,1,66,6+ måneder,Veteranen (Høj historik),13,0.5769230769230769,1,0,0.38461538461538464,0,0.38461538461538464,13
4ac06699f06056cb181a486f622657a7,1345,2025-05-02,Kvinde,utm_campaign=Marts25&utm_content=b&utm_medium=mail&utm_source=mail,0,1,16,12,5,2025-03-16,2025-05-15,7,5,Andet,kunden ønsker ikke at oplyse,2025-05-15,1,0,0,82,6+ måneder,Veteranen (Høj historik),323,0.3622291021671827,0.04643962848297214,0.9535603715170279,0.3622291021671827,0.009287925696594427,0.35294117647058826,323
4ac661c7491b55a4984174f89fdaaa83,410,2025-05-21,Kvinde,utm_campaign=Marts25&utm_medium=Weblayer&utm_source=jp.dk,0,0,2,2,0,2025-03-19,2025-05-18,0,0,Tid,Ikke tid,2025-06-18,0,1,1,56,6+ måneder,Mobil-nykommeren,7,0.35714285714285715,1,0,0.2857142857142857,0,0.42857142857142855,7
4b533526985480b9c90d72288ab55c41,68,2025-04-29,Kvinde,utm_campaign=Basis_22&utm_content=HeaderButtonRaised&utm_medium=Matrice&utm_source=jp.dk,0,0,0,0,0,2025-03-11,2025-05-10,0,0,Tid,Ikke tid,2025-05-10,1,0,0,44,6+ måneder,Desktop-traditionalisten,90,0.375,0.32222222222222224,0.6777777777777778,0.36666666666666664,0.06666666666666667,0.7333333333333333,90
4b5ac62530c308e8b1869b7c95414415,248,2025-06-26,Mand,utm_campaign=Marts25&utm_content=sc_a&utm_medium=mail&utm_source=mail,0,1,2,2,2,2025-03-21,2025-05-20,0,0,Tid,Ikke tid,2025-07-20,0,1,1,77,6+ måneder,Desktop-traditionalisten,36,0.4027777777777778,0,1,0.3888888888888889,0,0.5277777777777778,36
4b8a2812009fa41431e8577a546bb1c1,390,3000-01-01,Kvinde,utm_campaign=Marts25&utm_content=A&utm_medium=content&utm_source=jp.dk,0,0,1,0,1,2025-03-10,2025-05-09,0,0,Ingen afmelding,Ingen afmelding,3000-01-01,0,1,0,57,6+ måneder,Desktop-traditionalisten,84,0.34523809523809523,0,1,0.2976190476190476,0.047619047619047616,0.7142857142857143,84
4b95adccb4398fefc81398af8a257a45,61,2025-04-15,Mand,utm_campaign=Marts25&utm_content=B&utm_medium=content&utm_source=jp.dk,0,0,0,0,0,2025-03-15,2025-05-14,0,0,Tid,Ikke tid,2025-05-14,1,0,0,57,6+ måneder,Power-brugeren (Mest mobil),574,0.21428571428571427,0.5574912891986062,0.4425087108013937,0.20905923344947736,0.003484320557491289,0.7491289198606271,573
4bbbdf245a468adee474222404ee0688,518,3000-01-01,Mand,utm_campaign=Marts25&utm_content=B&utm_medium=content&utm_source=jp.dk,0,1,2,2,1,2025-03-11,2025-05-10,1,1,Ingen afmelding,Ingen afmelding,3000-01-01,0,1,0,67,6+ måneder,Mobil-nykommeren,96,0.4947916666666667,0.7291666666666666,0.2708333333333333,0.4375,0.010416666666666666,0.20833333333333334,95
4c617fb65472db63d8a3c1e1a1bda25c,184,2025-06-02,Kvinde,utm_campaign=Marts25&utm_content=A&utm_medium=content&utm_source=jp.dk,0,0,1,1,0,2025-03-09,2025-05-08,0,0,Andet,kunden ønsker ikke at oplyse,2025-06-08,0,1,1,48,6+ måneder,Mobil-nykommeren,4,0.4375,1,0,0.75,0,0.5,4
4d75437cf49e25b7d8a5efede69397d1,860,3000-01-01,Mand,utm_campaign=Basis_22&utm_content=HeaderButtonRaised&utm_medium=Matrice&utm_source=jp.dk,0,1,4,2,1,2025-03-03,2025-05-02,0,0,Ingen afmelding,Ingen afmelding,3000-01-01,0,1,0,62,6+ måneder,Desktop-traditionalisten,16,0.28125,0.25,0.75,0.3125,0,0.5625,16
4d776c43d67541ee80a3327421aaabf6,1521,2025-05-05,Mand,utm_campaign=Marts25&utm_content=sc_b&utm_medium=mail&utm_source=mail,1,1,3,1,1,2025-03-22,2025-05-21,0,0,Tid,Ikke tid,2025-05-21,1,0,0,80,6+ måneder,Desktop-traditionalisten,68,0.3713235294117647,0,0.8970588235294118,0.47058823529411764,0.19117647058823528,0.7058823529411765,68
4d8c4f5a4d1d1e646380f9c35c4dcb51,313,2025-03-21,Mand,utm_campaign=Marts25&utm_content=sc_b&utm_medium=mail&utm_source=mail,0,1,14,5,9,2025-03-21,2025-05-20,0,0,Andet,kunden ønsker ikke at oplyse,2025-05-20,1,0,0,66,6+ måneder,Desktop-traditionalisten,216,0.2650462962962963,0,1,0.32407407407407407,0.4675925925925926,0.5324074074074074,216
4db8972108485debeb090c70a547d7c1,538,2025-05-20,Mand,utm_campaign=Marts25&utm_content=A&utm_medium=content&utm_source=jp.dk,0,1,2,2,0,2025-03-24,2025-05-23,3,3,Økonomi,Pris,2025-05-23,1,0,0,51,6+ måneder,Power-brugeren (Mest mobil),458,0.29366812227074235,1,0,0.2205240174672489,0.5633187772925764,0.43013100436681223,458
4dd7cbb673923c83f9b8abc1e0a25aac,106,2025-05-28,Mand,utm_campaign=Marts25&utm_content=a&utm_medium=mail&utm_source=mail,1,0,1,1,1,2025-03-05,2025-05-04,1,1,Tid,Ikke tid,2025-06-04,0,1,1,76,6+ måneder,Mobil-nykommeren,7,0.14285714285714285,1,0,0.2857142857142857,0,0.2857142857142857,7
4df356691cd1556ee0adba27f45d8bec,66,2025-05-27,Mand,utm_campaign=Marts25&utm_medium=Weblayer&utm_source=jp.dk,0,0,0,0,0,2025-03-23,2025-05-22,0,0,Tid,Ikke tid,2025-05-27,0,1,1,48,6+ måneder,Mobil-nykommeren,17,0.4117647058823529,1,0,0.23529411764705882,0.11764705882352941,0.6470588235294118,17
4e00b65bc002dae50e464a3a9809d926,383,3000-01-01,Mand,utm_campaign=Basis_22&utm_content=MegaMenu&utm_medium=Matrice&utm_source=jp.dk,0,0,0,0,0,2025-03-10,2025-05-09,0,0,Ingen afmelding,Ingen afmelding,3000-01-01,0,1,0,65,0-7 dage,Desktop-traditionalisten,180,0.4236111111111111,0.31666666666666665,0.6833333333333333,0.37222222222222223,0.03888888888888889,0.6944444444444444,180
4e834057d5879fe473e6575f05c7bec2,110,2025-04-08,Mand,utm_campaign=Marts25&utm_content=sc_b&utm_medium=mail&utm_source=mail,0,1,1,1,0,2025-03-21,2025-05-20,0,0,Tid,Ikke tid,2025-05-20,1,0,0,70,6+ måneder,Desktop-traditionalisten,523,0.17590822179732313,0,1,0.1835564053537285,0.0019120458891013384,0.3824091778202677,523
4ea127252a03310c4fa0e4bd18b2cf9b,92,2025-06-01,Mand,utm_campaign=Marts25&utm_medium=topticker&utm_source=jp.dk,0,1,0,0,0,2025-03-23,2025-05-22,0,0,Produkt,Anden avis/produkt,2025-06-22,0,1,1,66,6+ måneder,Mobil-nykommeren,121,0.3367768595041322,0.6033057851239669,0,0.36363636363636365,0,0.6859504132231405,119
4ea4d4140d6bc0163121bb62be46c93e,418,2025-06-24,Mand,utm_campaign=Marts25&utm_content=A&utm_medium=content&utm_source=jp.dk,0,0,1,1,0,2025-03-20,2025-05-19,0,0,Andet,kunden ønsker ikke at oplyse,2025-07-19,0,1,1,73,1-6 måneder,Desktop-traditionalisten,40,0.18125,0,1,0.225,0,0.7,40
4edef8642d9ac7a2431d6157da2283a5,1818,3000-01-01,Mand,utm_campaign=Marts25&utm_content=sc_a&utm_medium=mail&utm_source=mail,1,1,24,7,13,2025-03-21,2025-05-20,4,4,Ingen afmelding,Ingen afmelding,3000-01-01,0,1,0,77,6+ måneder,Veteranen (Høj historik),1231,0.3064581640942323,0,1,0.26807473598700243,0,0.7855402112103981,1231
4f0216152b13956cbaefc4bb07342174,1497,3000-01-01,Mand,utm_campaign=Marts25&utm_content=b&utm_medium=mail&utm_source=mail,0,1,8,2,5,2025-03-05,2025-05-04,3,3,Ingen afmelding,Ingen afmelding,3000-01-01,0,1,0,83,6+ måneder,Veteranen (Høj historik),22,0.2727272727272727,0.2727272727272727,0.7272727272727273,0.22727272727272727,0,0.3181818181818182,21
4faecfc123f27c115bfe358d67ef427a,61,2025-04-22,Mand,utm_campaign=Marts25&utm_content=B&utm_medium=content&utm_source=jp.dk,1,1,0,0,0,2025-03-23,2025-05-22,0,0,Produkt,Redaktionelt indhold / holdning,2025-05-22,1,0,0,78,0-7 dage,Desktop-traditionalisten,95,0.3631578947368421,0,1,0.3368421052631579,0.3473684210526316,0.49473684210526314,95
4fe29025af23e314347100a5147fea0a,61,2025-03-11,Mand,utm_campaign=Marts25&utm_content=A&utm_medium=content&utm_source=jp.dk,0,0,0,0,0,2025-03-11,2025-05-10,0,0,Produkt,Redaktionelt indhold / holdning,2025-05-10,1,0,0,37,6+ måneder,Mobil-nykommeren,3,1,1,0,1,0,0,3
500a242e549566077a58249a19090812,457,2025-04-26,Ikke oplyst,utm_campaign=Marts25&utm_content=a&utm_medium=mail&utm_source=mail,1,1,8,3,5,2025-03-06,2025-05-05,0,0,Økonomi,Pris,2025-05-05,1,0,0,67,6+ måneder,Power-brugeren (Mest mobil),823,0.22721749696233293,0.9975698663426489,0.002430133657351154,0.23572296476306198,0.019441069258809233,0.41190765492102066,810
50299e69701388372e0a2d450a30f237,130,2025-07-29,Kvinde,utm_campaign=Marts25&utm_medium=Matrice&utm_source=jp.dk,1,0,0,0,0,2025-03-21,2025-05-20,0,2,Salg,Misforstået salgsaftale,2025-07-28,0,1,1,67,6+ måneder,Mobil-nykommeren,2,0.5,1,0,0.5,0,0.5,2
507b806786366903caf74c8d0ff13b47,1599,2025-12-04,Mand,utm_campaign=Marts25&utm_content=A&utm_medium=content&utm_source=jp.dk,0,1,19,15,3,2025-03-23,2025-05-22,5,4,Økonomi,Pris,2025-12-22,0,1,0,51,6+ måneder,Veteranen (Høj historik),701,0.33808844507845937,0.7888730385164051,0.21112696148359486,0.275320970042796,0.0028530670470756064,0.4793152639087018,698
509eb40f6a6056d22be169a2acd80db3,374,3000-01-01,Mand,utm_campaign=Marts25&utm_medium=Weblayer&utm_source=jp.dk,0,0,0,0,0,2025-03-19,2025-05-18,0,0,Ingen afmelding,Ingen afmelding,3000-01-01,0,1,0,66,0-7 dage,Desktop-traditionalisten,437,0.3438215102974828,0,1,0.28604118993135014,0.002288329519450801,0.4919908466819222,437
50c8241b217a6fdf985092122b8a6114,122,2025-07-07,Mand,utm_campaign=Marts25&utm_content=A&utm_medium=content&utm_source=jp.dk,1,0,0,0,0,2025-03-10,2025-05-09,0,0,Økonomi,Pris,2025-07-09,0,1,1,43,0-7 dage,Desktop-traditionalisten,11,0.3409090909090909,0,1,0.5454545454545454,0,0.5454545454545454,11
513a1875871ce9ee20375595a2ff9231,242,2025-03-21,Kvinde,utm_campaign=Basis_22&utm_content=HeaderButtonRaised&utm_medium=Matrice&utm_source=jp.dk,0,0,2,2,0,2025-03-17,2025-05-16,0,0,Andet,Ingen årsag – ingen tlf kontakt,2025-05-16,1,0,0,54,6+ måneder,Desktop-traditionalisten,144,0.3472222222222222,0.4166666666666667,0.5833333333333334,0.3055555555555556,0.2777777777777778,0.5694444444444444,144
514346f9ea73786308ed7465bb307dac,153,2025-03-15,Kvinde,utm_campaign=Basis_22&utm_content=HeaderButtonRaised&utm_medium=Matrice&utm_source=jp.dk,0,0,0,0,0,2025-03-15,2025-05-14,0,0,Produkt,Redaktionelt indhold / holdning,2025-05-14,1,0,0,42,0-7 dage,Mobil-nykommeren,4,0.8125,1,0,0.25,0,0,4
51a9cdc3a3de7855a8957c15513ffe2c,92,2025-05-13,Mand,utm_campaign=Marts25&utm_content=A&utm_medium=content&utm_source=jp.dk,0,0,0,0,0,2025-03-10,2025-05-09,0,0,Tid,Ikke tid,2025-06-09,0,1,1,37,1-6 måneder,Mobil-nykommeren,6,0.8333333333333334,1,0,0.3333333333333333,0,0,6
51b37621d2635b5c55727b61b04c6918,61,2025-03-17,Kvinde,utm_campaign=Marts25&utm_content=e-avis_ikkeabn&utm_medium=matrice&utm_source=jp.dk,0,0,0,0,0,2025-03-17,2025-05-16,0,0,Produkt,Redaktionelt indhold / holdning,2025-05-16,1,0,0,30,6+ måneder,Desktop-traditionalisten,12,0.08333333333333333,0,1,0.08333333333333333,0,0.6666666666666666,12
51b8ddd8afac0e7b7233c503a76cf7b9,366,2025-03-10,Mand,utm_campaign=Marts25&utm_content=A&utm_medium=content&utm_source=jp.dk,0,0,1,0,1,2025-03-10,2025-05-09,0,0,Andet,kunden ønsker ikke at oplyse,2025-05-09,1,0,0,63,6+ måneder,Desktop-traditionalisten,114,0.34868421052631576,0.24561403508771928,0.7543859649122807,0.2543859649122807,0.017543859649122806,0.5,114
51c2d08fe703a913e16ff2fa55176d2a,501,2026-02-10,Kvinde,utm_campaign=Marts25&utm_content=b&utm_medium=mail&utm_source=mail,0,1,1,1,0,2025-03-05,2025-05-04,0,0,Økonomi,Pris,2026-03-04,0,1,0,54,6+ måneder,Desktop-traditionalisten,85,0.23823529411764705,0.09411764705882353,0.9058823529411765,0.21176470588235294,0,0.3411764705882353,85
51ce53646dd16a73ab3d68ba73a4de42,373,3000-01-01,Mand,utm_campaign=Marts25&utm_medium=Weblayer&utm_source=jp.dk,1,1,0,0,0,2025-03-20,2025-05-19,0,0,Ingen afmelding,Ingen afmelding,3000-01-01,0,1,0,51,6+ måneder,Spøgelses-brugeren (Lav aktivitet),0,0,0,0,0,0,0,0
5204d369fbf62355800d2e3b5ce6baa9,61,2025-04-04,Mand,utm_campaign=Basis_22&utm_content=MegaMenu&utm_medium=Matrice&utm_source=jp.dk,0,0,0,0,0,2025-03-11,2025-05-10,0,0,Produkt,Redaktionelt indhold / holdning,2025-05-10,1,0,0,39,0-7 dage,Mobil-nykommeren,33,0.2727272727272727,1,0,0.2727272727272727,0.030303030303030304,0.6060606060606061,33
53a5a0ac68ef0f39ff5d68a23ad1b88e,470,2025-03-17,Mand,utm_campaign=Marts25&utm_content=A&utm_medium=content&utm_source=jp.dk,1,0,3,3,0,2025-03-14,2025-05-13,0,0,Økonomi,Pris,2025-05-13,1,0,0,43,6+ måneder,Power-brugeren (Mest mobil),658,0.2405015197568389,0.12310030395136778,0.8768996960486323,0.2857142857142857,0,0.5668693009118541,658
53d01f1f3bec115d6ef1353f681595cb,92,2025-04-30,Mand,utm_campaign=Marts25&utm_content=A&utm_medium=content&utm_source=jp.dk,0,0,1,1,0,2025-03-18,2025-05-17,0,0,Tid,Ikke tid,2025-05-17,1,0,0,60,6+ måneder,Desktop-traditionalisten,68,0.44485294117647056,0,1,0.5882352941176471,0,0.4117647058823529,68
53f42387042ed9cb158618747d74dea6,89,2025-03-10,Kvinde,utm_campaign=Marts25&utm_content=B&utm_medium=content&utm_source=jp.dk,0,1,0,0,0,2025-03-10,2025-05-09,0,0,Produkt,Redaktionelt indhold / holdning,2025-05-09,1,0,0,31,0-7 dage,Mobil-nykommeren,4,0.25,1,0,0.25,0,0.5,4
54094c3c9edc3db4786151a6c8b9b5a6,317,2025-06-09,Mand,utm_campaign=Marts25&utm_content=A&utm_medium=content&utm_source=jp.dk,0,1,3,0,3,2025-03-05,2025-05-04,3,4,Andet,Ingen årsag – ingen tlf kontakt,2025-06-09,0,1,1,67,6+ måneder,Power-brugeren (Mest mobil),747,0.19912985274431058,1,0,0.1927710843373494,0.024096385542168676,0.3119143239625167,746
5413da057f4a21a8b46e27f3d78b7596,244,2025-03-25,Kvinde,utm_campaign=Marts25&utm_content=B&utm_medium=content&utm_source=jp.dk,1,1,2,2,0,2025-03-11,2025-05-10,0,0,Andet,kunden ønsker ikke at oplyse,2025-05-10,1,0,0,52,6+ måneder,Mobil-nykommeren,210,0.48928571428571427,1,0,0.3333333333333333,0.3619047619047619,0.6,210
5414c1785bf852a26470a8f4a434f89e,337,2026-02-02,Ikke oplyst,utm_campaign=Marts25&utm_content=A&utm_medium=content&utm_source=jp.dk,0,0,0,0,0,2025-03-16,2025-05-15,0,0,Tid,Ikke tid,2026-02-15,0,1,0,35,0-7 dage,Mobil-nykommeren,54,0.33796296296296297,0.7592592592592593,0.24074074074074073,0.18518518518518517,0.2962962962962963,0.5925925925925926,54
541d7bf883db417c6879eb5c4fa6f282,441,2025-05-13,Kvinde,utm_campaign=Marts25&utm_content=sc_a&utm_medium=mail&utm_source=mail,0,1,10,3,8,2025-03-23,2025-05-22,1,1,Andet,kunden ønsker ikke at oplyse,2025-05-22,1,0,0,78,6+ måneder,Power-brugeren (Mest mobil),342,0.23538011695906433,1,0,0.38011695906432746,0.41812865497076024,0.5029239766081871,342
5420998369744cd40dec21da5107114f,371,3000-01-01,Mand,utm_campaign=Marts25&utm_content=A&utm_medium=content&utm_source=jp.dk,0,0,0,0,0,2025-03-22,2025-05-21,0,0,Ingen afmelding,Ingen afmelding,3000-01-01,0,1,0,78,6+ måneder,Desktop-traditionalisten,5,0.5,0,1,0.2,0,0.2,5
5422e7ec71c443cb70b22fda17cc0994,359,2025-11-09,Mand,utm_campaign=Basis_22&utm_content=HeaderButtonRaised&utm_medium=Matrice&utm_source=jp.dk,0,1,1,1,0,2025-03-11,2025-05-10,0,0,Tid,Ikke tid,2025-11-10,0,1,0,58,6+ måneder,Desktop-traditionalisten,8,0.40625,0,1,0.375,0.125,0.625,8
5469793ef2178893320b025aec95559b,214,2025-10-02,Mand,utm_campaign=Marts25&utm_content=B&utm_medium=content&utm_source=jp.dk,0,0,0,0,0,2025-03-15,2025-05-14,0,0,Tid,Ikke tid,2025-10-14,0,1,0,66,0-7 dage,Desktop-traditionalisten,11,0.13636363636363635,0,1,0.2727272727272727,0,0.45454545454545453,11
5470116f6d8ccd7b8e6c3bebf57f1f84,61,2025-03-22,Mand,utm_campaign=Basis_22&utm_content=HeaderButtonRaised&utm_medium=Matrice&utm_source=jp.dk,0,0,0,0,0,2025-03-22,2025-05-21,0,0,Andet,kunden ønsker ikke at oplyse,2025-05-21,1,0,0,51,0-7 dage,Desktop-traditionalisten,58,0.29310344827586204,0.034482758620689655,0.9655172413793104,0.1896551724137931,0,0.5172413793103449,58
5480b280d24995741819da1706528ed7,168,2025-04-25,Kvinde,utm_campaign=Marts25&utm_content=sc_a&utm_medium=mail&utm_source=mail,1,1,11,4,7,2025-03-21,2025-05-20,0,0,Tid,Ikke tid,2025-05-20,1,0,0,73,6+ måneder,Power-brugeren (Mest mobil),83,0.2921686746987952,0.8795180722891566,0.03614457831325301,0.37349397590361444,0.012048192771084338,0.7951807228915663,83
54a5f3ccb94923bdb079beb55f981eec,881,2025-04-02,Mand,utm_campaign=Marts25&utm_content=a&utm_medium=mail&utm_source=mail,0,1,4,3,0,2025-03-05,2025-05-04,0,0,Tid,Ikke tid,2025-05-04,1,0,0,73,6+ måneder,Spøgelses-brugeren (Lav aktivitet),0,0,0,0,0,0,0,0
54dabd914db3590d25b816c39fd862b5,61,2025-03-31,Kvinde,utm_campaign=Marts25&utm_content=B&utm_medium=content&utm_source=jp.dk,0,0,0,0,0,2025-03-04,2025-05-03,0,0,Tid,Ikke tid,2025-05-03,1,0,0,63,0-7 dage,Power-brugeren (Mest mobil),686,0.47339650145772594,0.8411078717201166,0.1588921282798834,0.3848396501457726,0,0.7973760932944607,686
555edd907cc4194ff6ac3441ebd3dbbe,152,2025-03-18,Mand,utm_campaign=Basis_22&utm_content=HeaderButtonRaised&utm_medium=Matrice&utm_source=jp.dk,0,0,1,1,0,2025-03-18,2025-05-17,0,0,Produkt,Redaktionelt indhold / holdning,2025-05-17,1,0,0,44,6+ måneder,Desktop-traditionalisten,27,0.46296296296296297,0.18518518518518517,0.8148148148148148,0.37037037037037035,0.1111111111111111,0.7037037037037037,27
55681f6b1bbe6bce5d7b447f96a2d854,336,2025-12-10,Mand,utm_campaign=Marts25&utm_content=B&utm_medium=content&utm_source=jp.dk,1,1,0,0,0,2025-03-08,2025-05-07,0,0,Økonomi,Prisstigning,2026-01-31,0,1,0,66,0-7 dage,Power-brugeren (Mest mobil),491,0.3024439918533605,1,0,0.3095723014256619,0.002036659877800407,0.505091649694501,491
5582f3359c519dabc59888fe33454786,6,2025-03-10,Kvinde,utm_campaign=Marts25&utm_content=b&utm_medium=mail&utm_source=mail,1,1,0,0,0,2025-03-05,2025-03-10,2,2,Digitalt,Tekniske problemer (kunde),2025-05-04,0,1,1,70,6+ måneder,Mobil-nykommeren,6,0.6666666666666666,1,0,0.5,0,0.8333333333333334,6
5588b87ecc885fe81f54f875ca129b92,1107,2025-05-18,Mand,utm_campaign=Marts25&utm_content=sc_b&utm_medium=mail&utm_source=mail,0,1,21,7,15,2025-03-22,2025-05-21,10,10,Tid,Ikke tid,2025-05-21,1,0,0,80,6+ måneder,Veteranen (Høj historik),863,0.4168597914252607,0.1320973348783314,0.8447276940903824,0.3742757821552723,0,0.28968713789107764,863
559410d8ab5887d2e936ff36d756803a,917,2025-05-19,Mand,utm_campaign=Marts25&utm_content=b&utm_medium=mail&utm_source=mail,0,1,9,6,3,2025-03-07,2025-05-06,0,0,Tid,Ikke tid,2025-08-19,0,1,0,66,6+ måneder,Power-brugeren (Mest mobil),211,0.46445497630331756,0.909952606635071,0.09004739336492891,0.4786729857819905,0.014218009478672985,0.6303317535545023,211
55b8677472e9d4c765d3c22623dc6f60,122,2025-06-23,Mand,utm_campaign=Marts25&utm_content=A&utm_medium=content&utm_source=jp.dk,1,1,0,0,0,2025-03-05,2025-05-04,0,0,Produkt,Redaktionelt indhold / holdning,2025-07-04,0,1,1,22,0-7 dage,Mobil-nykommeren,23,0.40217391304347827,1,0,0.30434782608695654,0.21739130434782608,0.7391304347826086,23
55c6473e7caafd070a35a8907e348548,245,2025-06-11,Mand,utm_campaign=Basis_22&utm_content=HeaderButtonRaised&utm_medium=Matrice&utm_source=jp.dk,1,0,0,0,0,2025-03-21,2025-05-20,0,0,Tid,Ikke tid,2025-11-20,0,1,0,55,0-7 dage,Mobil-nykommeren,26,0.36538461538461536,0.6538461538461539,0.34615384615384615,0.5384615384615384,0,0,26
55cd5e4dbb4a407e4a3c3b57c7fb99be,153,2025-08-04,Kvinde,utm_campaign=Basis_22&utm_content=MegaMenu&utm_medium=Matrice&utm_source=jp.dk,0,0,0,0,0,2025-03-06,2025-05-05,0,0,Andet,Ingen årsag – ingen tlf kontakt,2025-08-05,0,1,0,43,0-7 dage,Mobil-nykommeren,3,0.3333333333333333,1,0,0.3333333333333333,0,0.3333333333333333,3
55de7730fb65fb3e90afdc6e82e46d13,245,2025-11-04,Kvinde,utm_campaign=Marts25&utm_content=A&utm_medium=content&utm_source=jp.dk,0,0,0,0,0,2025-03-09,2025-05-08,3,3,Økonomi,Pris,2025-11-08,0,1,0,60,6+ måneder,Spøgelses-brugeren (Lav aktivitet),0,0,0,0,0,0,0,0
5624fe0ba2ed62343dfa5dc651bcbb4a,642,2026-02-11,Mand,utm_campaign=Basis_22&utm_content=HeaderButtonRaised&utm_medium=Matrice&utm_source=jp.dk,0,1,2,1,0,2025-03-11,2025-05-10,0,0,Økonomi,Pris,2026-03-10,0,1,0,61,6+ måneder,Desktop-traditionalisten,409,0.22432762836185818,0,1,0.19070904645476772,0,0.36674816625916873,409
562b7fa175e7d20af1d4fd8b700ab6b2,862,2025-08-29,Mand,utm_campaign=Marts25&utm_content=A&utm_medium=content&utm_source=jp.dk,1,1,3,3,1,2025-03-09,2025-05-08,1,1,Tid,Ikke tid,2025-09-08,0,1,0,79,6+ måneder,Desktop-traditionalisten,48,0.9427083333333334,0,1,0.4375,0,0.5208333333333334,48
5639e95cda59fda72f6131b5e6e4e716,1168,2025-03-20,Mand,utm_campaign=Marts25&utm_content=A&utm_medium=content&utm_source=jp.dk,0,1,15,10,5,2025-03-19,2025-05-18,0,0,Andet,kunden ønsker ikke at oplyse,2025-05-18,1,0,0,60,6+ måneder,Power-brugeren (Mest mobil),753,0.28120849933598935,0.04249667994687915,0.9575033200531209,0.250996015936255,0.02390438247011952,0.6228419654714475,753
564ef54581efe26367b066edef38e432,92,2025-06-10,Mand,utm_campaign=Marts25&utm_content=B&utm_medium=content&utm_source=jp.dk,1,1,0,0,0,2025-03-10,2025-05-09,0,0,Andet,kunden ønsker ikke at oplyse,2025-07-09,0,1,1,42,0-7 dage,Mobil-nykommeren,59,0.1864406779661017,0.9661016949152542,0.03389830508474576,0.3050847457627119,0,0.4915254237288136,59
56d0f1684db83e82bdad0992cf7ae4b2,275,2025-11-18,Mand,utm_campaign=Marts25&utm_content=B&utm_medium=content&utm_source=jp.dk,0,0,0,0,0,2025-03-10,2025-05-09,0,0,Produkt,Redaktionelt indhold / holdning,2025-12-09,0,1,0,54,6+ måneder,Desktop-traditionalisten,159,0.5062893081761006,0,1,0.33962264150943394,0.3270440251572327,0.6226415094339622,159
571159ca10daca95e57ac9661ce75d2c,160,2025-05-10,Mand,utm_campaign=Basis_22&utm_content=HeaderButtonRaised&utm_medium=Matrice&utm_source=jp.dk,0,0,2,1,1,2025-03-22,2025-05-21,0,0,Tid,Ikke tid,2025-05-21,1,0,0,33,6+ måneder,Mobil-nykommeren,56,0.32589285714285715,1,0,0.25,0.07142857142857142,0.6607142857142857,56
57ad9a7e617c8046eceb938ec43f2890,61,2025-05-14,Kvinde,utm_campaign=Marts25&utm_content=A&utm_medium=content&utm_source=jp.dk,0,0,0,0,0,2025-03-17,2025-05-16,0,0,Produkt,Redaktionelt indhold / holdning,2025-05-16,1,0,0,35,0-7 dage,Mobil-nykommeren,3,0.6666666666666666,1,0,1,0,0,3
57c3d24e72fa070d69d3b587a75f99e5,68,2025-04-01,Mand,utm_campaign=Basis_22&utm_content=GiveArticlePopup&utm_medium=Matrice&utm_source=jp.dk,0,0,1,0,1,2025-03-10,2025-05-09,0,0,Tid,Ikke tid,2025-05-09,1,0,0,66,6+ måneder,Mobil-nykommeren,93,0.46774193548387094,0.8279569892473119,0.17204301075268819,0.3655913978494624,0.12903225806451613,0.4946236559139785,93
57cef26b24dd3261305b89346fde0eeb,421,2025-03-24,Kvinde,utm_campaign=Marts25&utm_content=sc_b&utm_medium=mail&utm_source=mail,1,1,2,2,1,2025-03-22,2025-05-21,9,9,Andet,kunden ønsker ikke at oplyse,2025-05-21,1,0,0,74,6+ måneder,Veteranen (Høj historik),189,0.4656084656084656,0.14285714285714285,0.798941798941799,0.3386243386243386,0.026455026455026454,0.7301587301587301,189
587fecd83c36b7dc0ee6815944e44478,376,3000-01-01,Mand,utm_campaign=Marts25&utm_medium=Matrice&utm_source=jp.dk,0,0,0,0,0,2025-03-17,2025-05-16,0,0,Ingen afmelding,Ingen afmelding,3000-01-01,0,1,0,71,0-7 dage,Mobil-nykommeren,8,0.375,1,0,0.125,0,0.125,8
58a4805391b2ad17014167eb291a9e1d,135,2025-05-19,Kvinde,utm_campaign=Marts25&utm_content=sc_a&utm_medium=mail&utm_source=mail,0,1,8,4,4,2025-03-21,2025-05-20,9,7,Økonomi,Pris,2025-05-20,1,0,0,88,6+ måneder,Veteranen (Høj historik),0,0,0,0,0,0,0,0
58e02888045f1da0bf22ed5463423158,290,2025-12-26,Mand,utm_campaign=Marts25&utm_content=A&utm_medium=content&utm_source=jp.dk,0,0,0,0,0,2025-03-11,2025-05-10,0,0,Andet,RVS,2025-12-25,0,1,0,75,6+ måneder,Desktop-traditionalisten,117,0.36752136752136755,0,1,0.26495726495726496,0,0.8632478632478633,117
5925eab9bc621733645f6fd41ebaccb0,645,2025-06-02,Mand,utm_campaign=Marts25&utm_content=sc_b&utm_medium=mail&utm_source=mail,1,1,8,6,3,2025-03-21,2025-05-20,6,6,Andet,kunden ønsker ikke at oplyse,2025-06-20,0,1,1,81,6+ måneder,Veteranen (Høj historik),164,0.6737804878048781,1,0,0.5426829268292683,0,0.3048780487804878,164
59412282eb0ad7b5ff852d30641808fd,89,2025-05-20,Mand,utm_campaign=Basis_22&utm_content=HeaderButtonRaised&utm_medium=Matrice&utm_source=jp.dk,0,1,0,0,0,2025-03-23,2025-05-22,0,0,Produkt,Redaktionelt indhold / holdning,2025-05-22,1,0,0,68,0-7 dage,Desktop-traditionalisten,353,0.24008498583569404,0.24929178470254956,0.7507082152974505,0.2096317280453258,0,0.46742209631728043,353
59873b542c5de67efd6802e056c1510b,384,2025-04-22,Kvinde,utm_campaign=Marts25&utm_content=A&utm_medium=content&utm_source=jp.dk,0,0,2,2,0,2025-03-13,2025-05-12,0,0,Andet,kunden ønsker ikke at oplyse,2025-05-12,1,0,0,50,6+ måneder,Mobil-nykommeren,84,0.37202380952380953,0.6190476190476191,0.38095238095238093,0.27380952380952384,0,0.5357142857142857,84
59ae565e5018e86e8a80ed789f3b6450,215,2025-04-28,Kvinde,utm_campaign=Marts25&utm_content=A&utm_medium=content&utm_source=jp.dk,0,0,1,1,0,2025-03-17,2025-05-16,1,1,Tid,Ikke tid,2025-05-16,1,0,0,61,6+ måneder,Desktop-traditionalisten,43,0.7790697674418605,0,1,0.7441860465116279,0,0.5581395348837209,43
59bb770e1cf09c9eb8fb57cb8e219ad3,389,3000-01-01,Mand,utm_campaign=Marts25&utm_content=B&utm_medium=content&utm_source=jp.dk,0,0,0,0,0,2025-03-04,2025-05-03,2,2,Ingen afmelding,Ingen afmelding,3000-01-01,0,1,0,72,6+ måneder,Power-brugeren (Mest mobil),789,0.33840304182509506,1,0,0.36755386565272496,0.2420785804816223,0.70595690747782,789
59d3277007e8d45958cb0c37be36bd63,348,2025-04-14,Mand,utm_campaign=Marts25&utm_content=sc_a&utm_medium=mail&utm_source=mail,0,1,2,2,0,2025-03-22,2025-05-21,0,0,Tid,Ikke tid,2025-05-21,1,0,0,81,6+ måneder,Desktop-traditionalisten,4,0.25,0,1,0.25,0,0.25,3
59dc551739bcb4f3f5c48a405394278c,542,2026-02-25,Mand,utm_campaign=Marts25&utm_medium=Matrice&utm_source=jp.dk,1,1,1,1,0,2025-03-05,2025-05-04,0,0,Tid,Ikke tid,2026-03-22,0,1,0,72,6+ måneder,Desktop-traditionalisten,2,0.5,0,1,0.5,0,1,2
59eac661f106396c61b2993b656bf706,1539,2025-12-02,Mand,utm_campaign=Marts25&utm_content=a&utm_medium=mail&utm_source=mail,0,1,17,9,8,2025-03-05,2025-05-04,0,0,Andet,kunden ønsker ikke at oplyse,2025-12-04,0,1,0,72,6+ måneder,Power-brugeren (Mest mobil),1702,0.35972385428907167,0.618096357226792,0.381903642773208,0.33313748531139836,0.14159811985898943,0.6239717978848414,1697
59f0a3e11217529a01c1eefef93e8a98,889,2025-03-22,Mand,utm_campaign=Marts25&utm_content=sc_a&utm_medium=mail&utm_source=mail,1,1,14,5,7,2025-03-21,2025-05-20,13,13,Produkt,Redaktionelt indhold / holdning,2025-05-20,1,0,0,73,6+ måneder,Veteranen (Høj historik),0,0,0,0,0,0,0,0
5a4462a29a562fe12eead8aaa422ad61,160,2025-03-21,Mand,utm_campaign=Marts25&utm_content=A&utm_medium=content&utm_source=jp.dk,0,1,2,1,0,2025-03-07,2025-05-06,0,0,Tid,Ikke tid,2025-05-06,1,0,0,71,6+ måneder,Desktop-traditionalisten,267,0.3249063670411985,0.5280898876404494,0.47191011235955055,0.26591760299625467,0.1198501872659176,0.7228464419475655,267
5a4d1ca42f1bd06fc54e2ea79fc8403a,1294,3000-01-01,Mand,utm_campaign=Marts25&utm_content=A&utm_medium=content&utm_source=jp.dk,0,0,4,2,1,2025-03-19,2025-05-18,0,0,Ingen afmelding,Ingen afmelding,3000-01-01,0,1,0,56,6+ måneder,Power-brugeren (Mest mobil),430,0.3819767441860465,1,0,0.3697674418604651,0.037209302325581395,0.8023255813953488,430
5ac2c11ffacf428b84f9d918b333cbfc,384,2025-03-24,Kvinde,utm_campaign=Marts25&utm_content=A&utm_medium=content&utm_source=jp.dk,0,0,1,1,0,2025-03-20,2025-05-19,0,0,Produkt,Redaktionelt indhold / holdning,2025-05-19,1,0,0,61,6+ måneder,Desktop-traditionalisten,6,0.4166666666666667,0,1,0.16666666666666666,0.16666666666666666,0.5,6
5adf38fc641a3afcbc69132ee9239cea,910,3000-01-01,Mand,utm_campaign=Marts25&utm_content=A&utm_medium=content&utm_source=jp.dk,0,0,1,0,0,2025-03-05,2025-05-04,0,0,Ingen afmelding,Ingen afmelding,3000-01-01,0,1,0,53,6+ måneder,Desktop-traditionalisten,180,0.2388888888888889,0.5222222222222223,0.4777777777777778,0.19444444444444445,0,0.4111111111111111,180
5b184e20faf8e969c0e55e9f82dc821f,155,2025-06-10,Mand,utm_campaign=Marts25&utm_content=B&utm_medium=content&utm_source=jp.dk,0,0,0,0,0,2025-03-06,2025-05-05,0,0,Andet,Ingen årsag – ingen tlf kontakt,2025-07-05,0,1,1,60,6+ måneder,Desktop-traditionalisten,14,0.21428571428571427,0,1,0.5,0,0.6428571428571429,14
5b6a7ea3f7caeadaadd87d90cc4e4780,151,2025-03-14,Mand,utm_campaign=Basis_22&utm_content=HeaderButtonRaised&utm_medium=Matrice&utm_source=jp.dk,0,0,1,1,0,2025-03-14,2025-05-13,0,0,Andet,kunden ønsker ikke at oplyse,2025-05-13,1,0,0,46,1-6 måneder,Power-brugeren (Mest mobil),947,0.2703273495248152,1,0,0.2365364308342133,0.0021119324181626186,0.42344244984160506,946
5bb60c4f60c5b51288e0567148d6d000,370,3000-01-01,Mand,utm_campaign=Basis_22&utm_content=HeaderButtonRaised&utm_medium=Matrice&utm_source=jp.dk,1,1,0,0,0,2025-03-23,2025-05-22,1,1,Ingen afmelding,Ingen afmelding,3000-01-01,0,1,0,54,6+ måneder,Power-brugeren (Mest mobil),437,0.38215102974828374,0.8146453089244852,0.1853546910755149,0.30663615560640733,0,0.562929061784897,437
5bf87d92442082440339d43d7996e983,1145,2025-11-25,Mand,utm_campaign=Marts25&utm_content=B&utm_medium=content&utm_source=jp.dk,1,1,7,6,1,2025-03-04,2025-05-03,2,2,Tid,Ikke tid,2025-12-03,0,1,0,56,6+ måneder,Power-brugeren (Mest mobil),555,0.31486486486486487,0.6972972972972973,0.3027027027027027,0.3099099099099099,0,0.8756756756756757,555
5c270fa319642d25ce2f6304b565c516,337,2025-05-18,Mand,utm_campaign=Marts25&utm_content=A&utm_medium=content&utm_source=jp.dk,0,0,1,1,0,2025-03-16,2025-05-15,0,0,Tid,Ikke tid,2025-11-15,0,1,0,51,6+ måneder,Mobil-nykommeren,194,0.20747422680412372,1,0,0.3556701030927835,0,0.5463917525773195,194
5c4108310779fca4aaae73453c2228b3,372,3000-01-01,Mand,utm_campaign=Marts25&utm_content=sc_a&utm_medium=mail&utm_source=mail,1,1,0,0,0,2025-03-21,2025-05-20,0,0,Ingen afmelding,Ingen afmelding,3000-01-01,0,1,0,82,6+ måneder,Spøgelses-brugeren (Lav aktivitet),0,0,0,0,0,0,0,0
5c9960179eb77654c0eb0c510067473f,334,2025-10-09,Mand,utm_campaign=Basis_22&utm_content=HeaderButtonRaised&utm_medium=Matrice&utm_source=jp.dk,0,0,1,1,0,2025-03-09,2025-05-08,0,0,Økonomi,Pris,2025-11-08,0,1,0,62,6+ måneder,Power-brugeren (Mest mobil),399,0.20300751879699247,0.5388471177944862,0.46115288220551376,0.24561403508771928,0,0.9824561403508771,399
5cb4f8c2df453d9310e8c8c833143e08,374,3000-01-01,Mand,utm_campaign=Marts25&utm_content=A&utm_medium=content&utm_source=jp.dk,0,0,0,0,0,2025-03-19,2025-05-18,0,0,Ingen afmelding,Ingen afmelding,3000-01-01,0,1,0,46,0-7 dage,Power-brugeren (Mest mobil),468,0.2670940170940171,1,0,0.2841880341880342,0,0.5470085470085471,468
5cefcaad01e8ec72faac4537f2ea715b,755,2025-03-24,Mand,utm_campaign=Marts25&utm_content=B&utm_medium=content&utm_source=jp.dk,0,1,7,4,0,2025-03-24,2025-05-23,0,0,Andet,kunden ønsker ikke at oplyse,2025-05-23,1,0,0,55,6+ måneder,Power-brugeren (Mest mobil),377,0.3978779840848806,0.5543766578249337,0.1246684350132626,0.38992042440318303,0.1830238726790451,0.596816976127321,376
5d8c2dd5de0cde2dfbbb25e775ff42af,1897,3000-01-01,Mand,utm_campaign=Marts25&utm_content=a&utm_medium=mail&utm_source=mail,0,1,3,0,1,2025-03-05,2025-05-04,0,0,Ingen afmelding,Ingen afmelding,3000-01-01,0,1,0,77,6+ måneder,Mobil-nykommeren,80,0.640625,1,0,0.4625,0,0.775,80
5d956c7a507738d0ada8a99bc79c2d0c,2847,3000-01-01,Mand,utm_campaign=Marts25&utm_content=B&utm_medium=content&utm_source=jp.dk,0,1,2,0,0,2025-03-16,2025-05-15,4,4,Ingen afmelding,Ingen afmelding,3000-01-01,0,1,0,63,6+ måneder,Veteranen (Høj historik),222,0.5315315315315315,1,0,0.43243243243243246,0,0.9099099099099099,221
5daa2e5e9f52ac6ee7ef98806e2b42ad,371,3000-01-01,Kvinde,utm_campaign=Marts25&utm_content=A&utm_medium=content&utm_source=jp.dk,1,1,0,0,0,2025-03-22,2025-05-21,3,3,Ingen afmelding,Ingen afmelding,3000-01-01,0,1,0,69,6+ måneder,Mobil-nykommeren,179,0.44553072625698326,0,0,0.37988826815642457,0.0223463687150838,0.770949720670391,179
5dda4e685600b3ae7b09836aca37d057,61,2025-04-08,Kvinde,utm_campaign=Marts25&utm_content=A&utm_medium=content&utm_source=jp.dk,0,0,0,0,0,2025-03-22,2025-05-21,0,0,Tid,Ikke tid,2025-05-21,1,0,0,44,6+ måneder,Mobil-nykommeren,61,0.3483606557377049,1,0,0.19672131147540983,0,0.7049180327868853,61
5e0a5a0d407f199fbd20566d5903ac71,61,2025-04-02,Mand,utm_campaign=Marts25&utm_content=A&utm_medium=content&utm_source=jp.dk,0,0,0,0,0,2025-03-10,2025-05-09,0,0,Andet,kunden ønsker ikke at oplyse,2025-05-09,1,0,0,47,6+ måneder,Mobil-nykommeren,77,0.21103896103896103,1,0,0.15584415584415584,0.025974025974025976,0.4805194805194805,77
5e1dfaa0caef15d65ba3c4077ad5af88,479,3000-01-01,Mand,utm_campaign=Marts25&utm_content=b&utm_medium=mail&utm_source=mail,1,1,4,2,3,2025-03-05,2025-05-04,0,0,Ingen afmelding,Ingen afmelding,3000-01-01,0,1,0,76,6+ måneder,Mobil-nykommeren,208,0.484375,0.7355769230769231,0.2644230769230769,0.34134615384615385,0.057692307692307696,0.6298076923076923,208
5e3435da502300921632fa4d47c44202,245,2025-11-10,Kvinde,utm_campaign=Marts25&utm_content=A&utm_medium=content&utm_source=jp.dk,0,0,0,0,0,2025-03-11,2025-05-10,0,0,Tid,Ikke tid,2025-11-10,0,1,0,70,0-7 dage,Mobil-nykommeren,278,0.30305755395683454,0.935251798561151,0.06474820143884892,0.302158273381295,0,0.7805755395683454,278
5e8af72025c9d68c8ca63ce6c5ae208c,896,2025-07-31,Mand,utm_campaign=Marts25&utm_content=B&utm_medium=content&utm_source=jp.dk,0,1,4,3,2,2025-03-03,2025-05-02,1,1,Produkt,Redaktionelt indhold / holdning,2025-08-02,0,1,0,61,6+ måneder,Desktop-traditionalisten,93,0.4112903225806452,0,1,0.3118279569892473,0.010752688172043012,0.6559139784946236,93
5ea4810c62cf7dbc3a3248e7387fe84b,375,3000-01-01,Mand,utm_campaign=6633873029252&utm_content=6633873029452&utm_medium=paid&utm_source=fb_paid&utm_term=hommelhoff_reel,1,1,0,0,0,2025-03-18,2025-05-17,0,0,Ingen afmelding,Ingen afmelding,3000-01-01,0,1,0,60,6+ måneder,Desktop-traditionalisten,40,0.375,0,0.425,0.3,0.025,0.775,40
5eb134a15957b96a04fdaa64d3990e0e,871,2025-05-04,Mand,utm_campaign=Marts25&utm_content=B&utm_medium=content&utm_source=jp.dk,0,1,8,6,1,2025-03-10,2025-05-09,0,0,Økonomi,Pris,2025-05-09,1,0,0,81,6+ måneder,Power-brugeren (Mest mobil),602,0.3704318936877076,0,1,0.2840531561461794,0,0.4950166112956811,602
5ec9609c523d672d8c7b3cfc38b5cf8f,644,2025-05-31,Kvinde,utm_campaign=Marts25&utm_content=sc_b&utm_medium=mail&utm_source=mail,1,1,14,3,11,2025-03-21,2025-05-20,0,0,Andet,kunden ønsker ikke at oplyse,2025-06-20,0,1,1,53,6+ måneder,Veteranen (Høj historik),23,0.6847826086956522,1,0,0.5652173913043478,0,0.21739130434782608,23
5f3f0dee1e07a275c13edeab81b5dc24,589,2026-02-10,Mand,utm_campaign=Marts25&utm_content=b&utm_medium=mail&utm_source=mail,0,1,4,3,2,2025-03-07,2025-05-06,0,0,Økonomi,Pris,2026-08-06,0,1,0,71,6+ måneder,Power-brugeren (Mest mobil),510,0.3980392156862745,0.1,0,0.3058823529411765,0.00196078431372549,0.615686274509804,510
5f836a331a4fc102ed77a36472629aff,245,2025-10-23,Mand,utm_campaign=Marts25&utm_content=A&utm_medium=content&utm_source=jp.dk,0,0,0,0,0,2025-03-17,2025-05-16,0,0,Produkt,Redaktionelt indhold / holdning,2025-11-16,0,1,0,43,6+ måneder,Mobil-nykommeren,16,0.28125,1,0,0.125,0,0.8125,16
5f9c3f215ecb6d25befc985b9c24beb3,700,2025-03-12,Mand,utm_campaign=Basis_22&utm_content=HeaderButtonRaised&utm_medium=Matrice&utm_source=jp.dk,0,1,4,4,0,2025-03-10,2025-05-09,0,0,Økonomi,Pris,2025-05-09,1,0,0,52,6+ måneder,Power-brugeren (Mest mobil),322,0.2080745341614907,1,0,0.18322981366459629,0,0.36024844720496896,322
5fc6f61f405434f7c0044892d2bc8578,245,2025-10-30,Mand,utm_campaign=Marts25&utm_content=A&utm_medium=content&utm_source=jp.dk,1,1,0,0,0,2025-03-18,2025-05-17,0,0,Tid,Ikke tid,2025-11-17,0,1,0,56,6+ måneder,Desktop-traditionalisten,17,0.5,0.11764705882352941,0.8823529411764706,0.4117647058823529,0.058823529411764705,0.6470588235294118,17
6018d711be0ab2c0b733e52453da95a3,123,2025-07-14,Kvinde,utm_campaign=Marts25&utm_content=A&utm_medium=content&utm_source=jp.dk,1,0,0,0,0,2025-03-13,2025-05-12,0,0,Andet,Ingen årsag – ingen tlf kontakt,2025-07-14,0,1,1,75,6+ måneder,Mobil-nykommeren,5,0.45,1,0,0.8,0,0.6,5
607f4019185a2666418cd2bfd51ddb77,327,2025-06-06,Mand,utm_campaign=Marts25&utm_content=A&utm_medium=content&utm_source=jp.dk,1,1,0,0,0,2025-03-14,2025-05-13,1,1,Tid,Ikke tid,2025-06-13,0,1,1,65,6+ måneder,Desktop-traditionalisten,280,0.38125,0.175,0.825,0.2571428571428571,0.075,0.5785714285714286,280
6091f63e9313dc3e4146be31e293f445,275,2025-12-02,Mand,utm_campaign=Marts25&utm_content=A&utm_medium=content&utm_source=jp.dk,0,0,0,0,0,2025-03-12,2025-05-11,3,3,Andet,kunden ønsker ikke at oplyse,2025-12-11,0,1,0,84,6+ måneder,Desktop-traditionalisten,47,0.7021276595744681,0.14893617021276595,0.8085106382978723,0.48936170212765956,0,0.3404255319148936,47
60a0d1887cd106e7464a10a381ec3253,61,2025-04-22,Kvinde,utm_campaign=Basis_22&utm_content=Footer&utm_medium=Matrice&utm_source=jp.dk,0,0,0,0,0,2025-03-04,2025-05-03,0,0,Andet,kunden ønsker ikke at oplyse,2025-05-03,1,0,0,74,0-7 dage,Desktop-traditionalisten,447,0.30257270693512306,0.0022371364653243847,0.9798657718120806,0.2371364653243848,0,0.40492170022371365,447
6131759dabf5ee546602447d5770a54f,258,2025-03-05,Kvinde,utm_campaign=Basis_22&utm_content=HeaderButtonRaised&utm_medium=Matrice&utm_source=jp.dk,1,1,0,0,0,2025-03-05,2025-05-04,0,0,Produkt,Redaktionelt indhold / holdning,2025-05-04,1,0,0,53,0-7 dage,Desktop-traditionalisten,361,0.27977839335180055,0.013850415512465374,0.9861495844875346,0.296398891966759,0.00554016620498615,0.5235457063711911,361
61423e0d9a8a1b3b06f4e29a0515c61b,61,2025-05-01,Kvinde,utm_campaign=Basis_22&utm_content=HeaderButtonRaised&utm_medium=Matrice&utm_source=jp.dk,0,0,0,0,0,2025-03-03,2025-05-02,0,0,Andet,Ingen årsag – ingen tlf kontakt,2025-05-02,1,0,0,73,6+ måneder,Mobil-nykommeren,3,0.3333333333333333,1,0,0,0,1,3
61578793cf57b4e94b2a2bc108ad67f3,275,2025-12-10,Kvinde,utm_campaign=Marts25&utm_content=A&utm_medium=content&utm_source=jp.dk,0,0,0,0,0,2025-03-14,2025-05-13,0,0,Tid,Ikke tid,2025-12-13,0,1,0,55,0-7 dage,Mobil-nykommeren,3,0.8333333333333334,1,0,0.3333333333333333,0,0,3
617cf8c6d46a29f75c51b93c0fc42ef6,1877,2026-03-22,Ikke oplyst,utm_campaign=Basis_22&utm_content=HeaderButtonRaised&utm_medium=Matrice&utm_source=jp.dk,1,1,2,0,0,2025-03-16,2025-05-15,0,0,Ingen afmelding,Ingen afmelding,3000-01-01,0,1,0,80,6+ måneder,Desktop-traditionalisten,174,0.4238505747126437,0,1,0.40229885057471265,0,0.5862068965517241,174
61a8d7545abeeae31cca4d7ea8adfbd5,215,2025-03-27,Mand,utm_campaign=Marts25&utm_content=B&utm_medium=content&utm_source=jp.dk,0,0,1,1,0,2025-03-17,2025-05-16,0,0,Andet,kunden ønsker ikke at oplyse,2025-05-16,1,0,0,73,6+ måneder,Power-brugeren (Mest mobil),605,0.2359504132231405,0.6512396694214876,0.3487603305785124,0.24297520661157024,0,0.4479338842975207,605
61e16705d87a29017b7e46136c9e5756,316,2025-05-22,Kvinde,utm_campaign=Basis_22&utm_content=HeaderButtonRaised&utm_medium=Matrice&utm_source=jp.dk,0,1,0,0,0,2025-03-14,2025-05-13,0,0,Andet,kunden ønsker ikke at oplyse,2025-06-13,0,1,1,59,6+ måneder,Mobil-nykommeren,13,0.25,1,0,0.38461538461538464,0,0.46153846153846156,13
62883bbbeff3352d2f591e24ca154bed,1379,2025-03-13,Kvinde,utm_campaign=Marts25&utm_content=b&utm_medium=mail&utm_source=mail,1,0,16,8,6,2025-03-10,2025-05-09,0,0,Andet,kunden ønsker ikke at oplyse,2025-05-09,1,0,0,58,6+ måneder,Veteranen (Høj historik),72,0.4583333333333333,0.125,0.875,0.4166666666666667,0,0.625,72
62891d0bcc22360e6d25694b45cd0920,186,2025-04-29,Mand,utm_campaign=Marts25&utm_content=A&utm_medium=content&utm_source=jp.dk,0,0,0,0,0,2025-03-15,2025-05-14,0,0,Tid,Ikke tid,2025-05-14,1,0,0,62,6+ måneder,Power-brugeren (Mest mobil),735,0.2445578231292517,0.9292517006802721,0.0707482993197279,0.2870748299319728,0,0.5523809523809524,735
62903f01a8b4d36801a30d3e3a61c26c,427,2025-06-27,Mand,utm_campaign=Marts25&utm_medium=Weblayer&utm_source=jp.dk,0,0,2,2,0,2025-03-21,2025-05-20,0,0,Andet,kunden ønsker ikke at oplyse,2025-07-20,0,1,1,57,6+ måneder,Mobil-nykommeren,143,0.548951048951049,0.8391608391608392,0.16083916083916083,0.4195804195804196,0.013986013986013986,0.6923076923076923,143
62a132e8a5279a11a7f4c84a775369c4,111,2025-07-07,Mand,utm_campaign=Basis_22&utm_content=HeaderButtonRaised&utm_medium=Matrice&utm_source=jp.dk,0,0,0,0,0,2025-03-19,2025-05-18,0,0,Andet,RVS,2025-07-18,0,1,1,36,0-7 dage,Mobil-nykommeren,4,0.5,1,0,0.5,0.25,0,4
62d6f6fbb6b7aed51301d5204f735ac3,75,2025-04-19,Kvinde,utm_campaign=Marts25&utm_content=a&utm_medium=mail&utm_source=mail,0,1,0,0,0,2025-03-05,2025-05-04,0,0,Tid,Ikke tid,2025-05-04,1,0,0,68,1-6 måneder,Desktop-traditionalisten,137,0.34124087591240876,0,0.9927007299270073,0.2773722627737226,0.0072992700729927005,0.44525547445255476,137
63129f2085412836335e4d26ddaa6ef5,697,2025-06-23,Mand,utm_campaign=Marts25&utm_content=b&utm_medium=mail&utm_source=mail,1,1,6,4,3,2025-03-05,2025-05-04,0,0,Andet,Ingen årsag – ingen tlf kontakt,2025-07-04,0,1,1,73,6+ måneder,Desktop-traditionalisten,322,0.327639751552795,0,0.9906832298136646,0.2981366459627329,0,0.5,322
6323ed1aa67dc767d55d97846a20a59c,389,2025-09-17,Mand,utm_campaign=Marts25&utm_content=A&utm_medium=content&utm_source=jp.dk,1,1,0,0,0,2025-03-04,2025-05-03,0,0,Andet,Administrativt,2025-09-19,0,1,0,72,0-7 dage,Desktop-traditionalisten,395,0.49873417721518987,0,1,0.41012658227848103,0.21012658227848102,0.7721518987341772,395
6327de327a3d8f57a37c7462da321d07,61,2025-03-22,Mand,utm_campaign=Basis_22&utm_content=HeaderButtonRaised&utm_medium=Matrice&utm_source=jp.dk,0,0,0,0,0,2025-03-11,2025-05-10,0,0,Produkt,Redaktionelt indhold / holdning,2025-05-10,1,0,0,21,0-7 dage,Desktop-traditionalisten,8,0.21875,0.125,0.875,0.25,0.125,0.25,8
6329358de53bfa9dbc7d0f9fa5507d3f,456,2025-05-15,Kvinde,utm_campaign=Marts25&utm_content=sc_b&utm_medium=mail&utm_source=mail,0,1,1,1,0,2025-03-21,2025-05-20,0,0,Tid,Ikke tid,2025-05-20,1,0,0,70,6+ måneder,Mobil-nykommeren,19,0.9210526315789473,1,0,0.47368421052631576,0,0.05263157894736842,19
636b7d1b6d112fae9a3d0ef792410d65,79,2025-06-04,Mand,utm_campaign=Marts25&utm_content=A&utm_medium=content&utm_source=jp.dk,0,0,0,0,0,2025-03-17,2025-05-16,0,0,Andet,Ingen årsag – ingen tlf kontakt,2025-06-03,0,1,1,36,6+ måneder,Desktop-traditionalisten,2,0.5,0,1,0.5,0.5,0,2
63897b31c21845c2831f2e3500dd0275,92,2025-03-07,Kvinde,utm_campaign=Marts25&utm_content=b&utm_medium=mail&utm_source=mail,0,0,1,1,0,2025-03-05,2025-05-04,0,0,Økonomi,Pris,2025-05-04,1,0,0,65,6+ måneder,Mobil-nykommeren,9,0.5,1,0,0.4444444444444444,0,0.6666666666666666,9
6419c6782d3fc968cf4d6be103be44e4,931,2025-04-02,Mand,utm_campaign=Marts25&utm_content=a&utm_medium=mail&utm_source=mail,1,1,11,7,2,2025-03-05,2025-05-04,0,0,Produkt,Redaktionelt indhold / holdning,2025-05-04,1,0,0,52,6+ måneder,Power-brugeren (Mest mobil),1076,0.27555762081784385,1,0,0.21654275092936803,0,0.3903345724907063,1076
647b9a8e69e1823003b5351fa6ce97a8,61,2025-03-23,Mand,utm_campaign=Marts25&utm_medium=Weblayer&utm_source=jp.dk,0,0,0,0,0,2025-03-22,2025-05-21,0,0,Andet,kunden ønsker ikke at oplyse,2025-05-21,1,0,0,27,0-7 dage,Mobil-nykommeren,11,0.5,1,0,0.2727272727272727,0,0.2727272727272727,11
64be7e486e1a7a9c0654c3ae81310447,312,2025-05-16,Mand,utm_campaign=Marts25&utm_content=sc_b&utm_medium=mail&utm_source=mail,1,1,2,1,1,2025-03-22,2025-05-21,0,0,Andet,kunden ønsker ikke at oplyse,2025-05-21,1,0,0,69,6+ måneder,Power-brugeren (Mest mobil),341,0.3980938416422287,0.8826979472140762,0.11730205278592376,0.3313782991202346,0.011730205278592375,0.7888563049853372,340
64e1ab7fa2a5fd929c6caccc5e309204,1669,3000-01-01,Mand,utm_campaign=Marts25&utm_content=b&utm_medium=mail&utm_source=mail,0,1,4,3,0,2025-03-05,2025-05-04,0,0,Ingen afmelding,Ingen afmelding,3000-01-01,0,1,0,70,6+ måneder,Desktop-traditionalisten,205,0.25121951219512195,0,1,0.18048780487804877,0,0.3073170731707317,205
64f71bebfa046a629b48594e23e6df3a,275,2025-11-13,Kvinde,utm_campaign=Marts25&utm_content=B&utm_medium=content&utm_source=jp.dk,0,0,0,0,0,2025-03-07,2025-05-06,0,0,Andet,kunden ønsker ikke at oplyse,2025-12-06,0,1,0,66,0-7 dage,Desktop-traditionalisten,63,0.36904761904761907,0.1746031746031746,0.8253968253968254,0.31746031746031744,0.14285714285714285,0.5555555555555556,63
651effcfa8f870250cb49c68e9507e90,61,2025-03-23,Mand,utm_campaign=Marts25&utm_content=A&utm_medium=content&utm_source=jp.dk,0,0,0,0,0,2025-03-23,2025-05-22,0,0,Produkt,Redaktionelt indhold / holdning,2025-05-22,1,0,0,69,6+ måneder,Desktop-traditionalisten,64,0.51953125,0,1,0.28125,0,0.625,64
6567c1ca05dde94aa6bb51004cdee9e3,432,2026-02-10,Mand,utm_campaign=Marts25&utm_content=A&utm_medium=content&utm_source=jp.dk,0,1,2,0,1,2025-03-10,2025-05-09,0,0,Økonomi,Pris,2026-03-09,0,1,0,55,6+ måneder,Mobil-nykommeren,331,0.37084592145015105,1,0,0.2688821752265861,0,0.6435045317220544,327
65f384db2f6edd9e5206321ecfbcee33,1205,2025-05-16,Mand,utm_campaign=Marts25&utm_content=sc_a&utm_medium=mail&utm_source=mail,0,1,7,5,2,2025-03-21,2025-05-20,0,0,Andet,Ingen årsag – ingen tlf kontakt,2025-05-20,1,0,0,80,6+ måneder,Power-brugeren (Mest mobil),827,0.2617896009673519,0,1,0.22853688029020555,0,0.4026602176541717,826
660fab39539b87b268e59b0d5cc6be74,80,2025-05-28,Kvinde,utm_campaign=Marts25&utm_content=A&utm_medium=content&utm_source=jp.dk,0,0,0,0,0,2025-03-10,2025-05-09,0,0,Produkt,Redaktionelt indhold / holdning,2025-06-09,0,1,1,25,6+ måneder,Desktop-traditionalisten,5,0.6,0,1,0.2,0.4,0.4,5
66104ab0613a2f9088b1df33c38dbc59,61,2025-05-10,Kvinde,utm_campaign=Basis_22&utm_content=HeaderButtonRaised&utm_medium=Matrice&utm_source=jp.dk,0,0,0,0,0,2025-03-16,2025-05-15,0,0,Produkt,Redaktionelt indhold / holdning,2025-05-15,1,0,0,32,0-7 dage,Mobil-nykommeren,6,0.16666666666666666,1,0,0,0,0.8333333333333334,6
6638cfc4c174f5324e03b5c5c1840978,389,3000-01-01,Kvinde,utm_campaign=Marts25&utm_content=A&utm_medium=content&utm_source=jp.dk,0,0,0,0,0,2025-03-04,2025-05-03,0,0,Ingen afmelding,Ingen afmelding,3000-01-01,0,1,0,40,0-7 dage,Desktop-traditionalisten,26,0.6057692307692307,0.15384615384615385,0.8461538461538461,0.5769230769230769,0,0.6538461538461539,26
669659f0772f96da0bac4f84b1ff696d,1830,2025-12-10,Mand,utm_campaign=Marts25&utm_content=a&utm_medium=mail&utm_source=mail,1,1,3,1,2,2025-03-05,2025-05-04,0,0,Tid,Ikke tid,2026-01-04,0,1,0,70,6+ måneder,Desktop-traditionalisten,141,0.4627659574468085,0,1,0.2978723404255319,0,0.5177304964539007,141
66c688595e2ec62dcbd9fe7d840d3ce1,186,2025-09-24,Mand,utm_campaign=Marts25&utm_content=B&utm_medium=content&utm_source=jp.dk,1,1,0,0,0,2025-03-22,2025-05-21,0,0,Andet,RVS,2025-09-23,0,1,0,59,0-7 dage,Desktop-traditionalisten,26,0.2692307692307692,0.038461538461538464,0.9615384615384616,0.19230769230769232,0,0.8846153846153846,26
66d4f8e7ac877ab6233e38f78f216e79,371,3000-01-01,Mand,utm_campaign=Marts25&utm_content=A&utm_medium=content&utm_source=jp.dk,0,1,0,0,0,2025-03-22,2025-05-21,0,0,Ingen afmelding,Ingen afmelding,3000-01-01,0,1,0,46,6+ måneder,Mobil-nykommeren,338,0.21079881656804733,1,0,0.23372781065088757,0.0029585798816568047,0.41124260355029585,338
66e531018b3b999d38f0894511a6a6e0,122,2025-06-26,Kvinde,utm_campaign=Marts25&utm_medium=Weblayer&utm_source=jp.dk,0,0,0,0,0,2025-03-19,2025-05-18,0,0,Tid,Ikke tid,2025-07-18,0,1,1,39,6+ måneder,Desktop-traditionalisten,24,0.19791666666666666,0.375,0.625,0.125,0.08333333333333333,0.5416666666666666,24
66f57e32e0c74a2c96496546c59b27d6,82,2025-05-19,Ikke oplyst,utm_campaign=Marts25&utm_content=B&utm_medium=content&utm_source=jp.dk,0,0,1,0,1,2025-03-22,2025-05-21,0,0,Andet,Ingen årsag – ingen tlf kontakt,2025-05-21,1,0,0,53,6+ måneder,Mobil-nykommeren,254,0.21358267716535434,1,0,0.22440944881889763,0,0.4448818897637795,254
672c3edfb76ea64fa63a475a6f3f835d,153,2025-07-31,Kvinde,utm_campaign=Marts25&utm_content=A&utm_medium=content&utm_source=jp.dk,1,1,0,0,0,2025-03-20,2025-05-19,0,0,Tid,Ikke tid,2025-08-19,0,1,0,67,0-7 dage,Mobil-nykommeren,12,0.5625,1,0,0.5,0,0.16666666666666666,12
673614cb7aa6ff9045d6a6da7911a1eb,619,2025-05-27,Mand,utm_campaign=Marts25&utm_medium=Matrice&utm_source=jp.dk,0,1,3,2,0,2025-03-09,2025-05-08,0,0,Andet,Ingen årsag – ingen tlf kontakt,2025-05-26,0,1,1,61,6+ måneder,Mobil-nykommeren,7,0.32142857142857145,1,0,0.14285714285714285,0,0.7142857142857143,7
6739966e381899913b6e47129d7677b9,489,2026-01-26,Mand,utm_campaign=Marts25&utm_content=A&utm_medium=content&utm_source=jp.dk,0,1,2,1,0,2025-03-24,2025-05-23,5,5,Tid,Ikke tid,2026-02-23,0,1,0,60,6+ måneder,Desktop-traditionalisten,34,0.35294117647058826,0.23529411764705882,0.7647058823529411,0.3235294117647059,0,0.35294117647058826,34
677850815754ae05e51e9d6d395d574f,396,2025-03-11,Mand,utm_campaign=Marts25&utm_content=A&utm_medium=content&utm_source=jp.dk,0,0,1,1,0,2025-03-11,2025-05-10,0,0,Salg,Tidsbestemt / kampagneløb,2025-05-10,1,0,0,50,6+ måneder,Power-brugeren (Mest mobil),503,0.21769383697813122,0.7673956262425448,0.23260437375745527,0.2584493041749503,0.0437375745526839,0.4572564612326044,503
679422c87961c3b866fc52150781731d,68,2025-04-10,Kvinde,utm_campaign=Basis_22&utm_content=MegaMenu&utm_medium=Matrice&utm_source=jp.dk,0,0,1,0,1,2025-03-10,2025-05-09,0,0,Økonomi,Pris,2025-05-09,1,0,0,64,6+ måneder,Mobil-nykommeren,179,0.16899441340782123,1,0,0.2681564245810056,0,0.4134078212290503,179
67d63442a6872a7d0c8c9c556222efb3,225,2025-05-19,Kvinde,utm_campaign=Marts25&utm_content=sc_b&utm_medium=mail&utm_source=mail,1,1,0,0,0,2025-03-21,2025-05-20,0,1,Økonomi,Pris,2025-05-20,1,0,0,76,6+ måneder,Power-brugeren (Mest mobil),651,0.2672811059907834,0.019969278033794162,0.9216589861751152,0.2980030721966206,0.015360983102918587,0.43164362519201227,651
67dfa9590d274a17c6ebf25307c19b82,552,3000-01-01,Mand,utm_campaign=Marts25&utm_content=A&utm_medium=content&utm_source=jp.dk,1,0,3,1,2,2025-03-23,2025-05-22,0,0,Ingen afmelding,Ingen afmelding,3000-01-01,0,1,0,73,6+ måneder,Power-brugeren (Mest mobil),465,0.289247311827957,0.5956989247311828,0.4043010752688172,0.30752688172043013,0.2752688172043011,0.5376344086021505,465
6833133564d3b9731d3707a284d1a707,376,3000-01-01,Mand,utm_campaign=Marts25&utm_content=A&utm_medium=content&utm_source=jp.dk,0,0,0,0,0,2025-03-17,2025-05-16,0,0,Ingen afmelding,Ingen afmelding,3000-01-01,0,1,0,47,6+ måneder,Mobil-nykommeren,150,0.23166666666666666,1,0,0.2733333333333333,0.11333333333333333,0.68,150
683f34302ed1e312582a6257135ad7ac,1404,2026-02-17,Mand,utm_campaign=Marts25&utm_content=B&utm_medium=content&utm_source=jp.dk,1,1,8,5,0,2025-03-16,2025-05-15,0,0,Tid,Ikke tid,2026-03-15,0,1,0,70,6+ måneder,Power-brugeren (Mest mobil),648,0.2847222222222222,0,1,0.22993827160493827,0,0.4537037037037037,648
684b5219a1598b2bcd23193ff6b2e366,1290,3000-01-01,Kvinde,utm_campaign=Marts25&utm_content=a&utm_medium=mail&utm_source=mail,1,1,5,1,0,2025-03-05,2025-05-04,14,14,Ingen afmelding,Ingen afmelding,3000-01-01,0,1,0,78,6+ måneder,Veteranen (Høj historik),28,0.15178571428571427,1,0,0.6071428571428571,0,0,28
68732262f5ce69c23aeaa985fd1ca61b,212,2025-05-28,Kvinde,utm_campaign=Marts25&utm_content=b&utm_medium=mail&utm_source=mail,0,1,2,2,2,2025-03-14,2025-05-13,0,0,Andet,kunden ønsker ikke at oplyse,2025-06-13,0,1,1,59,6+ måneder,Desktop-traditionalisten,111,0.545045045045045,0,1,0.4594594594594595,0.009009009009009009,0.7927927927927928,111
68818956d457acc9f70ebf681b0e4893,2593,3000-01-01,Mand,utm_campaign=Basis_22&utm_content=HeaderButtonRaised&utm_medium=Matrice&utm_source=jp.dk,1,1,4,2,0,2025-03-14,2025-05-13,2,2,Ingen afmelding,Ingen afmelding,3000-01-01,0,1,0,69,6+ måneder,Power-brugeren (Mest mobil),540,0.2800925925925926,0,1,0.21851851851851853,0,0.4111111111111111,540
68cc004add6d16311514269355dfd910,61,2025-03-12,Mand,utm_campaign=Marts25&utm_content=B&utm_medium=content&utm_source=jp.dk,0,0,0,0,0,2025-03-11,2025-05-10,0,0,Tid,Ikke tid,2025-05-10,1,0,0,37,0-7 dage,Desktop-traditionalisten,12,0.20833333333333334,0.16666666666666666,0.8333333333333334,0.4166666666666667,0,0.4166666666666667,12
68f122f11bd427db445b55d31d330b93,965,2025-07-08,Mand,utm_campaign=Marts25&utm_content=sc_a&utm_medium=mail&utm_source=mail,0,1,9,6,3,2025-03-23,2025-05-23,0,0,Andet,kunden ønsker ikke at oplyse,2025-07-31,0,1,1,51,6+ måneder,Power-brugeren (Mest mobil),131,0.3301526717557252,0.9770992366412213,0.022900763358778626,0.3282442748091603,0,0.5419847328244275,131
691567ac886fbcb6838d049bd8dfeb25,952,3000-01-01,Mand,utm_campaign=Marts25&utm_content=A&utm_medium=content&utm_source=jp.dk,0,0,4,2,2,2025-03-04,2025-05-03,8,8,Ingen afmelding,Ingen afmelding,3000-01-01,0,1,0,80,6+ måneder,Veteranen (Høj historik),256,0.1806640625,0,1,0.28125,0,0.79296875,256
693f1f1a7599754a15cb76e9cc6f151f,1891,3000-01-01,Mand,utm_campaign=Marts25&utm_content=B&utm_medium=content&utm_source=jp.dk,0,1,5,2,1,2025-03-11,2025-05-10,4,4,Ingen afmelding,Ingen afmelding,3000-01-01,0,1,0,76,6+ måneder,Veteranen (Høj historik),466,0.3342274678111588,0.23819742489270387,0.7618025751072961,0.2703862660944206,0.004291845493562232,0.6030042918454935,466
69bd53d9aabb419a60a4d017008fa7f4,372,2025-03-06,Mand,utm_campaign=Marts25&utm_content=b&utm_medium=mail&utm_source=mail,0,0,1,1,1,2025-03-05,2025-05-04,1,1,Andet,kunden ønsker ikke at oplyse,2025-05-04,1,0,0,69,6+ måneder,Power-brugeren (Mest mobil),629,0.20508744038155802,0,1,0.17965023847376788,0.27980922098569155,0.5723370429252782,629
6ac41ca81c8a5b763cfdc15ca1db45ab,1538,2025-03-15,Kvinde,utm_campaign=Marts25&utm_content=A&utm_medium=content&utm_source=jp.dk,0,0,5,2,0,2025-03-12,2025-05-11,5,5,Andet,kunden ønsker ikke at oplyse,2025-05-11,1,0,0,52,6+ måneder,Veteranen (Høj historik),89,0.31179775280898875,0,1,0.2696629213483146,0,0.9887640449438202,89
6b127ea1d52e08eaeb4a25097d1c35b7,152,2025-04-10,Mand,utm_campaign=Basis_22&utm_content=HeaderButtonRaised&utm_medium=Matrice&utm_source=jp.dk,0,1,4,3,3,2025-03-12,2025-05-11,0,0,Andet,kunden ønsker ikke at oplyse,2025-05-11,1,0,0,70,6+ måneder,Power-brugeren (Mest mobil),489,0.2198364008179959,1,0,0.2474437627811861,0.5623721881390593,0.4335378323108384,486
6b54e0d2134307e087fd1c935f044aa2,1059,3000-01-01,Mand,utm_campaign=Basis_22&utm_content=HeaderButtonRaised&utm_medium=Matrice&utm_source=jp.dk,0,1,5,3,2,2025-03-11,2025-05-10,0,0,Ingen afmelding,Ingen afmelding,3000-01-01,0,1,0,63,6+ måneder,Power-brugeren (Mest mobil),633,0.26145339652448657,0.7377567140600316,0.26224328593996843,0.24644549763033174,0.00315955766192733,0.4107424960505529,633
6b97216a6178c74405357c7296debf76,1121,2025-04-29,Kvinde,utm_campaign=Marts25&utm_content=sc_a&utm_medium=mail&utm_source=mail,0,1,12,6,6,2025-03-22,2025-05-21,0,0,Tid,Ikke tid,2025-05-21,1,0,0,71,6+ måneder,Spøgelses-brugeren (Lav aktivitet),8,0,0,1,0,0,0.25,8
6ba9456f4ffcca24b723d294a3eb77dd,61,2025-04-21,Kvinde,utm_campaign=Marts25&utm_content=A&utm_medium=content&utm_source=jp.dk,0,0,0,0,0,2025-03-09,2025-05-08,0,0,Tid,Ikke tid,2025-05-08,1,0,0,65,6+ måneder,Mobil-nykommeren,2,0.875,1,0,0.5,0,0,2
6badcc2cd2b644e876ce5b50ee71795b,436,2025-04-04,Mand,utm_campaign=Marts25&utm_content=A&utm_medium=content&utm_source=jp.dk,0,0,7,3,4,2025-03-09,2025-05-08,0,0,Produkt,Redaktionelt indhold / holdning,2025-05-08,1,0,0,61,6+ måneder,Power-brugeren (Mest mobil),620,0.19879032258064516,0.5129032258064516,0.4870967741935484,0.18870967741935485,0,0.3338709677419355,619
6bd0f400ff4d5f60356a683f2b2ead41,337,2026-01-12,Mand,utm_campaign=Marts25&utm_content=B&utm_medium=content&utm_source=jp.dk,0,0,0,0,0,2025-03-08,2025-05-07,0,0,Tid,Ikke tid,2026-02-07,0,1,0,61,0-7 dage,Desktop-traditionalisten,211,0.3234597156398104,0,1,0.20853080568720378,0,0.5165876777251185,211
6be1f70d713e332f19221af13f05290a,658,2025-03-23,Mand,utm_campaign=Marts25&utm_medium=Weblayer&utm_source=jp.dk,0,0,7,5,2,2025-03-19,2025-05-18,0,0,Andet,kunden ønsker ikke at oplyse,2025-05-18,1,0,0,57,6+ måneder,Mobil-nykommeren,115,0.3391304347826087,1,0,0.3565217391304348,0,0.5826086956521739,115
6bea216a1e3d25a48f391aff36d22901,799,2025-04-30,Mand,utm_campaign=Marts25&utm_content=B&utm_medium=content&utm_source=jp.dk,1,1,16,4,11,2025-03-10,2025-05-09,0,0,Økonomi,Pris,2025-05-09,1,0,0,69,6+ måneder,Veteranen (Høj historik),182,0.41620879120879123,1,0,0.3131868131868132,0.01098901098901099,0.6593406593406593,182
6c710b9263533c42dfaa2082413210c3,129,2025-06-26,Mand,utm_campaign=Marts25&utm_content=A&utm_medium=content&utm_source=jp.dk,0,0,1,0,1,2025-03-07,2025-05-06,0,0,Tid,Ikke tid,2025-07-06,0,1,1,53,6+ måneder,Mobil-nykommeren,35,0.4,1,0,0.34285714285714286,0,0.7714285714285715,35
6c925b49b5a96735146e5ff5aa0d32ff,350,2025-10-31,Mand,utm_campaign=Marts25&utm_content=b&utm_medium=mail&utm_source=mail,0,1,1,1,0,2025-03-06,2025-05-05,0,0,Økonomi,Pris,2025-11-05,0,1,0,69,6+ måneder,Desktop-traditionalisten,216,0.375,0,1,0.25462962962962965,0,0.42592592592592593,216
6c92627df0684ad210c2d339d1476e25,523,2025-08-15,Mand,utm_campaign=Marts25&utm_content=sc_a&utm_medium=mail&utm_source=mail,0,0,7,5,3,2025-03-21,2025-05-20,0,0,Tid,Ikke tid,2025-08-20,0,1,0,75,6+ måneder,Mobil-nykommeren,2,0,1,0,1,0,0,2
6ca57084366df9159aab1cda13a41114,1171,2025-06-22,Kvinde,utm_campaign=Marts25&utm_medium=topticker&utm_source=jp.dk,0,1,15,9,5,2025-03-11,2025-05-10,0,0,Økonomi,Pris,2025-07-10,0,1,1,57,6+ måneder,Spøgelses-brugeren (Lav aktivitet),0,0,0,0,0,0,0,0
6ceb2f19dc3cff14b56818b7c9058ee0,983,3000-01-01,Mand,utm_campaign=Marts25&utm_content=a&utm_medium=mail&utm_source=mail,0,1,4,2,2,2025-03-05,2025-05-04,0,0,Ingen afmelding,Ingen afmelding,3000-01-01,0,1,0,72,6+ måneder,Power-brugeren (Mest mobil),462,0.5752164502164502,1,0,0.4264069264069264,0.0021645021645021645,0.8311688311688312,462
6cf4559158ca6f6a6ca07cfc319774a3,275,2025-12-01,Mand,utm_campaign=Marts25&utm_medium=Weblayer&utm_source=jp.dk,0,0,0,0,0,2025-03-21,2025-05-20,0,0,Produkt,Redaktionelt indhold / holdning,2025-12-20,0,1,0,62,0-7 dage,Mobil-nykommeren,277,0.34386281588447654,0.6823104693140795,0.3176895306859206,0.24548736462093862,0,0.8700361010830325,277
6d65f77c4bce56087d22a22a734f493c,1045,2026-03-14,Mand,utm_campaign=Marts25&utm_content=b&utm_medium=mail&utm_source=mail,0,1,7,5,1,2025-03-05,2025-05-04,0,0,Økonomi,Pris,2026-01-04,0,1,0,62,6+ måneder,Desktop-traditionalisten,64,0.42578125,0,1,0.390625,0,0.828125,64
6d8714d39b892dfb0983c38baf79e278,61,2025-03-10,Kvinde,utm_campaign=Marts25&utm_content=B&utm_medium=content&utm_source=jp.dk,0,0,0,0,0,2025-03-08,2025-05-07,0,0,Produkt,Redaktionelt indhold / holdning,2025-05-07,1,0,0,37,0-7 dage,Desktop-traditionalisten,18,0.5138888888888888,0,1,0.5,0.2222222222222222,0.05555555555555555,18
6da9c812091932fced96420eab2919f7,275,2025-11-28,Kvinde,utm_campaign=Marts25&utm_content=B&utm_medium=content&utm_source=jp.dk,0,0,0,0,0,2025-03-14,2025-05-13,1,1,Tid,Ikke tid,2025-12-13,0,1,0,45,6+ måneder,Mobil-nykommeren,78,0.358974358974359,0.8333333333333334,0.16666666666666666,0.34615384615384615,0,0.4358974358974359,78
6dadff0c41d7b24501bba233d55bebc5,602,3000-01-01,Kvinde,utm_campaign=Marts25&utm_content=A&utm_medium=content&utm_source=jp.dk,0,1,4,1,2,2025-03-10,2025-05-09,0,0,Ingen afmelding,Ingen afmelding,3000-01-01,0,1,0,47,6+ måneder,Mobil-nykommeren,292,0.3792808219178082,1,0,0.339041095890411,0,0.541095890410959,292
6de367620679c429ff462d9a576b2c18,95,2025-06-24,Kvinde,utm_campaign=Marts25&utm_content=A&utm_medium=content&utm_source=jp.dk,1,1,0,0,0,2025-03-21,2025-05-20,0,0,Andet,RVS,2025-06-23,0,1,1,21,6+ måneder,Desktop-traditionalisten,3,0.3333333333333333,0,1,0.3333333333333333,0,0.6666666666666666,3
6e0aa1e08827251ef1efacbc4b157402,350,2025-07-29,Mand,utm_campaign=Basis_22&utm_content=HeaderButtonRaised&utm_medium=Matrice&utm_source=jp.dk,0,0,1,1,0,2025-03-15,2025-05-14,0,0,Økonomi,Pris,2025-11-14,0,1,0,26,1-6 måneder,Power-brugeren (Mest mobil),414,0.427536231884058,0.8333333333333334,0.16666666666666666,0.3864734299516908,0.004830917874396135,0.7028985507246377,414
6ecb28b84d3a784429d89cdd1bf707e8,321,2025-03-28,Mand,utm_campaign=Marts25&utm_content=b&utm_medium=mail&utm_source=mail,0,1,1,1,0,2025-03-07,2025-05-06,0,0,Tid,Ikke tid,2025-05-06,1,0,0,64,6+ måneder,Desktop-traditionalisten,15,0.31666666666666665,0.13333333333333333,0.8666666666666667,0.2,0.26666666666666666,0.3333333333333333,15
6ece8933e5f45d1de309cedd5af97e5a,122,2025-06-17,Kvinde,utm_campaign=Marts25&utm_content=B&utm_medium=content&utm_source=jp.dk,0,0,0,0,0,2025-03-12,2025-05-11,0,0,Andet,Ingen årsag – ingen tlf kontakt,2025-07-11,0,1,1,67,0-7 dage,Mobil-nykommeren,2,0.5,1,0,0.5,0,0,2
6ee037905fee692858240685220213be,184,2025-08-21,Mand,utm_campaign=Marts25&utm_content=A&utm_medium=content&utm_source=jp.dk,0,0,0,0,0,2025-03-21,2025-05-20,0,0,Produkt,Redaktionelt indhold / holdning,2025-09-20,0,1,0,66,6+ måneder,Desktop-traditionalisten,5,1,0,1,0.6,0.4,0,5
6ef97b05e9a9dd60bdbbd8f31c87c5d1,61,2025-04-22,Kvinde,utm_campaign=Marts25&utm_content=B&utm_medium=content&utm_source=jp.dk,0,0,0,0,0,2025-03-21,2025-05-20,0,0,Tid,Ikke tid,2025-05-20,1,0,0,79,6+ måneder,Spøgelses-brugeren (Lav aktivitet),0,0,0,0,0,0,0,0
6fb1e9004f8d35f50e52770323e9a26b,61,2025-04-15,Kvinde,utm_campaign=Marts25&utm_content=A&utm_medium=content&utm_source=jp.dk,0,0,0,0,0,2025-03-17,2025-05-16,0,0,Tid,Ikke tid,2025-05-16,1,0,0,47,0-7 dage,Spøgelses-brugeren (Lav aktivitet),0,0,0,0,0,0,0,0
6fc98d7428258b1f7e2cbfcf32151197,153,2025-03-11,Kvinde,utm_campaign=Marts25&utm_content=A&utm_medium=content&utm_source=jp.dk,0,0,0,0,0,2025-03-09,2025-05-08,0,0,Produkt,Redaktionelt indhold / holdning,2025-05-08,1,0,0,40,0-7 dage,Spøgelses-brugeren (Lav aktivitet),0,0,0,0,0,0,0,0
7052d949d939fc804724f9706d031f04,617,2025-05-21,Mand,utm_campaign=Marts25&utm_content=sc_b&utm_medium=mail&utm_source=mail,1,1,10,5,5,2025-03-23,2025-05-22,0,0,Tid,Ikke tid,2025-05-22,1,0,0,70,6+ måneder,Power-brugeren (Mest mobil),177,0.2443502824858757,1,0,0.23163841807909605,0,0.4406779661016949,177
7069e5b21f83398d49d36fb52ecc23a7,61,2025-03-07,Mand,utm_campaign=Marts25&utm_content=B&utm_medium=content&utm_source=jp.dk,0,1,0,0,0,2025-03-07,2025-05-06,0,0,Produkt,Redaktionelt indhold / holdning,2025-05-06,1,0,0,52,0-7 dage,Mobil-nykommeren,91,0.37362637362637363,0.9560439560439561,0.04395604395604396,0.4175824175824176,0,0.43956043956043955,91
706e093c596c9b6de385b40a984f12b0,695,2025-04-15,Kvinde,utm_campaign=Marts25&utm_content=b&utm_medium=mail&utm_source=mail,0,1,6,6,3,2025-03-15,2025-05-14,0,0,Andet,Ingen årsag – ingen tlf kontakt,2025-05-14,1,0,0,65,6+ måneder,Spøgelses-brugeren (Lav aktivitet),1,0.75,0,0,0,0,0,1
7072362a6e23fc07df0593b559be9320,383,3000-01-01,Mand,utm_campaign=&utm_content=genbesog_JP_digital&utm_medium=ppc&utm_source=adwords&utm_term=jyllands-posten+abonnementer,0,0,0,0,0,2025-03-10,2025-05-09,0,0,Ingen afmelding,Ingen afmelding,3000-01-01,0,1,0,73,0-7 dage,Power-brugeren (Mest mobil),740,0.30067567567567566,0.6256756756756757,0.37432432432432433,0.23378378378378378,0.15135135135135136,0.6270270270270271,740
7080837382b57577727af45c00841473,61,2025-03-21,Mand,utm_campaign=Basis_22&utm_content=HeaderButtonRaised&utm_medium=Matrice&utm_source=jp.dk,1,0,0,0,0,2025-03-13,2025-05-12,0,2,Andet,Ingen årsag – ingen tlf kontakt,2025-05-12,1,0,0,65,6+ måneder,Desktop-traditionalisten,37,0.5202702702702703,0,1,0.40540540540540543,0,0.4864864864864865,37
70a170d32950120143a1af34636ae8ab,68,2025-03-20,Mand,utm_campaign=Marts25&utm_content=A&utm_medium=content&utm_source=jp.dk,1,1,2,0,2,2025-03-20,2025-05-19,0,0,Produkt,Redaktionelt indhold / holdning,2025-05-19,1,0,0,25,6+ måneder,Desktop-traditionalisten,2,0.5,0,1,1,0,0.5,2
70b4d870d09b91a6d0b8b07af47a65c5,61,2025-03-16,Mand,utm_campaign=Marts25&utm_content=A&utm_medium=content&utm_source=jp.dk,0,0,0,0,0,2025-03-15,2025-05-14,0,0,Produkt,Redaktionelt indhold / holdning,2025-05-14,1,0,0,37,6+ måneder,Mobil-nykommeren,46,0.3695652173913043,0.9782608695652174,0.021739130434782608,0.5217391304347826,0.021739130434782608,0.30434782608695654,45
71696a3681edfedacd613c58d75c99d4,467,3000-01-01,Mand,utm_campaign=Marts25&utm_content=A&utm_medium=content&utm_source=jp.dk,0,0,1,1,0,2025-03-15,2025-05-14,0,0,Ingen afmelding,Ingen afmelding,3000-01-01,0,1,0,61,6+ måneder,Desktop-traditionalisten,255,0.2823529411764706,0.2196078431372549,0.7803921568627451,0.23137254901960785,0,0.5647058823529412,255
717f81079f55e2cd5f9e7585f0cef79e,306,2026-01-23,Kvinde,utm_campaign=Marts25&utm_content=A&utm_medium=content&utm_source=jp.dk,0,0,0,0,0,2025-03-23,2025-05-22,0,0,Tid,Ikke tid,2026-01-22,0,1,0,75,0-7 dage,Desktop-traditionalisten,4,0.5625,0,1,0.75,0,0.25,4
7218582a0f6510270d4b4cb10276f767,122,2025-06-13,Ikke oplyst,utm_campaign=Basis_22&utm_content=HeaderButtonRaised&utm_medium=Matrice&utm_source=jp.dk,1,1,0,0,0,2025-03-08,2025-05-07,0,0,Andet,kunden ønsker ikke at oplyse,2025-07-07,0,1,1,25,0-7 dage,Mobil-nykommeren,281,0.16370106761565836,0.8220640569395018,0.17793594306049823,0.18505338078291814,0.0035587188612099642,0.3914590747330961,281
72260acf5e480340359ff4b64eb87274,61,2025-03-15,Mand,utm_campaign=Marts25&utm_content=A&utm_medium=content&utm_source=jp.dk,0,0,0,0,0,2025-03-08,2025-05-07,0,0,Andet,kunden ønsker ikke at oplyse,2025-05-07,1,0,0,61,0-7 dage,Desktop-traditionalisten,148,0.17567567567567569,0.08108108108108109,0.918918918918919,0.17567567567567569,0,0.4594594594594595,148
723ae23af4965904651d7857ab1c8d37,383,3000-01-01,Kvinde,utm_campaign=Marts25&utm_content=B&utm_medium=content&utm_source=jp.dk,0,1,1,0,1,2025-03-17,2025-05-16,0,0,Ingen afmelding,Ingen afmelding,3000-01-01,0,1,0,69,6+ måneder,Power-brugeren (Mest mobil),1194,0.3234924623115578,0.6415410385259631,0.35845896147403683,0.26800670016750416,0.005025125628140704,0.52428810720268,1193
724d873bcc88934891fbacde5ea83f9d,902,3000-01-01,Mand,utm_campaign=Marts25&utm_content=B&utm_medium=content&utm_source=jp.dk,0,1,8,2,5,2025-03-23,2025-05-22,0,0,Ingen afmelding,Ingen afmelding,3000-01-01,0,1,0,88,6+ måneder,Mobil-nykommeren,2,0.375,1,0,0.5,0,0.5,2
72adc6d24abd2e177f104280a93c8b36,92,2025-05-09,Mand,utm_campaign=Basis_22&utm_content=HeaderButtonRaised&utm_medium=Matrice&utm_source=jp.dk,0,0,0,0,0,2025-03-07,2025-05-06,0,0,Tid,Ikke tid,2025-06-06,0,1,1,56,0-7 dage,Mobil-nykommeren,33,0.22727272727272727,1,0,0.21212121212121213,0,0.7878787878787878,33
72d1e04b4efb1a26e958273f601ecbd6,117,2025-04-05,Kvinde,utm_campaign=Marts25&utm_content=sc_b&utm_medium=mail&utm_source=mail,0,1,3,3,3,2025-03-22,2025-05-21,1,1,Andet,Ingen årsag – ingen tlf kontakt,2025-05-21,1,0,0,79,6+ måneder,Mobil-nykommeren,54,0.25462962962962965,0.9629629629629629,0,0.6851851851851852,0,0.12962962962962962,54
7310d9a89f117d551524d81270cc4cea,208,2025-10-10,Mand,utm_campaign=Marts25&utm_content=A&utm_medium=content&utm_source=jp.dk,0,1,0,0,0,2025-03-23,2025-05-22,0,0,Tid,Ikke tid,2025-10-09,0,1,0,72,0-7 dage,Mobil-nykommeren,267,0.5056179775280899,0.651685393258427,0.34831460674157305,0.3782771535580524,0,0.6853932584269663,267
7372bb3754849f8850ba4fdc28946eea,1383,2025-06-17,Mand,utm_campaign=Marts25&utm_content=sc_a&utm_medium=mail&utm_source=mail,1,1,5,2,2,2025-03-23,2025-05-22,0,0,Produkt,Digital platform,2025-06-17,0,1,1,78,6+ måneder,Spøgelses-brugeren (Lav aktivitet),0,0,0,0,0,0,0,0
73fb96dd564367a986cc5673b33a2bdf,461,2025-05-04,Kvinde,utm_campaign=Basis_22&utm_content=HeaderButtonRaised&utm_medium=Matrice&utm_source=jp.dk,0,1,2,2,0,2025-03-11,2025-05-10,0,0,Tid,Ikke tid,2025-05-10,1,0,0,72,6+ måneder,Desktop-traditionalisten,130,0.4115384615384615,0,1,0.25384615384615383,0,0.5461538461538461,129
73fe5fb3c7941d317c7d1d0af638d6d7,61,2025-03-18,Mand,utm_campaign=Basis_22&utm_content=HeaderButtonRaised&utm_medium=Matrice&utm_source=jp.dk,0,0,0,0,0,2025-03-18,2025-05-17,0,0,Produkt,Redaktionelt indhold / holdning,2025-05-17,1,0,0,64,6+ måneder,Desktop-traditionalisten,331,0.27416918429003023,0.31419939577039274,0.6827794561933535,0.26586102719033233,0.00906344410876133,0.7522658610271903,331
743a9d6d44dfa092081f615773fdfd6b,644,2025-04-30,Mand,utm_campaign=Basis_22&utm_content=HeaderButtonRaised&utm_medium=Matrice&utm_source=jp.dk,0,1,4,4,0,2025-03-11,2025-05-10,0,0,Tid,Ikke tid,2025-05-10,1,0,0,63,6+ måneder,Power-brugeren (Mest mobil),714,0.3084733893557423,0.04201680672268908,0.957983193277311,0.2689075630252101,0,0.5070028011204482,714
745567abda127eceb684117d9622768a,382,3000-01-01,Mand,utm_campaign=Marts25&utm_content=B&utm_medium=content&utm_source=jp.dk,1,0,0,0,0,2025-03-11,2025-05-10,0,0,Ingen afmelding,Ingen afmelding,3000-01-01,0,1,0,61,0-7 dage,Power-brugeren (Mest mobil),542,0.26752767527675275,0.966789667896679,0.033210332103321034,0.3247232472324723,0,0.6143911439114391,542
746c3c7e52c85a005037bead64aa2949,952,2025-05-01,Mand,utm_campaign=Basis_22&utm_content=HeaderButtonRaised&utm_medium=Matrice&utm_source=jp.dk,1,1,26,10,18,2025-03-11,2025-05-10,0,0,Tid,Ikke tid,2025-05-10,1,0,0,79,6+ måneder,Veteranen (Høj historik),5,0.2,0,1,0.4,0,0.6,5
74967f9c539cf87f7da82fcab48780f9,122,2025-06-17,Kvinde,utm_campaign=Marts25&utm_content=A&utm_medium=content&utm_source=jp.dk,0,0,0,0,0,2025-03-13,2025-05-12,0,0,Tid,Ikke tid,2025-07-12,0,1,1,53,0-7 dage,Desktop-traditionalisten,7,0.6071428571428571,0,1,0.8571428571428571,0.2857142857142857,0,7
750dd3ddc294d786ba32f8f14cda190f,370,2025-05-07,Kvinde,utm_campaign=Marts25&utm_content=b&utm_medium=mail&utm_source=mail,1,1,3,2,2,2025-03-05,2025-05-04,0,0,Tid,Ikke tid,2025-06-04,0,1,1,72,6+ måneder,Spøgelses-brugeren (Lav aktivitet),2,0,0,1,0,0,0,2
7545fe0f7005e99694c0a323adb55176,373,3000-01-01,Mand,utm_campaign=Basis_22&utm_content=HeaderButtonRaised&utm_medium=Matrice&utm_source=jp.dk,0,1,0,0,0,2025-03-20,2025-05-19,0,0,Ingen afmelding,Ingen afmelding,3000-01-01,0,1,0,26,0-7 dage,Desktop-traditionalisten,3,0.16666666666666666,0,1,0.3333333333333333,0,0.3333333333333333,3
75d764e7c5aa2025f66a75af5548630b,245,2025-10-14,Kvinde,utm_campaign=Marts25&utm_content=A&utm_medium=content&utm_source=jp.dk,1,1,0,0,0,2025-03-10,2025-05-09,0,0,Tid,Ikke tid,2025-11-09,0,1,0,75,6+ måneder,Spøgelses-brugeren (Lav aktivitet),0,0,0,0,0,0,0,0
761f1df8f468f1bb378e9d72cbe382e5,61,2025-05-06,Mand,utm_campaign=Marts25&utm_content=B&utm_medium=content&utm_source=jp.dk,1,0,0,0,0,2025-03-08,2025-05-07,0,0,Tid,Ikke tid,2025-05-07,1,0,0,82,0-7 dage,Desktop-traditionalisten,27,0.5648148148148148,0.14814814814814814,0.8518518518518519,0.4074074074074074,0.07407407407407407,0.7037037037037037,27
763d058903725935287f1ee857645566,243,2025-07-03,Mand,utm_campaign=Marts25&utm_content=B&utm_medium=content&utm_source=jp.dk,0,0,1,1,0,2025-03-11,2025-05-10,0,0,Økonomi,Pris,2025-07-10,0,1,1,81,6+ måneder,Desktop-traditionalisten,95,0.7263157894736842,0,1,0.5684210526315789,0.2,0.6736842105263158,95
76668bebf380d4c6e8b3583902d82b9c,387,2025-03-21,Mand,utm_campaign=Marts25&utm_content=sc_a&utm_medium=mail&utm_source=mail,0,1,6,5,3,2025-03-21,2025-05-20,0,0,Andet,Ingen årsag – ingen tlf kontakt,2025-05-20,1,0,0,59,6+ måneder,Power-brugeren (Mest mobil),485,0.24175257731958763,0.5711340206185567,0.4288659793814433,0.22268041237113403,0.04329896907216495,0.40824742268041236,485
76d0bcb275d7f3d64117922ad29d083d,1105,2025-03-19,Mand,utm_campaign=Marts25&utm_content=A&utm_medium=content&utm_source=jp.dk,0,1,8,8,0,2025-03-19,2025-05-18,0,0,Andet,kunden ønsker ikke at oplyse,2025-05-18,1,0,0,76,6+ måneder,Desktop-traditionalisten,341,0.46847507331378296,0,1,0.35777126099706746,0,0.7272727272727273,341
770e935d77b3296db71e65fc65aa258d,385,3000-01-01,Mand,utm_campaign=Basis_22&utm_content=HeaderButtonRaised&utm_medium=Matrice&utm_source=jp.dk,1,1,0,0,0,2025-03-08,2025-05-07,0,0,Ingen afmelding,Ingen afmelding,3000-01-01,0,1,0,62,0-7 dage,Mobil-nykommeren,6,0.20833333333333334,1,0,0.8333333333333334,0,0,6
773658b12742ecdd7c229fa03323c86f,372,3000-01-01,Mand,utm_campaign=Marts25&utm_content=sc_a&utm_medium=mail&utm_source=mail,0,0,0,0,0,2025-03-21,2025-05-20,0,2,Ingen afmelding,Ingen afmelding,3000-01-01,0,1,0,71,0-7 dage,Mobil-nykommeren,6,0.25,0.5,0.5,0.5,0,0.16666666666666666,6
7765b84362c3f2409057ab7e51be2947,433,2025-03-09,Mand,utm_campaign=Marts25&utm_content=b&utm_medium=mail&utm_source=mail,1,1,2,2,1,2025-03-08,2025-05-07,1,1,Andet,kunden ønsker ikke at oplyse,2025-05-07,1,0,0,59,6+ måneder,Desktop-traditionalisten,33,0.29545454545454547,0,1,0.18181818181818182,0.30303030303030304,0.42424242424242425,33
7775de537c04fc9861dc2968f2755917,92,2025-05-28,Kvinde,utm_campaign=Marts25&utm_content=A&utm_medium=content&utm_source=jp.dk,0,0,0,0,0,2025-03-20,2025-05-19,0,0,Produkt,Redaktionelt indhold / holdning,2025-06-19,0,1,1,40,0-7 dage,Desktop-traditionalisten,14,0.75,0,1,0.2857142857142857,0,0.8571428571428571,14
777833f12b1c604a5b3d6dd76bdde6ec,242,2025-04-17,Kvinde,utm_campaign=Marts25&utm_content=sc_a&utm_medium=mail&utm_source=mail,0,1,3,3,0,2025-03-23,2025-05-22,0,0,Andet,Ingen årsag – ingen tlf kontakt,2025-05-22,1,0,0,65,6+ måneder,Desktop-traditionalisten,7,0.2857142857142857,0,1,0.2857142857142857,0,0.5714285714285714,7
77b11ccf26a9e23d4e6fb10a372b8374,352,2025-10-27,Mand,utm_campaign=Marts25&utm_content=A&utm_medium=content&utm_source=jp.dk,0,0,0,0,0,2025-03-13,2025-05-12,0,0,Økonomi,Pris,2025-11-12,0,1,0,55,0-7 dage,Desktop-traditionalisten,194,0.41237113402061853,0.041237113402061855,0.9587628865979382,0.34536082474226804,0.020618556701030927,0.7783505154639175,194
77d030727b03fd6c9a637362091819d1,351,2026-02-04,Mand,utm_campaign=Marts25&utm_content=sc_a&utm_medium=mail&utm_source=mail,0,1,1,0,1,2025-03-22,2025-05-21,0,0,Tid,Ikke tid,2026-02-21,0,1,0,49,6+ måneder,Mobil-nykommeren,5,0.25,0.6,0.4,0.4,0,0.2,5
78167da6625acebf472eb64674915054,371,3000-01-01,Mand,utm_campaign=Marts25&utm_medium=topticker&utm_source=jp.dk,0,0,0,0,0,2025-03-22,2025-05-21,0,0,Ingen afmelding,Ingen afmelding,3000-01-01,0,1,0,52,0-7 dage,Desktop-traditionalisten,274,0.4023722627737226,0.3357664233576642,0.6642335766423357,0.38321167883211676,0.0036496350364963502,0.6204379562043796,274
788607b17ee04f19865a51f8543acb9b,306,2025-05-12,Kvinde,utm_campaign=Basis_22&utm_content=HeaderButtonRaised&utm_medium=Matrice&utm_source=jp.dk,0,0,0,0,0,2025-03-18,2025-05-17,0,0,Tid,Ikke tid,2025-05-17,1,0,0,45,6+ måneder,Desktop-traditionalisten,21,0.39285714285714285,0.38095238095238093,0.6190476190476191,0.38095238095238093,0.09523809523809523,0.8095238095238095,21
7914eefd03db41f93ff599d0b8de560c,416,2025-03-27,Mand,utm_campaign=Basis_22&utm_content=HeaderButtonRaised&utm_medium=Matrice&utm_source=jp.dk,1,1,3,2,2,2025-03-11,2025-05-10,0,1,Tid,Ikke tid,2025-05-10,1,0,0,73,6+ måneder,Spøgelses-brugeren (Lav aktivitet),2,0,1,0,0,0,0,2
798f1ad26b892da22923188a9e8e4797,962,2025-10-07,Mand,utm_campaign=Marts25&utm_content=b&utm_medium=mail&utm_source=mail,1,1,34,10,26,2025-03-05,2025-05-04,10,10,Tid,Ikke tid,2025-11-04,0,1,0,76,6+ måneder,Veteranen (Høj historik),102,0.4485294117647059,0.9411764705882353,0.058823529411764705,0.5,0,0.3235294117647059,102
799f16b134fc3399262a5bd5c08434b1,246,2025-10-07,Kvinde,utm_campaign=&utm_content=genbesog_JP_digital&utm_medium=ppc&utm_source=adwords&utm_term=jyllands+posten+tilbud,0,0,0,0,0,2025-03-11,2025-05-10,0,0,Tid,Ikke tid,2025-11-11,0,1,0,79,0-7 dage,Desktop-traditionalisten,380,0.34342105263157896,0,1,0.26842105263157895,0.005263157894736842,0.5,380
79a9aa467c99112751bacbf368d8f126,700,3000-01-01,Mand,utm_campaign=Marts25&utm_content=sc_b&utm_medium=mail&utm_source=mail,1,1,4,3,3,2025-03-21,2025-05-20,2,3,Ingen afmelding,Ingen afmelding,3000-01-01,0,1,0,60,6+ måneder,Desktop-traditionalisten,213,0.35563380281690143,0,1,0.3192488262910798,0,0.5446009389671361,213
79af80f603fb5958d9ec6f81ac3d7450,382,3000-01-01,Mand,utm_campaign=Marts25&utm_content=A&utm_medium=content&utm_source=jp.dk,0,0,0,0,0,2025-03-11,2025-05-10,0,0,Ingen afmelding,Ingen afmelding,3000-01-01,0,1,0,78,6+ måneder,Spøgelses-brugeren (Lav aktivitet),0,0,0,0,0,0,0,0
79bcea0ca1df80809925ac6826965e65,599,2025-06-23,Mand,utm_campaign=Marts25&utm_content=sc_a&utm_medium=mail&utm_source=mail,1,0,4,2,1,2025-03-21,2025-05-20,2,2,Tid,Ikke tid,2025-07-20,0,1,1,78,6+ måneder,Mobil-nykommeren,17,0.3088235294117647,1,0,0.29411764705882354,0,0.47058823529411764,17
7a32edbbe6ace018a384b57c2edbc7e0,753,3000-01-01,Mand,utm_campaign=Basis_22&utm_content=HeaderButtonRaised&utm_medium=Matrice&utm_source=jp.dk,0,1,2,1,1,2025-03-17,2025-05-16,1,1,Ingen afmelding,Ingen afmelding,3000-01-01,0,1,0,49,6+ måneder,Mobil-nykommeren,5,0.2,1,0,0.6,0,0,5
7a6e57a47889f4199c69b7f4de87e338,936,2025-12-16,Kvinde,utm_campaign=Marts25&utm_content=B&utm_medium=content&utm_source=jp.dk,0,1,14,5,8,2025-03-14,2025-05-13,0,0,Økonomi,Pris,2026-01-13,0,1,0,51,6+ måneder,Veteranen (Høj historik),181,0.32734806629834257,0.7624309392265194,0.23756906077348067,0.26519337016574585,0,0.43646408839779005,181
7a70cfa85256557dbf368c6287d20378,827,2025-04-13,Mand,utm_campaign=Marts25&utm_content=B&utm_medium=content&utm_source=jp.dk,0,1,9,8,1,2025-03-21,2025-05-20,1,1,Andet,kunden ønsker ikke at oplyse,2025-05-20,1,0,0,73,6+ måneder,Power-brugeren (Mest mobil),847,0.4197166469893743,0.7249114521841794,0.27508854781582054,0.31759149940968123,0,0.6351829988193625,847
7a9fad27ae8841708385b2827b7bf92e,373,2025-12-27,Mand,utm_campaign=Marts25&utm_medium=Weblayer&utm_source=jp.dk,0,0,0,0,0,2025-03-20,2025-05-19,0,0,Økonomi,Pris,2026-01-19,0,1,0,56,0-7 dage,Desktop-traditionalisten,281,0.23309608540925267,0.09252669039145907,0.9074733096085409,0.2277580071174377,0,0.4092526690391459,281
7ac115daad07fcf9761b2b44f3f703db,911,2025-04-28,Mand,utm_campaign=Marts25&utm_content=B&utm_medium=content&utm_source=jp.dk,0,1,5,4,0,2025-03-04,2025-05-03,0,0,Produkt,Redaktionelt indhold / holdning,2025-05-03,1,0,0,56,6+ måneder,Power-brugeren (Mest mobil),602,0.2956810631229236,0.9634551495016611,0.014950166112956811,0.19601328903654486,0.0016611295681063123,0.5282392026578073,602
7ad00b86b8634e354c143637d68475af,864,2025-11-23,Mand,utm_campaign=Marts25&utm_content=sc_a&utm_medium=mail&utm_source=mail,0,0,3,2,0,2025-03-21,2025-05-20,0,0,Økonomi,Pris,2025-12-20,0,1,0,61,6+ måneder,Desktop-traditionalisten,335,0.4455223880597015,0.08955223880597014,0.9104477611940298,0.26865671641791045,0,0.5194029850746269,335
7aec7c5ef4851aaa9d0f08f8f8312457,876,2025-10-15,Kvinde,utm_campaign=Marts25&utm_content=A&utm_medium=content&utm_source=jp.dk,0,1,7,3,4,2025-03-14,2025-05-13,0,0,Økonomi,Pris,2025-10-14,0,1,0,79,6+ måneder,Power-brugeren (Mest mobil),292,0.6078767123287672,1,0,0.4178082191780822,0.017123287671232876,0.7465753424657534,292
7b0ad7f1896e766c4ad4993f53082ce9,355,2025-07-25,Mand,utm_campaign=Marts25&utm_medium=topticker&utm_source=jp.dk,1,1,0,0,0,2025-03-22,2025-05-21,0,2,Tid,Ikke tid,2025-08-21,0,1,0,63,0-7 dage,Desktop-traditionalisten,51,0.31862745098039214,0.11764705882352941,0.8823529411764706,0.3333333333333333,0,0.43137254901960786,51
7b27290677c1111502f87e9089d35a01,1513,2025-05-06,Mand,utm_campaign=Marts25&utm_content=a&utm_medium=mail&utm_source=mail,0,1,8,4,4,2025-03-05,2025-05-04,2,2,Tid,Ikke tid,2025-06-04,0,1,1,68,6+ måneder,Power-brugeren (Mest mobil),502,0.4357569721115538,0.5916334661354582,0.40836653386454186,0.3466135458167331,0,0.8286852589641435,501
7b42e426163501a7e327da53b994bc13,547,3000-01-01,Mand,utm_campaign=Marts25&utm_content=sc_a&utm_medium=mail&utm_source=mail,0,1,2,1,1,2025-03-21,2025-05-20,7,7,Ingen afmelding,Ingen afmelding,3000-01-01,0,1,0,60,6+ måneder,Mobil-nykommeren,34,0.4264705882352941,0.8235294117647058,0.17647058823529413,0.5294117647058824,0,0.029411764705882353,34
7b4fa6601c1f309c017664b468956354,153,2025-07-16,Mand,utm_campaign=Marts25&utm_content=A&utm_medium=content&utm_source=jp.dk,0,0,0,0,0,2025-03-14,2025-05-13,0,0,Tid,Ikke tid,2025-08-13,0,1,0,57,6+ måneder,Desktop-traditionalisten,27,0.32407407407407407,0.2962962962962963,0.7037037037037037,0.2222222222222222,0,0.5925925925925926,27
7b5d631f99704537c85aa26c4f9ad079,330,2025-04-30,Mand,utm_campaign=Marts25&utm_content=b&utm_medium=mail&utm_source=mail,0,0,5,4,2,2025-03-05,2025-05-04,0,0,Andet,kunden ønsker ikke at oplyse,2025-05-04,1,0,0,62,6+ måneder,Desktop-traditionalisten,285,0.32456140350877194,0.3192982456140351,0.6631578947368421,0.24210526315789474,0.09473684210526316,0.519298245614035,285
7b5dc0298c1f08e63d7907ce05257f64,640,2025-09-11,Mand,utm_campaign=Marts25&utm_content=a&utm_medium=mail&utm_source=mail,0,1,3,3,1,2025-03-05,2025-05-04,0,0,Andet,Administrativt,2025-09-14,0,1,0,75,6+ måneder,Power-brugeren (Mest mobil),304,0.4597039473684211,0.9769736842105263,0.023026315789473683,0.41118421052631576,0,0.7730263157894737,304
7b5e74b0b35e65c436794b3673ee03a8,409,3000-01-01,Mand,utm_campaign=Marts25&utm_content=B&utm_medium=content&utm_source=jp.dk,1,1,2,0,2,2025-03-05,2025-05-04,2,2,Ingen afmelding,Ingen afmelding,3000-01-01,0,1,0,80,6+ måneder,Desktop-traditionalisten,319,0.6598746081504702,0,1,0.3949843260188088,0.2445141065830721,0.7053291536050157,319
7b74009236e8b58936ab88e293fa7c7d,1057,2025-09-30,Kvinde,utm_campaign=Marts25&utm_medium=topticker&utm_source=jp.dk,0,1,4,4,1,2025-03-11,2025-05-10,0,0,Økonomi,Pris,2025-10-10,0,1,0,70,6+ måneder,Power-brugeren (Mest mobil),451,0.24722838137472283,0.9955654101995566,0.004434589800443459,0.2860310421286031,0,0.48337028824833705,449
7bb86036fead65cb733672bb8a47dcd7,374,3000-01-01,Mand,utm_campaign=Marts25&utm_medium=Weblayer&utm_source=jp.dk,0,0,0,0,0,2025-03-19,2025-05-18,0,0,Ingen afmelding,Ingen afmelding,3000-01-01,0,1,0,51,0-7 dage,Mobil-nykommeren,10,0.175,1,0,0.2,0,0.4,10
7bd3476e9c4d1e139317924f42a5b8fb,403,2025-05-01,Mand,utm_campaign=Marts25&utm_content=b&utm_medium=mail&utm_source=mail,1,1,3,2,0,2025-03-09,2025-05-08,0,0,Andet,kunden ønsker ikke at oplyse,2025-05-08,1,0,0,64,6+ måneder,Power-brugeren (Mest mobil),546,0.30448717948717946,0,0,0.2509157509157509,0,0.4523809523809524,546
7bf3a9ea20a2f4661d94dd194a1cf803,251,2025-04-22,Mand,utm_campaign=Marts25&utm_medium=topticker&utm_source=jp.dk,0,1,2,2,0,2025-03-22,2025-05-21,0,0,Andet,Ingen årsag – ingen tlf kontakt,2025-05-21,1,0,0,74,6+ måneder,Desktop-traditionalisten,98,0.4897959183673469,0,0.07142857142857142,0.4897959183673469,0.14285714285714285,0.6224489795918368,98
7c4436fb02b5ec2e2f2926846b4f1df7,61,2025-03-11,Kvinde,utm_campaign=Marts25&utm_content=A&utm_medium=content&utm_source=jp.dk,0,0,0,0,0,2025-03-10,2025-05-09,0,0,Tid,Ikke tid,2025-05-09,1,0,0,20,0-7 dage,Desktop-traditionalisten,7,0.5357142857142857,0,1,0.14285714285714285,0,0.14285714285714285,7
7c785ece8394ba7a24f9f8b674730925,214,2025-09-08,Mand,utm_campaign=Marts25&utm_content=e-avis_ikkeabn&utm_medium=matrice&utm_source=jp.dk,0,0,0,0,0,2025-03-08,2025-05-07,0,0,Andet,kunden ønsker ikke at oplyse,2025-10-07,0,1,0,51,0-7 dage,Mobil-nykommeren,3,0,1,0,0.6666666666666666,0,0,3
7cc6d77803a5c2de142a14ace1b34a08,137,2025-03-21,Mand,utm_campaign=Basis_22&utm_content=HeaderButtonRaised&utm_medium=Matrice&utm_source=jp.dk,0,0,1,1,0,2025-03-10,2025-05-09,0,0,Andet,Ingen årsag – ingen tlf kontakt,2025-05-09,1,0,0,60,6+ måneder,Desktop-traditionalisten,538,0.29182156133828996,0.05018587360594796,0.949814126394052,0.2527881040892193,0,0.5297397769516728,538
7cdfc87b3d8dd8aae8464558885e374b,283,2025-03-31,Kvinde,utm_campaign=Marts25&utm_content=A&utm_medium=content&utm_source=jp.dk,1,1,2,1,0,2025-03-05,2025-05-04,0,0,Produkt,Redaktionelt indhold / holdning,2025-05-04,1,0,0,89,6+ måneder,Mobil-nykommeren,263,0.8849809885931559,0.9429657794676806,0.057034220532319393,0.5627376425855514,0,0.4752851711026616,263
7dd7d15cf5f9a5190e6a640fa670fef7,1171,2026-02-23,Mand,utm_campaign=Basis_22&utm_content=HeaderButtonRaised&utm_medium=Matrice&utm_source=jp.dk,0,0,4,1,2,2025-03-07,2025-05-06,0,0,Andet,kunden ønsker ikke at oplyse,2026-03-06,0,1,0,53,6+ måneder,Desktop-traditionalisten,116,0.34698275862068967,0,1,0.28448275862068967,0,0.49137931034482757,115
7dd87a725fe51ac8df32f9000b37e564,507,2025-07-04,Mand,utm_campaign=Marts25&utm_content=sc_a&utm_medium=mail&utm_source=mail,1,1,1,1,0,2025-03-22,2025-05-21,0,0,Andet,Administrativt,2025-07-03,0,1,1,56,6+ måneder,Spøgelses-brugeren (Lav aktivitet),0,0,0,0,0,0,0,0
7e501c13b0115638d9f52b73fa21869e,697,2025-04-07,Kvinde,utm_campaign=Marts25&utm_content=e-avis_ikkeabn&utm_medium=matrice&utm_source=jp.dk,0,1,9,5,5,2025-03-04,2025-05-03,0,0,Tid,Ikke tid,2025-05-03,1,0,0,79,6+ måneder,Desktop-traditionalisten,143,0.4597902097902098,0,1,0.44755244755244755,0.1048951048951049,0.8811188811188811,143
7e75ad391f08921f8876539d914ccaf0,483,2025-12-04,Kvinde,utm_campaign=Basis_22&utm_content=HeaderButtonRaised&utm_medium=Matrice&utm_source=jp.dk,0,0,4,1,2,2025-03-11,2025-05-10,1,1,Digitalt,Tekniske problemer (kunde),2025-12-10,0,1,0,71,6+ måneder,Desktop-traditionalisten,25,0.53,0.32,0.68,0.68,0.12,0.48,25
7eb3412b5a29ae007e0264755a7aeae5,356,2025-03-24,Ikke oplyst,utm_campaign=Marts25&utm_content=sc_a&utm_medium=mail&utm_source=mail,1,1,8,2,6,2025-03-21,2025-05-20,0,0,Andet,kunden ønsker ikke at oplyse,2025-05-20,1,0,0,72,6+ måneder,Desktop-traditionalisten,88,0.5340909090909091,0,1,0.3409090909090909,0,0.8977272727272727,88
7edeb8ee21028717df5a792e83205006,276,2025-12-23,Kvinde,utm_campaign=Marts25&utm_content=B&utm_medium=content&utm_source=jp.dk,1,1,0,0,0,2025-03-22,2025-05-21,0,0,Digitalt,Tekniske problemer (kunde),2025-12-22,0,1,0,52,6+ måneder,Mobil-nykommeren,4,0.5,1,0,0.75,0,0.25,4
7f13e8b114b2144fd2f134b9f850737c,1673,2025-05-24,Mand,utm_campaign=Marts25&utm_medium=Matrice&utm_source=jp.dk,0,1,14,9,1,2025-03-23,2025-05-22,0,0,Økonomi,Pris,2025-06-22,0,1,1,69,6+ måneder,Spøgelses-brugeren (Lav aktivitet),0,0,0,0,0,0,0,0
7f1fbd1dddd6cfd4329fdb318e8bcfb0,61,2025-03-11,Mand,utm_campaign=Marts25&utm_content=B&utm_medium=content&utm_source=jp.dk,0,0,0,0,0,2025-03-11,2025-05-10,0,0,Andet,kunden ønsker ikke at oplyse,2025-05-10,1,0,0,53,0-7 dage,Power-brugeren (Mest mobil),697,0.3152797704447633,0.8220946915351507,0.17790530846484937,0.28263988522238165,0,0.49067431850789095,696
7f85de49b95988ba4ee8be83228ced99,375,3000-01-01,Mand,utm_campaign=Marts25&utm_content=A&utm_medium=content&utm_source=jp.dk,1,1,0,0,0,2025-03-18,2025-05-17,0,0,Ingen afmelding,Ingen afmelding,3000-01-01,0,1,0,61,6+ måneder,Mobil-nykommeren,3,0.8333333333333334,1,0,0.6666666666666666,0,0.3333333333333333,3
7f9c334a7773fd1aad4a9549571eb396,61,2025-04-17,Kvinde,utm_campaign=&utm_content=genbesog_JP_digital&utm_medium=ppc&utm_source=adwords&utm_term=jyllands-posten+abonnement+pris,1,1,0,0,0,2025-03-22,2025-05-21,0,0,Tid,Ikke tid,2025-05-21,1,0,0,45,0-7 dage,Mobil-nykommeren,472,0.3988347457627119,1,0,0.3305084745762712,0.01059322033898305,0.5572033898305084,472
7fbcf23d92ff3ad185541f9b4626b20e,61,2025-04-28,Mand,utm_campaign=Marts25&utm_content=A&utm_medium=content&utm_source=jp.dk,0,0,0,0,0,2025-03-07,2025-05-06,0,0,Produkt,Redaktionelt indhold / holdning,2025-05-06,1,0,0,75,1-6 måneder,Desktop-traditionalisten,120,0.3958333333333333,0,1,0.275,0.16666666666666666,0.7666666666666667,120
7fcfd5b9e8ade3613c73b0c8270fabb4,341,2025-12-05,Mand,utm_campaign=Marts25&utm_content=b&utm_medium=mail&utm_source=mail,1,0,1,0,1,2025-03-05,2025-05-04,0,0,Andet,Ingen årsag – ingen tlf kontakt,2026-01-04,0,1,0,59,6+ måneder,Mobil-nykommeren,301,0.19352159468438537,0.9700996677740864,0.029900332225913623,0.23255813953488372,0.5016611295681063,0.4485049833887043,301
7fe44128ee877150541e83b00f8af178,4,2025-03-26,Kvinde,utm_campaign=Marts25&utm_content=sc_a&utm_medium=mail&utm_source=mail,1,0,0,0,0,2025-03-23,2025-03-26,0,0,Salg,Misforstået salgsaftale,2025-03-26,1,0,0,62,1-6 måneder,Mobil-nykommeren,3,0.6666666666666666,1,0,0.6666666666666666,0,0.6666666666666666,3
801a04e0d27bf5be1b22718899014c62,719,3000-01-01,Mand,utm_campaign=Marts25&utm_content=sc_b&utm_medium=mail&utm_source=mail,0,1,2,1,0,2025-03-21,2025-05-20,0,0,Ingen afmelding,Ingen afmelding,3000-01-01,0,1,0,91,6+ måneder,Spøgelses-brugeren (Lav aktivitet),0,0,0,0,0,0,0,0
801d790c22ef7395c6be6038b42df1d4,290,2025-03-26,Mand,utm_campaign=Marts25&utm_content=A&utm_medium=content&utm_source=jp.dk,0,1,3,1,1,2025-03-20,2025-05-19,1,1,Andet,kunden ønsker ikke at oplyse,2025-05-19,1,0,0,50,6+ måneder,Power-brugeren (Mest mobil),485,0.30670103092783507,0.9505154639175257,0.049484536082474224,0.23711340206185566,0.008247422680412371,0.6082474226804123,485
802f3225124e073c4b270f6e4fc65300,387,3000-01-01,Mand,utm_campaign=Marts25&utm_content=A&utm_medium=content&utm_source=jp.dk,0,1,0,0,0,2025-03-06,2025-05-05,0,0,Ingen afmelding,Ingen afmelding,3000-01-01,0,1,0,58,0-7 dage,Power-brugeren (Mest mobil),436,0.3411697247706422,1,0,0.3348623853211009,0.009174311926605505,0.6123853211009175,436
807140c18ac69fe5e80575caee161c43,371,3000-01-01,Mand,utm_campaign=Marts25&utm_medium=Weblayer&utm_source=jp.dk,1,1,0,0,0,2025-03-22,2025-05-21,0,0,Ingen afmelding,Ingen afmelding,3000-01-01,0,1,0,73,6+ måneder,Spøgelses-brugeren (Lav aktivitet),3,0.08333333333333333,0.6666666666666666,0.3333333333333333,0,0,0.6666666666666666,3
80cfaf94b170f141e28861a07d09d476,389,3000-01-01,Mand,utm_campaign=Basis_22&utm_content=App_android&utm_medium=Matrice&utm_source=App,0,0,0,0,0,2025-03-04,2025-05-03,0,0,Ingen afmelding,Ingen afmelding,3000-01-01,0,1,0,55,6+ måneder,Spøgelses-brugeren (Lav aktivitet),1,0,1,0,0,0,0,1
8101e37c195a3fa67a46c0f0a46489e1,642,2025-03-25,Mand,utm_campaign=Marts25&utm_content=sc_a&utm_medium=mail&utm_source=mail,1,1,6,3,1,2025-03-21,2025-03-28,0,0,Andet,Administrativt,2025-03-28,1,0,0,84,6+ måneder,Desktop-traditionalisten,2,0.125,0,1,0.5,0,0.5,2
813bfd2231636d143e977b3c92482297,1192,2025-04-29,Kvinde,utm_campaign=Marts25&utm_medium=Weblayer&utm_source=jp.dk,1,1,7,0,4,2025-03-23,2025-04-28,0,0,Andet,Administrativt,2025-04-28,1,0,0,75,6+ måneder,Desktop-traditionalisten,77,0.36363636363636365,0,1,0.4025974025974026,0.38961038961038963,0.5974025974025974,75
814cdba34f3464699f23f517654e2831,385,3000-01-01,Mand,utm_campaign=Marts25&utm_content=A&utm_medium=content&utm_source=jp.dk,0,0,0,0,0,2025-03-08,2025-05-07,0,0,Ingen afmelding,Ingen afmelding,3000-01-01,0,1,0,61,6+ måneder,Mobil-nykommeren,349,0.15830945558739254,1,0,0.15472779369627507,0.022922636103151862,0.2636103151862464,348
81650fef63fd494f8fb784e3f2b35c4f,598,2025-12-13,Mand,utm_campaign=Marts25&utm_content=b&utm_medium=mail&utm_source=mail,0,1,3,3,1,2025-03-05,2025-05-04,8,8,Økonomi,Pris,2026-01-05,0,1,0,70,6+ måneder,Veteranen (Høj historik),316,0.27056962025316456,0,1,0.189873417721519,0,0.3322784810126582,313
81a6dcabba113493087f9862fcb9375c,92,2025-05-20,Kvinde,utm_campaign=Marts25&utm_content=A&utm_medium=content&utm_source=jp.dk,1,1,0,0,0,2025-03-13,2025-05-12,0,0,Produkt,Anden avis/produkt,2025-06-12,0,1,1,65,6+ måneder,Mobil-nykommeren,5,0.65,1,0,0.6,0.4,0.2,5
821ea9572a535876de8e1bd52f541497,567,2025-04-04,Mand,utm_campaign=Basis_22&utm_content=HeaderButtonRaised&utm_medium=Matrice&utm_source=jp.dk,1,1,9,8,5,2025-03-07,2025-05-06,1,1,Andet,Ingen årsag – ingen tlf kontakt,2025-05-06,1,0,0,74,6+ måneder,Spøgelses-brugeren (Lav aktivitet),0,0,0,0,0,0,0,0
8238b5ba161f0e8d1d88e2cb45fb6c49,386,3000-01-01,Mand,utm_campaign=Marts25&utm_content=B&utm_medium=content&utm_source=jp.dk,0,0,0,0,0,2025-03-07,2025-05-06,0,0,Ingen afmelding,Ingen afmelding,3000-01-01,0,1,0,50,0-7 dage,Desktop-traditionalisten,404,0.41336633663366334,0.019801980198019802,0.9801980198019802,0.2995049504950495,0,0.48267326732673266,404
82649ad2ffa03cbbf4c823a76d75a1b1,516,2025-03-10,Kvinde,utm_campaign=Basis_22&utm_content=HeaderButtonRaised&utm_medium=Matrice&utm_source=jp.dk,0,0,1,0,0,2025-03-09,2025-05-08,0,0,Produkt,Redaktionelt indhold / holdning,2025-05-08,1,0,0,46,6+ måneder,Mobil-nykommeren,5,0.45,0.8,0.2,0.2,0,0.2,5
8285b49c0a8f3e74ceeb7db67dee6150,505,2025-06-06,Mand,utm_campaign=Marts25&utm_content=A&utm_medium=content&utm_source=jp.dk,0,1,4,3,1,2025-03-06,2025-05-05,0,0,Andet,Ingen årsag – ingen tlf kontakt,2025-07-05,0,1,1,80,6+ måneder,Power-brugeren (Mest mobil),332,0.276355421686747,0.9427710843373494,0.0572289156626506,0.35843373493975905,0.42771084337349397,0.5542168674698795,331
82c381bcb5da7b266e8457450d4d9d5a,61,2025-04-25,Kvinde,utm_campaign=Marts25&utm_content=A&utm_medium=content&utm_source=jp.dk,0,0,0,0,0,2025-03-10,2025-05-09,0,0,Tid,Ikke tid,2025-05-09,1,0,0,70,0-7 dage,Desktop-traditionalisten,493,0.3640973630831643,0,0.9979716024340771,0.33468559837728196,0,0.5598377281947262,492
82e94553b5632fdab9a7723df1b4fde4,92,2025-05-21,Mand,utm_campaign=Basis_22&utm_content=HeaderButtonRaised&utm_medium=Matrice&utm_source=jp.dk,0,0,0,0,0,2025-03-17,2025-05-16,0,0,Produkt,Redaktionelt indhold / holdning,2025-06-16,0,1,1,41,0-7 dage,Mobil-nykommeren,72,0.3819444444444444,1,0,0.3472222222222222,0.027777777777777776,0.9444444444444444,72
834ad5211bd6e9519192ce3cb9457802,275,2025-11-26,Mand,utm_campaign=Marts25&utm_content=A&utm_medium=content&utm_source=jp.dk,0,0,0,0,0,2025-03-17,2025-05-16,0,0,Produkt,Redaktionelt indhold / holdning,2025-12-16,0,1,0,50,0-7 dage,Desktop-traditionalisten,94,0.48404255319148937,0,1,0.48936170212765956,0,0.8191489361702128,94
835d69dda5ba5d750f73a0b5b854568d,95,2025-06-11,Mand,utm_campaign=Basis_22&utm_content=HeaderButtonRaised&utm_medium=Matrice&utm_source=jp.dk,0,0,0,0,0,2025-03-08,2025-05-07,0,0,Andet,RVS,2025-06-10,0,1,1,70,0-7 dage,Desktop-traditionalisten,158,0.17246835443037975,0,1,0.2721518987341772,0,0.5,158
83b6969c7877f21ee7e1ffba875f5df5,61,2025-03-08,Ikke oplyst,utm_campaign=Marts25&utm_content=A&utm_medium=content&utm_source=jp.dk,0,0,0,0,0,2025-03-08,2025-05-07,0,0,Økonomi,Pris,2025-05-07,1,0,0,26,0-7 dage,Spøgelses-brugeren (Lav aktivitet),0,0,0,0,0,0,0,0
83da59eb70f526294fc5903113df888f,284,2025-05-21,Mand,utm_campaign=Marts25&utm_content=a&utm_medium=mail&utm_source=mail,0,1,1,1,1,2025-03-17,2025-05-16,0,0,Andet,Ingen årsag – ingen tlf kontakt,2025-06-16,0,1,1,69,6+ måneder,Mobil-nykommeren,23,0.4673913043478261,0.5652173913043478,0.43478260869565216,0.4782608695652174,0,0.21739130434782608,23
840bb9b0a0ea4b1a70639e5569f36bdb,1128,2025-04-07,Mand,utm_campaign=Basis_22&utm_content=MegaMenu&utm_medium=Matrice&utm_source=jp.dk,1,1,25,11,15,2025-03-21,2025-05-20,0,0,Produkt,Redaktionelt indhold / holdning,2025-05-20,1,0,0,75,6+ måneder,Veteranen (Høj historik),257,0.26653696498054474,0.16731517509727625,0.8326848249027238,0.26848249027237353,0,0.5680933852140078,257
8423866ec1a677d8bf54c4cb91ec613a,265,2025-04-09,Mand,utm_campaign=&utm_content=Besog_JP&utm_medium=ppc&utm_source=adwords&utm_term=avis+abonnement,0,1,1,1,0,2025-03-08,2025-05-07,0,0,Andet,kunden ønsker ikke at oplyse,2025-05-07,1,0,0,59,6+ måneder,Mobil-nykommeren,5,0.25,1,0,0.6,0,1,5
84447f9cb63fd99af29bac9210b20630,389,3000-01-01,Mand,utm_campaign=Marts25&utm_content=A&utm_medium=content&utm_source=jp.dk,0,0,0,0,0,2025-03-04,2025-05-03,0,0,Ingen afmelding,Ingen afmelding,3000-01-01,0,1,0,86,6+ måneder,Desktop-traditionalisten,436,0.3704128440366973,0,1,0.2981651376146789,0.0022935779816513763,0.6490825688073395,436
84462c32fcbf7b533329cebcb21db397,461,2025-12-12,Mand,utm_campaign=Marts25&utm_content=sc_a&utm_medium=mail&utm_source=mail,0,1,16,6,11,2025-03-21,2025-05-20,0,0,Produkt,Digital platform,2025-12-20,0,1,0,24,6+ måneder,Veteranen (Høj historik),143,0.42657342657342656,1,0,0.34965034965034963,0,0.6503496503496503,143
8450867c34d2e1b804617f92fedc6d49,399,2025-05-14,Kvinde,utm_campaign=Nyhedsoverblik+11.00&utm_content=2025-03-18&utm_medium=email&utm_source=jp,1,1,4,3,2,2025-03-18,2025-05-17,1,1,Tid,Ikke tid,2025-05-17,1,0,0,67,6+ måneder,Desktop-traditionalisten,19,0.4342105263157895,0.05263157894736842,0.9473684210526315,0.3684210526315789,0,0.7368421052631579,19
845b4add6adcbc933e973db308d89080,485,2025-03-18,Kvinde,utm_campaign=Marts25&utm_content=A&utm_medium=content&utm_source=jp.dk,0,1,6,4,2,2025-03-07,2025-05-06,1,1,Andet,Ingen årsag – ingen tlf kontakt,2025-05-06,1,0,0,77,6+ måneder,Desktop-traditionalisten,25,0.77,0,0,0.48,0,0.48,25
848ee26ce93babd7d9d9d93b2df65b6b,92,2025-05-19,Kvinde,utm_campaign=Marts25&utm_content=A&utm_medium=content&utm_source=jp.dk,0,0,0,0,0,2025-03-19,2025-05-18,0,0,Andet,kunden ønsker ikke at oplyse,2025-06-18,0,1,1,29,0-7 dage,Desktop-traditionalisten,30,0.6,0.03333333333333333,0.9666666666666667,0.4,0.06666666666666667,0.5666666666666667,30
84a0ea3fbb01645645ab3c637f704838,187,2025-09-21,Kvinde,utm_campaign=Marts25&utm_content=A&utm_medium=content&utm_source=jp.dk,0,0,0,0,0,2025-03-18,2025-05-17,0,0,Andet,RVS,2025-09-20,0,1,0,32,6+ måneder,Mobil-nykommeren,14,0.19642857142857142,1,0,0.42857142857142855,0,0.7142857142857143,14
84dac38615093b058cdaddfd9bedd984,274,2025-03-20,Mand,utm_campaign=Marts25&utm_content=A&utm_medium=content&utm_source=jp.dk,0,1,1,1,0,2025-03-20,2025-05-19,0,0,Andet,kunden ønsker ikke at oplyse,2025-05-19,1,0,0,36,6+ måneder,Desktop-traditionalisten,69,0.13405797101449277,0.2753623188405797,0.7246376811594203,0.18840579710144928,0,0.43478260869565216,69
84e6974e7c3ebf7fcc2f994ca97068f7,61,2025-03-11,Mand,utm_campaign=Marts25&utm_content=A&utm_medium=content&utm_source=jp.dk,0,0,0,0,0,2025-03-10,2025-05-09,3,4,Produkt,Redaktionelt indhold / holdning,2025-05-09,1,0,0,45,6+ måneder,Mobil-nykommeren,28,0.21428571428571427,1,0,0.14285714285714285,0,0.5357142857142857,28
84f6698b842c9fafd5b8729c2ceea216,1444,2025-03-08,Mand,utm_campaign=Marts25&utm_content=a&utm_medium=mail&utm_source=mail,1,1,9,5,2,2025-03-08,2025-05-07,0,0,Økonomi,Pris,2025-05-07,1,0,0,70,6+ måneder,Desktop-traditionalisten,96,0.5494791666666666,0,1,0.2916666666666667,0,0.8020833333333334,96
85079ecb3a36814ebd6bb872970c41ea,1216,3000-01-01,Mand,utm_campaign=Marts25&utm_content=sc_a&utm_medium=mail&utm_source=mail,0,1,9,3,6,2025-03-23,2025-05-22,0,0,Ingen afmelding,Ingen afmelding,3000-01-01,0,1,0,44,6+ måneder,Power-brugeren (Mest mobil),426,0.4471830985915493,0.15258215962441316,0.8474178403755869,0.33568075117370894,0,0.6713615023474179,418
856cb3f6e96cecc0ea9e5c063c49d2c2,61,2025-04-08,Kvinde,utm_campaign=Marts25&utm_content=A&utm_medium=content&utm_source=jp.dk,0,0,0,0,0,2025-03-12,2025-05-11,0,0,Produkt,Bestemt indhold,2025-05-11,1,0,0,53,6+ måneder,Desktop-traditionalisten,10,0.525,0,1,0.6,0.6,0,10
85879b96cc5b5ffd524cd66d43d6133c,516,2025-04-30,Mand,utm_campaign=Marts25&utm_content=A&utm_medium=content&utm_source=jp.dk,0,0,3,3,0,2025-03-07,2025-05-06,0,0,Tid,Ikke tid,2025-05-06,1,0,0,59,6+ måneder,Desktop-traditionalisten,89,0.398876404494382,0,1,0.30337078651685395,0.11235955056179775,0.8314606741573034,89
85bfda24811f12ef9db73027d7d0ba48,243,2025-03-16,Kvinde,utm_campaign=Marts25&utm_content=A&utm_medium=content&utm_source=jp.dk,0,0,2,1,0,2025-03-16,2025-05-15,0,0,Produkt,Redaktionelt indhold / holdning,2025-05-15,1,0,0,30,6+ måneder,Mobil-nykommeren,38,0.5526315789473685,1,0,0.3684210526315789,0,0.2894736842105263,38
862228c71e06513517a016fb17580c94,337,2026-01-10,Mand,utm_campaign=Basis_22&utm_content=HeaderButtonRaised&utm_medium=Matrice&utm_source=jp.dk,0,0,0,0,0,2025-03-08,2025-05-07,0,0,Tid,Ikke tid,2026-02-07,0,1,0,84,6+ måneder,Desktop-traditionalisten,419,0.18198090692124105,0,1,0.2386634844868735,0.002386634844868735,0.431980906921241,419
864e9924d017e8e3f57b370be7749c29,245,2025-10-15,Mand,utm_campaign=Basis_22&utm_content=HeaderButtonRaised&utm_medium=Matrice&utm_source=jp.dk,0,0,0,0,0,2025-03-08,2025-05-07,0,0,Tid,Ikke tid,2025-11-07,0,1,0,74,0-7 dage,Desktop-traditionalisten,195,0.391025641025641,0,1,0.4307692307692308,0,0.5846153846153846,195
86a838f1d2d0779f6e3bae98ccf53ebd,1161,2025-04-29,Mand,utm_campaign=Marts25&utm_content=sc_a&utm_medium=mail&utm_source=mail,0,1,14,6,8,2025-03-21,2025-05-01,0,0,Andet,Administrativt,2025-05-01,1,0,0,53,6+ måneder,Veteranen (Høj historik),51,0.25,0,0.27450980392156865,0.2549019607843137,0,0.5098039215686274,51
86bada2394a6cbe10af2ec8e80297326,427,2025-05-09,Mand,utm_campaign=Marts25&utm_content=sc_a&utm_medium=mail&utm_source=mail,0,1,4,2,2,2025-03-21,2025-05-20,0,0,Produkt,Anden avis/produkt,2025-05-20,1,0,0,63,6+ måneder,Desktop-traditionalisten,17,0.5882352941176471,0,1,0.35294117647058826,0,0.23529411764705882,17
870916599f1702f25f2425eb19f2b10f,469,2025-05-25,Mand,utm_campaign=Marts25&utm_medium=topticker&utm_source=jp.dk,0,0,2,2,0,2025-03-23,2025-05-22,0,0,Tid,Ikke tid,2025-06-22,0,1,1,59,6+ måneder,Power-brugeren (Mest mobil),697,0.11477761836441894,1,0,0.13916786226685796,0,0.26398852223816355,697
87134d062a81300e9fea49802e97e990,806,3000-01-01,Mand,utm_campaign=Marts25&utm_content=b&utm_medium=mail&utm_source=mail,1,1,1,0,0,2025-03-05,2025-05-04,4,4,Ingen afmelding,Ingen afmelding,3000-01-01,0,1,0,80,6+ måneder,Mobil-nykommeren,7,0.6071428571428571,0.42857142857142855,0,0.7142857142857143,0,0.14285714285714285,7
879b5551329d17757e5e7f7688f33b46,729,3000-01-01,Kvinde,utm_campaign=Marts25&utm_content=a&utm_medium=mail&utm_source=mail,1,1,2,2,0,2025-03-05,2025-05-04,0,0,Ingen afmelding,Ingen afmelding,3000-01-01,0,1,0,57,6+ måneder,Mobil-nykommeren,14,0.375,0.7857142857142857,0.21428571428571427,0.07142857142857142,0.14285714285714285,0.7857142857142857,14
87d2a11d788649d4c69bb4e10ff780c0,176,2025-04-11,Mand,utm_campaign=Marts25&utm_medium=Matrice&utm_source=jp.dk,1,0,1,1,0,2025-03-12,2025-05-11,0,2,Tid,Ikke tid,2025-05-11,1,0,0,81,6+ måneder,Desktop-traditionalisten,2,0.375,0,1,0,0,0.5,2
87ea5962d114ff09f1e4f50555fb2a67,127,2025-03-24,Mand,utm_campaign=Marts25&utm_medium=topticker&utm_source=jp.dk,0,1,6,0,5,2025-03-23,2025-05-22,0,0,Andet,kunden ønsker ikke at oplyse,2025-05-22,1,0,0,53,6+ måneder,Power-brugeren (Mest mobil),476,0.3335084033613445,1,0,0.2605042016806723,0.48109243697478993,0.5126050420168067,476
883b095032e3de2ea29c0f37082e116f,344,2026-02-15,Kvinde,utm_campaign=Marts25&utm_content=A&utm_medium=content&utm_source=jp.dk,0,0,1,0,1,2025-03-21,2025-05-20,0,0,Tid,Ikke tid,2026-02-20,0,1,0,59,6+ måneder,Desktop-traditionalisten,1,0.75,0,1,1,0,0,1
88d4181ee400dcd9d013e7a31b618d2a,824,3000-01-01,Mand,utm_campaign=Marts25&utm_content=sc_b&utm_medium=mail&utm_source=mail,0,1,5,5,3,2025-03-21,2025-05-20,0,0,Ingen afmelding,Ingen afmelding,3000-01-01,0,1,0,58,6+ måneder,Desktop-traditionalisten,106,0.32075471698113206,0.018867924528301886,0.9811320754716981,0.3584905660377358,0,0.7924528301886793,106
890c53b5a0b80578830b84510b6b76b8,92,2025-05-18,Kvinde,utm_campaign=Marts25&utm_content=B&utm_medium=content&utm_source=jp.dk,0,0,0,0,0,2025-03-17,2025-05-16,0,0,Produkt,Redaktionelt indhold / holdning,2025-06-16,0,1,1,49,0-7 dage,Mobil-nykommeren,21,0.5119047619047619,0.6666666666666666,0.3333333333333333,0.23809523809523808,0.23809523809523808,0.38095238095238093,21
892870b7adcff5ec90a80203b1724bbb,61,2025-03-11,Kvinde,utm_campaign=Marts25&utm_content=B&utm_medium=content&utm_source=jp.dk,0,0,0,0,0,2025-03-11,2025-05-10,0,0,Produkt,Anden avis/produkt,2025-05-10,1,0,0,54,6+ måneder,Mobil-nykommeren,13,0.23076923076923078,1,0,0.23076923076923078,0.07692307692307693,0.6153846153846154,13
89c59f1c957f1af29ebb9e618cf55e5c,506,2025-10-20,Mand,utm_campaign=Basis_22&utm_content=HeaderButtonRaised&utm_medium=Matrice&utm_source=jp.dk,0,1,7,3,4,2025-03-24,2025-05-23,0,0,Økonomi,Pris,2025-10-23,0,1,0,50,6+ måneder,Power-brugeren (Mest mobil),835,0.24850299401197604,0.911377245508982,0.08862275449101796,0.237125748502994,0.003592814371257485,0.41916167664670656,835
89fe18e88ee14abb6b80d6c2bffe70fe,871,2025-08-01,Mand,utm_campaign=Marts25&utm_content=sc_a&utm_medium=mail&utm_source=mail,0,1,10,5,6,2025-03-21,2025-05-20,1,1,Andet,kunden ønsker ikke at oplyse,2025-08-20,0,1,0,63,6+ måneder,Veteranen (Høj historik),92,0.4266304347826087,1,0,0.3695652173913043,0.18478260869565216,0.358695652173913,92
8a239924445f96f10127646a4856955e,370,3000-01-01,Mand,utm_campaign=Marts25&utm_content=A&utm_medium=content&utm_source=jp.dk,0,0,0,0,0,2025-03-23,2025-05-22,3,3,Ingen afmelding,Ingen afmelding,3000-01-01,0,1,0,53,6+ måneder,Desktop-traditionalisten,229,0.3722707423580786,0.18777292576419213,0.8122270742358079,0.2314410480349345,0,0.5240174672489083,229
8a807bb2fc8743e59c5d7479472d53d9,556,2025-12-05,Kvinde,utm_campaign=Marts25&utm_content=sc_b&utm_medium=mail&utm_source=mail,1,1,1,1,0,2025-03-21,2025-05-20,0,0,Andet,kunden ønsker ikke at oplyse,2025-12-20,0,1,0,55,6+ måneder,Mobil-nykommeren,194,0.21520618556701032,0.8298969072164949,0.17010309278350516,0.22164948453608246,0.02577319587628866,0.41237113402061853,194
8a8a1e0958061656cc7c89651411c6eb,1013,3000-01-01,Mand,utm_campaign=Marts25&utm_content=B&utm_medium=content&utm_source=jp.dk,0,0,4,3,0,2025-03-20,2025-05-19,0,0,Ingen afmelding,Ingen afmelding,3000-01-01,0,1,0,67,6+ måneder,Desktop-traditionalisten,487,0.5816221765913757,0.063655030800821355,0.9363449691991786,0.41478439425051333,0,0.675564681724846,484
8af08980740ee721f3d745897e3f128a,383,2026-03-07,Mand,utm_campaign=Basis_22&utm_content=HeaderButtonRaised&utm_medium=Matrice&utm_source=jp.dk,0,0,0,0,0,2025-03-10,2025-05-09,0,0,Produkt,Redaktionelt indhold / holdning,2026-04-29,0,1,0,61,0-7 dage,Desktop-traditionalisten,29,0.45689655172413796,0,1,0.3448275862068966,0,0.7931034482758621,29
8b716e11d42ed2e3a0ab16af04e27afd,6,2025-03-19,Mand,utm_campaign=Marts25&utm_content=A&utm_medium=content&utm_source=jp.dk,0,0,0,0,0,2025-03-14,2025-03-19,0,0,Andet,Ingen årsag – ingen tlf kontakt,2025-03-19,1,0,0,73,6+ måneder,Mobil-nykommeren,3,0.6666666666666666,1,0,0.3333333333333333,0,0,3
8b7f6aa45ee2f16c5020b05f5ef44a95,809,2025-04-12,Mand,utm_campaign=Marts25&utm_medium=topticker&utm_source=jp.dk,0,1,5,3,1,2025-03-11,2025-05-10,1,1,Tid,Ikke tid,2025-05-10,1,0,0,53,6+ måneder,Power-brugeren (Mest mobil),377,0.23076923076923078,1,0,0.15915119363395225,0,0.4323607427055703,377
8bb9a07142551de94074b33e7aed10b4,397,3000-01-01,Mand,utm_campaign=Basis_22&utm_content=HeaderButtonRaised&utm_medium=Matrice&utm_source=jp.dk,0,0,1,0,1,2025-03-03,2025-05-02,0,0,Ingen afmelding,Ingen afmelding,3000-01-01,0,1,0,38,6+ måneder,Mobil-nykommeren,125,0.308,1,0,0.288,0,0.624,125
8be83d73b038d09aead452870daaac86,387,3000-01-01,Mand,utm_campaign=Marts25&utm_content=B&utm_medium=content&utm_source=jp.dk,1,1,0,0,0,2025-03-06,2025-05-05,0,0,Ingen afmelding,Ingen afmelding,3000-01-01,0,1,0,57,0-7 dage,Desktop-traditionalisten,159,0.3223270440251572,0.05660377358490566,0.9433962264150944,0.2893081761006289,0,0.46540880503144655,159
8c033696b57b3ff5b67f457a01171285,1420,2025-05-19,Kvinde,utm_campaign=Basis_22&utm_content=HeaderButtonRaised&utm_medium=Matrice&utm_source=jp.dk,0,1,8,3,0,2025-03-21,2025-05-20,0,0,Økonomi,Pris,2025-05-20,1,0,0,73,6+ måneder,Power-brugeren (Mest mobil),101,0.5198019801980198,1,0,0.46534653465346537,0.0891089108910891,0.8613861386138614,101
8c63bc6f82daa6485b044ed69e133b19,585,2025-04-16,Mand,utm_campaign=Marts25&utm_content=e-avis_ikkeabn&utm_medium=matrice&utm_source=jp.dk,0,0,5,3,2,2025-03-23,2025-05-22,4,3,Produkt,Anden avis/produkt,2025-05-22,1,0,0,73,6+ måneder,Spøgelses-brugeren (Lav aktivitet),5,0.05,0,1,0,0,0.4,5
8c8501b6f01490740c1b4c8ebee422e8,394,3000-01-01,Mand,utm_campaign=Marts25&utm_content=B&utm_medium=content&utm_source=jp.dk,0,0,1,0,1,2025-03-13,2025-05-12,0,0,Ingen afmelding,Ingen afmelding,3000-01-01,0,1,0,60,6+ måneder,Desktop-traditionalisten,146,0.3407534246575342,0.2191780821917808,0.7808219178082192,0.3150684931506849,0.0136986301369863,0.541095890410959,146
8ca62176a2868f3a1c9d4b663d802fba,124,2025-03-06,Mand,utm_campaign=Biler&utm_content=2025-03-05&utm_medium=email&utm_source=jp,0,1,1,1,1,2025-03-05,2025-05-04,6,6,Økonomi,Pris,2025-05-04,1,0,0,71,6+ måneder,Mobil-nykommeren,237,0.5084388185654009,0.9831223628691983,0.016877637130801686,0.4810126582278481,0.004219409282700422,0.39662447257383965,237
8d6db829e8ec4283d3d84a0f47ef3c8e,426,2025-07-23,Mand,utm_campaign=Basis_22&utm_content=HeaderButtonRaised&utm_medium=Matrice&utm_source=jp.dk,1,1,4,4,3,2025-03-22,2025-05-21,4,4,Digitalt,Tekniske problemer (kunde),2025-08-21,0,1,0,84,6+ måneder,Veteranen (Høj historik),49,0.33163265306122447,0,0.9591836734693877,0.4897959183673469,0.04081632653061224,0.3673469387755102,49
8d905c53b4f60e9724904c8f4a3ba95a,214,2025-03-19,Mand,utm_campaign=Marts25&utm_content=Footer&utm_medium=Matrice&utm_source=jp.dk,0,1,2,2,0,2025-03-19,2025-05-18,2,2,Økonomi,Pris,2025-05-18,1,0,0,54,6+ måneder,Desktop-traditionalisten,275,0.21636363636363637,0.4509090909090909,0.5490909090909091,0.2,0,0.4618181818181818,275
8d94d2a99648c5c349664783a22e7366,382,3000-01-01,Mand,utm_campaign=Marts25&utm_content=A&utm_medium=content&utm_source=jp.dk,0,0,0,0,0,2025-03-11,2025-05-10,0,0,Ingen afmelding,Ingen afmelding,3000-01-01,0,1,0,59,6+ måneder,Mobil-nykommeren,7,0.25,1,0,0.2857142857142857,0,0.5714285714285714,7
8da2e4c70ab7969f71c228ca4d5213d9,372,3000-01-01,Mand,utm_campaign=Marts25&utm_content=sc_b&utm_medium=mail&utm_source=mail,0,0,0,0,0,2025-03-21,2025-05-20,0,0,Ingen afmelding,Ingen afmelding,3000-01-01,0,1,0,63,0-7 dage,Power-brugeren (Mest mobil),561,0.2339572192513369,0.7361853832442068,0.2638146167557932,0.25668449197860965,0,0.45454545454545453,561
8ddd9da87f5d0aff556598905938e9e4,369,3000-01-01,Mand,utm_campaign=Marts25&utm_content=B&utm_medium=content&utm_source=jp.dk,0,0,0,0,0,2025-03-24,2025-05-23,0,0,Ingen afmelding,Ingen afmelding,3000-01-01,0,1,0,65,6+ måneder,Mobil-nykommeren,163,0.46319018404907975,1,0,0.4171779141104294,0,0.7055214723926381,163
8e19042933cfe2a4899f617526666507,1106,2025-03-05,Kvinde,utm_campaign=&utm_content=genbesog_JP_digital&utm_medium=ppc&utm_source=adwords&utm_term=jyllands-posten+abonnementer,0,1,16,11,6,2025-03-05,2025-05-04,0,0,Andet,kunden ønsker ikke at oplyse,2025-05-04,1,0,0,62,6+ måneder,Veteranen (Høj historik),5,0.15,1,0,0.4,0,0.4,5
8e3f83df238b7c83c8cfa217c33b9e95,61,2025-03-20,Mand,utm_campaign=Marts25&utm_content=A&utm_medium=content&utm_source=jp.dk,0,0,0,0,0,2025-03-03,2025-05-02,0,0,Økonomi,Pris,2025-05-02,1,0,0,68,0-7 dage,Mobil-nykommeren,326,0.20398773006134968,0.5061349693251533,0.4938650306748466,0.19325153374233128,0,0.3374233128834356,326
8e48f4745035a6aec9cb5ce22b3cf29e,1180,3000-01-01,Mand,utm_campaign=Basis_22&utm_content=HeaderButtonRaised&utm_medium=Matrice&utm_source=jp.dk,1,1,4,1,1,2025-03-11,2025-05-10,0,0,Ingen afmelding,Ingen afmelding,3000-01-01,0,1,0,61,6+ måneder,Power-brugeren (Mest mobil),637,0.4215070643642072,0.5855572998430141,0.41444270015698587,0.37676609105180536,0.0015698587127158557,0.6122448979591837,637
8ea82943798597396a272ed57e26eadd,101,2025-03-07,Kvinde,utm_campaign=Basis_22&utm_content=HeaderButtonRaised&utm_medium=Matrice&utm_source=jp.dk,0,0,0,0,0,2025-03-03,2025-05-02,0,0,Produkt,Redaktionelt indhold / holdning,2025-05-02,1,0,0,50,0-7 dage,Mobil-nykommeren,395,0.20506329113924052,0.7037974683544304,0.29620253164556964,0.22784810126582278,0.017721518987341773,0.46582278481012657,395
8efb8a33d556fb901829086a16b7d0ef,371,3000-01-01,Kvinde,utm_campaign=Marts25&utm_content=sc_a&utm_medium=mail&utm_source=mail,1,1,0,0,0,2025-03-22,2025-05-21,0,0,Ingen afmelding,Ingen afmelding,3000-01-01,0,1,0,69,6+ måneder,Spøgelses-brugeren (Lav aktivitet),0,0,0,0,0,0,0,0
8f024d44baff2d628ed87ca219f535df,460,2025-10-26,Ikke oplyst,utm_campaign=Marts25&utm_content=A&utm_medium=content&utm_source=jp.dk,1,1,1,1,0,2025-03-19,2025-05-18,0,0,Tid,Ikke tid,2025-11-18,0,1,0,75,6+ måneder,Power-brugeren (Mest mobil),464,0.3011853448275862,1,0,0.32112068965517243,0,0.5495689655172413,462
8fa0a44a9bd3140f0ffb0c221d291f7c,227,2025-07-04,Mand,utm_campaign=Marts25&utm_content=A&utm_medium=content&utm_source=jp.dk,1,0,1,1,0,2025-03-18,2025-05-17,1,1,Produkt,Redaktionelt indhold / holdning,2025-07-17,0,1,1,69,6+ måneder,Desktop-traditionalisten,203,0.47783251231527096,0.14285714285714285,0.8571428571428571,0.33004926108374383,0.0049261083743842365,0.5812807881773399,203
8fc8ac5a28516c7528190dc596a5cda5,446,2025-10-27,Kvinde,utm_campaign=Marts25&utm_content=A&utm_medium=content&utm_source=jp.dk,0,0,1,1,0,2025-03-23,2025-05-22,0,0,Andet,RVS,2025-10-26,0,1,0,32,6+ måneder,Desktop-traditionalisten,2,0.125,0,1,1,0.5,0,2
9032519e0fe05946b3e715ff4c2c75c1,1417,2025-05-06,Kvinde,utm_campaign=Marts25&utm_content=sc_b&utm_medium=mail&utm_source=mail,0,0,3,1,1,2025-03-21,2025-05-20,0,0,Produkt,Anden avis/produkt,2025-05-20,1,0,0,70,6+ måneder,Power-brugeren (Mest mobil),545,0.3119266055045872,0.5339449541284403,0.46605504587155966,0.27155963302752295,0.001834862385321101,0.7614678899082569,544
905ad53e7ca2f7ae55cfa5b3734fae4e,61,2025-03-15,Mand,utm_campaign=Marts25&utm_content=A&utm_medium=content&utm_source=jp.dk,0,0,0,0,0,2025-03-15,2025-05-14,0,0,Produkt,Redaktionelt indhold / holdning,2025-05-14,1,0,0,50,6+ måneder,Desktop-traditionalisten,33,0.6439393939393939,0,1,0.36363636363636365,0,0.7878787878787878,33
9082cd5bd339e7f6efaeac23a1551815,214,2025-07-23,Kvinde,utm_campaign=Basis_22&utm_content=HeaderButtonRaised&utm_medium=Matrice&utm_source=jp.dk,0,0,1,0,0,2025-03-20,2025-05-19,0,0,Tid,Ikke tid,2025-08-19,0,1,0,49,6+ måneder,Mobil-nykommeren,96,0.4166666666666667,1,0,0.34375,0.07291666666666667,0.53125,96
9085842c1a16035b84b13ba7366a831b,370,3000-01-01,Mand,utm_campaign=Basis_22&utm_content=MegaMenu&utm_medium=Matrice&utm_source=jp.dk,0,0,0,0,0,2025-03-23,2025-05-22,0,0,Ingen afmelding,Ingen afmelding,3000-01-01,0,1,0,97,6+ måneder,Spøgelses-brugeren (Lav aktivitet),0,0,0,0,0,0,0,0
9153a6624713df854263c439289aa3a4,738,3000-01-01,Kvinde,utm_campaign=Marts25&utm_content=sc_a&utm_medium=mail&utm_source=mail,0,1,1,1,0,2025-03-21,2025-05-20,0,2,Ingen afmelding,Ingen afmelding,3000-01-01,0,1,0,82,6+ måneder,Spøgelses-brugeren (Lav aktivitet),0,0,0,0,0,0,0,0
9177a0160817a3ccdf86b3362a0d1d66,384,3000-01-01,Mand,utm_campaign=Marts25&utm_content=A&utm_medium=content&utm_source=jp.dk,0,0,0,0,0,2025-03-09,2025-05-08,0,0,Ingen afmelding,Ingen afmelding,3000-01-01,0,1,0,57,0-7 dage,Mobil-nykommeren,258,0.15503875968992248,0.9961240310077519,0.003875968992248062,0.2751937984496124,0.5232558139534884,0.4573643410852713,254
919a380d7dea5a8eeebdaf2e52bf165a,395,3000-01-01,Mand,utm_campaign=Marts25&utm_content=b&utm_medium=mail&utm_source=mail,1,1,1,0,1,2025-03-05,2025-05-04,0,0,Ingen afmelding,Ingen afmelding,3000-01-01,0,1,0,74,6+ måneder,Power-brugeren (Mest mobil),515,0.2058252427184466,0.7708737864077669,0.229126213592233,0.37281553398058254,0,0.7378640776699029,515
91a2573ca8e375c5c1612a20c525f5c5,1392,2025-03-21,Mand,utm_campaign=Marts25&utm_content=B&utm_medium=content&utm_source=jp.dk,0,1,5,3,1,2025-03-13,2025-05-12,0,0,Andet,kunden ønsker ikke at oplyse,2025-05-12,1,0,0,48,6+ måneder,Power-brugeren (Mest mobil),1327,0.23455162019593068,0.8251695553880934,0.17483044461190655,0.22305953278070836,0.0015071590052750565,0.3700075357950264,1323
91da1e0cb5dca0f1aa2018f7cd3c4508,417,2025-04-09,Kvinde,utm_campaign=Marts25&utm_content=sc_a&utm_medium=mail&utm_source=mail,0,1,5,1,3,2025-03-21,2025-05-20,4,4,Digitalt,Tekniske problemer (kunde),2025-05-20,1,0,0,80,6+ måneder,Mobil-nykommeren,2,0.25,0.5,0.5,0.5,0,0,2
91f8807046303bf8b0ebf8712503812d,538,2025-12-09,Mand,utm_campaign=Marts25&utm_content=b&utm_medium=mail&utm_source=mail,0,1,3,2,2,2025-03-05,2025-05-04,1,1,Tid,Ikke tid,2026-01-04,0,1,0,73,6+ måneder,Mobil-nykommeren,34,0.5808823529411765,0.6470588235294118,0.35294117647058826,0.5588235294117647,0,0.20588235294117646,34
9226bce10f06f4ab2d13d793985fe2dc,697,2025-03-23,Mand,utm_campaign=Marts25&utm_content=sc_b&utm_medium=mail&utm_source=mail,0,1,18,6,15,2025-03-23,2025-05-22,0,0,Økonomi,Pris,2025-05-22,1,0,0,51,6+ måneder,Veteranen (Høj historik),20,0.3625,0.85,0.15,0.3,0.05,0.55,20
9254dd7538b530e8e5015f612d51d553,61,2025-03-26,Kvinde,utm_campaign=Marts25&utm_content=A&utm_medium=content&utm_source=jp.dk,0,0,0,0,0,2025-03-13,2025-05-12,0,0,Tid,Ikke tid,2025-05-12,1,0,0,72,6+ måneder,Mobil-nykommeren,14,0.375,0.5,0.21428571428571427,0.5714285714285714,0,0.5714285714285714,14
928b157e4e5cadd4d92b31f0458e8a25,184,2025-07-06,Kvinde,utm_campaign=Marts25&utm_content=A&utm_medium=content&utm_source=jp.dk,0,0,1,1,0,2025-03-17,2025-05-16,0,0,Tid,Ikke tid,2025-07-16,0,1,1,37,6+ måneder,Desktop-traditionalisten,4,0.25,0,1,0.25,0,0.25,4
92cd67180417eb40d415c800fed452bf,202,2025-07-25,Kvinde,utm_campaign=Marts25&utm_content=b&utm_medium=mail&utm_source=mail,0,1,4,3,3,2025-03-05,2025-05-04,1,1,Tid,Ikke tid,2025-08-04,0,1,0,81,6+ måneder,Desktop-traditionalisten,5,0.75,0,1,0.2,0,0.8,5
9320c0ecb452f188cb6fecb6fa4ecb70,1200,2025-03-10,Mand,utm_campaign=Basis_22&utm_content=HeaderButtonRaised&utm_medium=Matrice&utm_source=jp.dk,0,0,13,5,7,2025-03-10,2025-05-09,1,1,Økonomi,Pris,2025-05-09,1,0,0,75,6+ måneder,Veteranen (Høj historik),20,0.5875,1,0,0.3,0,0.9,20
93625aee48370e1661dd32a64c270def,899,3000-01-01,Mand,utm_campaign=Marts25&utm_content=B&utm_medium=content&utm_source=jp.dk,0,1,5,2,3,2025-03-08,2025-05-07,3,3,Ingen afmelding,Ingen afmelding,3000-01-01,0,1,0,57,6+ måneder,Desktop-traditionalisten,144,0.296875,0,1,0.20833333333333334,0.006944444444444444,0.8472222222222222,144
93e230b871260afcd9027dfe1742fd01,352,2025-10-15,Kvinde,utm_campaign=Marts25&utm_content=A&utm_medium=content&utm_source=jp.dk,0,1,4,2,3,2025-03-05,2025-05-04,0,0,Økonomi,Pris,2025-11-04,0,1,0,80,6+ måneder,Desktop-traditionalisten,9,0.5277777777777778,0,1,0.1111111111111111,0.3333333333333333,0.5555555555555556,9
93fa9537926c7f96cf472bf3e3a30bca,1267,3000-01-01,Mand,utm_campaign=Basis_22&utm_content=HeaderButtonRaised&utm_medium=Matrice&utm_source=jp.dk,1,1,7,5,2,2025-03-13,2025-05-12,0,2,Ingen afmelding,Ingen afmelding,3000-01-01,0,1,0,76,6+ måneder,Power-brugeren (Mest mobil),2363,0.357278882776132,0,1,0.256453660600931,0.0012695725772323319,0.8315700380871773,2348
941c2b3054d4aff517aef077da1ed7a0,1083,2025-09-26,Mand,utm_campaign=Marts25&utm_content=sc_a&utm_medium=mail&utm_source=mail,0,1,6,6,1,2025-03-21,2025-05-20,0,2,Tid,Ikke tid,2025-10-20,0,1,0,73,6+ måneder,Desktop-traditionalisten,186,0.34139784946236557,0,1,0.3279569892473118,0,0.5483870967741935,186
946fd068a3cb38c2818f0595c48c8dc7,408,3000-01-01,Mand,,0,1,2,1,2,2025-03-06,2025-05-05,1,0,Ingen afmelding,Ingen afmelding,3000-01-01,0,1,0,76,6+ måneder,Spøgelses-brugeren (Lav aktivitet),0,0,0,0,0,0,0,0
94b676c80fe51500f9b72c7222d01021,306,2026-01-20,Mand,utm_campaign=Basis_22&utm_content=App_android&utm_medium=Matrice&utm_source=App,1,1,0,0,0,2025-03-23,2025-05-22,0,0,Økonomi,Pris,2026-01-22,0,1,0,59,0-7 dage,Mobil-nykommeren,36,0.4236111111111111,1,0,0.3888888888888889,0,0.2222222222222222,36
95278ba8adc6b0fdd3f509baf2f967e4,352,2025-04-11,Kvinde,utm_campaign=Marts25&utm_content=sc_a&utm_medium=mail&utm_source=mail,0,1,9,5,5,2025-03-21,2025-05-20,2,2,Produkt,Anden avis/produkt,2025-05-20,1,0,0,76,6+ måneder,Veteranen (Høj historik),109,0.5825688073394495,0.045871559633027525,0.8256880733944955,0.5412844036697247,0.01834862385321101,0.1651376146788991,109
9529d220006c3cb9dbe9a74a46013a79,214,2025-10-21,Mand,utm_campaign=Marts25&utm_content=A&utm_medium=content&utm_source=jp.dk,0,0,0,0,0,2025-03-22,2025-05-21,0,0,Andet,Dårlig kundeservice / oplevelse,2025-10-21,0,1,0,57,6+ måneder,Mobil-nykommeren,28,0.8214285714285714,0.8571428571428571,0.14285714285714285,0.5714285714285714,0,0.5714285714285714,28
952f7975704d54cd4af0b892ac9c62d1,61,2025-03-20,Kvinde,utm_campaign=Basis_22&utm_content=MegaMenu&utm_medium=Matrice&utm_source=jp.dk,0,0,0,0,0,2025-03-04,2025-05-03,0,0,Produkt,Redaktionelt indhold / holdning,2025-05-03,1,0,0,26,6+ måneder,Mobil-nykommeren,187,0.23663101604278075,0.5668449197860963,0.43315508021390375,0.2620320855614973,0.20320855614973263,0.6417112299465241,187
95475eb5c95d53d33288731c7721d070,153,2025-07-28,Kvinde,utm_campaign=Marts25&utm_content=A&utm_medium=content&utm_source=jp.dk,0,0,0,0,0,2025-03-09,2025-05-08,0,0,Produkt,Redaktionelt indhold / holdning,2025-08-08,0,1,0,67,0-7 dage,Mobil-nykommeren,11,0.25,1,0,0.18181818181818182,0,0.2727272727272727,11
95558b3372f189aac34ee20d87310feb,703,2025-08-12,Kvinde,utm_campaign=Marts25&utm_medium=Weblayer&utm_source=jp.dk,0,1,5,4,0,2025-03-21,2025-05-21,1,1,Tid,Ikke tid,2025-08-31,0,1,0,62,6+ måneder,Mobil-nykommeren,16,0.265625,1,0,0.3125,0,0.25,16
958256f5ac2353959f4f7f76b7cdda54,323,2025-05-15,Mand,utm_campaign=Marts25&utm_content=A&utm_medium=content&utm_source=jp.dk,0,0,1,1,0,2025-03-17,2025-05-16,0,0,Produkt,Redaktionelt indhold / holdning,2025-05-16,1,0,0,41,6+ måneder,Power-brugeren (Mest mobil),684,0.32858187134502925,0.9941520467836257,0.0043859649122807015,0.2880116959064328,0,0.6622807017543859,684
959c700e99c5e04175aa14267701fb89,613,2025-05-23,Mand,utm_campaign=Marts25&utm_content=sc_a&utm_medium=mail&utm_source=mail,1,0,7,3,2,2025-03-21,2025-05-20,0,1,Tid,Ikke tid,2025-06-20,0,1,1,68,6+ måneder,Desktop-traditionalisten,70,0.49642857142857144,0,1,0.44285714285714284,0.2857142857142857,0.42857142857142855,70
95a2228013a28207e917ce359ee6a7ef,153,2025-07-23,Mand,utm_campaign=Marts25&utm_content=A&utm_medium=content&utm_source=jp.dk,0,0,0,0,0,2025-03-21,2025-05-20,0,0,Produkt,Redaktionelt indhold / holdning,2025-08-20,0,1,0,41,6+ måneder,Mobil-nykommeren,6,0.3333333333333333,1,0,0.5,0,0.3333333333333333,6
9643696e3d7223eba64c33fec571a3ed,1037,2025-06-23,Kvinde,utm_campaign=Marts25&utm_content=B&utm_medium=content&utm_source=jp.dk,0,1,14,7,6,2025-03-20,2025-05-19,0,0,Andet,kunden ønsker ikke at oplyse,2025-07-19,0,1,1,54,6+ måneder,Power-brugeren (Mest mobil),345,0.27318840579710146,0.7768115942028986,0.22318840579710145,0.32463768115942027,0.002898550724637681,0.5304347826086957,343
967d82c28270edd1b92191a9b29fbd6c,122,2025-04-22,Kvinde,utm_campaign=Basis_22&utm_content=HeaderButtonRaised&utm_medium=Matrice&utm_source=jp.dk,0,0,1,1,0,2025-03-04,2025-05-03,0,0,Tid,Ikke tid,2025-05-03,1,0,0,64,6+ måneder,Mobil-nykommeren,126,0.35119047619047616,1,0,0.29365079365079366,0,0.6587301587301587,126
97277819e09ed9f7d393fd3f3d624656,1133,2025-05-19,Mand,utm_campaign=Marts25&utm_content=B&utm_medium=content&utm_source=jp.dk,1,1,25,10,14,2025-03-21,2025-05-20,8,8,Økonomi,Pris,2025-05-20,1,0,0,70,6+ måneder,Veteranen (Høj historik),60,0.575,1,0,0.6166666666666667,0,0.03333333333333333,60
9797839576569545caa2f1cf389108ef,61,2025-04-11,Kvinde,utm_campaign=Marts25&utm_content=A&utm_medium=content&utm_source=jp.dk,0,0,0,0,0,2025-03-21,2025-05-20,0,0,Produkt,Redaktionelt indhold / holdning,2025-05-20,1,0,0,50,6+ måneder,Desktop-traditionalisten,28,0.7589285714285714,0,1,0.5357142857142857,0,0.5,28
97beab50358c19e80a9d7854ec4d2d58,633,3000-01-01,Mand,utm_campaign=Marts25&utm_content=B&utm_medium=content&utm_source=jp.dk,1,1,2,2,0,2025-03-03,2025-05-02,1,1,Ingen afmelding,Ingen afmelding,3000-01-01,0,1,0,50,6+ måneder,Desktop-traditionalisten,284,0.44014084507042256,0.3274647887323944,0.6725352112676056,0.3767605633802817,0.014084507042253521,0.6373239436619719,284
98a508cb2794343697306b36d6838903,373,3000-01-01,Mand,utm_campaign=Basis_22&utm_content=HeaderButtonRaised&utm_medium=Matrice&utm_source=jp.dk,0,1,0,0,0,2025-03-20,2025-05-19,0,0,Ingen afmelding,Ingen afmelding,3000-01-01,0,1,0,64,6+ måneder,Desktop-traditionalisten,49,0.1377551020408163,0,1,0.08163265306122448,0,0.24489795918367346,49
98cc01e63f399c96201bfd463028c9ee,92,2025-05-18,Mand,utm_campaign=&utm_medium=ppc&utm_source=adwords&utm_term=jyllands-posten+abonnement,0,0,0,0,0,2025-03-11,2025-05-10,0,0,Økonomi,Pris,2025-06-10,0,1,1,75,6+ måneder,Mobil-nykommeren,52,0.5240384615384616,0.7307692307692307,0.019230769230769232,0.5384615384615384,0,0.2692307692307692,52
9907abce208587f376f3d01a7639787b,85,2025-03-28,Kvinde,utm_campaign=Marts25&utm_content=A&utm_medium=content&utm_source=jp.dk,0,0,0,0,0,2025-03-18,2025-05-17,0,0,Produkt,Anden avis/produkt,2025-05-17,1,0,0,83,6+ måneder,Desktop-traditionalisten,64,0.71484375,0,1,0.546875,0.015625,0.421875,64
9914011e182681ed9d6c24cb442405ce,152,2025-03-17,Mand,utm_campaign=Marts25&utm_content=b&utm_medium=mail&utm_source=mail,1,1,4,3,3,2025-03-05,2025-05-04,1,1,Tid,Ikke tid,2025-05-04,1,0,0,77,6+ måneder,Desktop-traditionalisten,3,0.5,0,1,0.6666666666666666,0,0.6666666666666666,3
995b95ede4107aab54f00f40a337f04f,214,2025-09-23,Mand,utm_campaign=Marts25&utm_content=A&utm_medium=content&utm_source=jp.dk,0,0,0,0,0,2025-03-20,2025-05-19,0,0,Tid,Ikke tid,2025-10-19,0,1,0,48,0-7 dage,Desktop-traditionalisten,153,0.29248366013071897,0,1,0.21568627450980393,0.0196078431372549,0.47058823529411764,153
996dc85b06c948a2c541b04413a9dfb4,61,2025-03-06,Mand,utm_campaign=Marts25&utm_content=A&utm_medium=content&utm_source=jp.dk,0,0,0,0,0,2025-03-03,2025-05-02,0,0,Tid,Ikke tid,2025-05-02,1,0,0,62,6+ måneder,Desktop-traditionalisten,393,0.26590330788804073,0,1,0.2748091603053435,0,0.6437659033078881,393
99a0f95a4a750cccd246fe2f3191a5bf,1807,3000-01-01,Mand,utm_campaign=Basis_22&utm_content=HeaderButtonRaised&utm_medium=Matrice&utm_source=jp.dk,0,0,1,0,0,2025-03-14,2025-05-13,0,0,Ingen afmelding,Ingen afmelding,3000-01-01,0,1,0,69,6+ måneder,Desktop-traditionalisten,54,0.19444444444444445,0,1,0.05555555555555555,0,0.5185185185185185,54
99acdcbfb31d153ddb16ad098baa3c2f,722,2025-04-30,Kvinde,utm_campaign=Marts25&utm_content=a&utm_medium=mail&utm_source=mail,0,1,2,2,0,2025-03-05,2025-05-04,5,6,Produkt,Anden avis/produkt,2025-05-04,1,0,0,78,6+ måneder,Mobil-nykommeren,186,0.5887096774193549,1,0,0.5053763440860215,0,0.20430107526881722,186
99b2dd2edb8fef8172f3d5b9f376f219,1540,2025-04-24,Kvinde,utm_campaign=Marts25&utm_content=sc_b&utm_medium=mail&utm_source=mail,1,1,11,6,3,2025-03-21,2025-05-20,1,1,Andet,kunden ønsker ikke at oplyse,2025-05-20,1,0,0,76,6+ måneder,Power-brugeren (Mest mobil),784,0.15465561224489796,1,0,0.19005102040816327,0.3125,0.37755102040816324,784
9a521d66e5b717f7f3fd33bda2026c9d,382,3000-01-01,Mand,utm_campaign=Marts25&utm_content=A&utm_medium=content&utm_source=jp.dk,0,0,0,0,0,2025-03-11,2025-05-10,0,0,Ingen afmelding,Ingen afmelding,3000-01-01,0,1,0,62,0-7 dage,Desktop-traditionalisten,48,0.15625,0,1,0.16666666666666666,0,0.20833333333333334,48
9a72e2d07560b1f2dcce1ddf6f4e5754,61,2025-05-02,Mand,utm_campaign=Marts25&utm_content=A&utm_medium=content&utm_source=jp.dk,0,0,0,0,0,2025-03-06,2025-05-05,0,0,Produkt,Kommercielt indhold,2025-05-05,1,0,0,67,0-7 dage,Power-brugeren (Mest mobil),580,0.475,0.5051724137931034,0.49482758620689654,0.47586206896551725,0,0.853448275862069,580
9a740f002bede65a38ed185625bccb35,1768,2025-03-18,Mand,utm_campaign=Marts25&utm_content=A&utm_medium=content&utm_source=jp.dk,1,1,10,4,3,2025-03-05,2025-05-04,0,0,Andet,kunden ønsker ikke at oplyse,2025-05-04,1,0,0,61,6+ måneder,Power-brugeren (Mest mobil),1077,0.27274837511606315,1,0,0.25812441968430827,0,0.9962859795728877,1076
9ab1c009fca6cd39cb93f9da0c90c0b3,122,2025-06-18,Mand,utm_campaign=Marts25&utm_content=A&utm_medium=content&utm_source=jp.dk,0,0,0,0,0,2025-03-14,2025-05-13,0,0,Andet,kunden ønsker ikke at oplyse,2025-07-13,0,1,1,73,6+ måneder,Mobil-nykommeren,10,0.525,0.8,0.2,0.4,0,0.7,10
9ab9e1585c8138825d923a229509bc4f,469,3000-01-01,Mand,utm_campaign=Marts25&utm_content=sc_a&utm_medium=mail&utm_source=mail,0,1,2,2,1,2025-03-21,2025-05-20,0,0,Ingen afmelding,Ingen afmelding,3000-01-01,0,1,0,72,6+ måneder,Mobil-nykommeren,7,0.17857142857142858,1,0,1,0,0,7
9b286b9d8135a91d3d8edc5f6caefe5d,99,2025-05-13,Mand,utm_campaign=Marts25&utm_content=B&utm_medium=content&utm_source=jp.dk,0,1,1,0,1,2025-03-13,2025-05-12,0,0,Tid,Ikke tid,2025-06-12,0,1,1,45,6+ måneder,Desktop-traditionalisten,140,0.4107142857142857,0,1,0.35,0,0.7642857142857142,140
9b636dd933ffe5f7bcc115d62aeee610,377,2025-05-13,Mand,utm_campaign=Basis_22&utm_content=HeaderButtonRaised&utm_medium=Matrice&utm_source=jp.dk,1,1,0,0,0,2025-03-16,2025-05-15,12,10,Andet,Administrativt,2025-05-15,1,0,0,64,0-7 dage,Veteranen (Høj historik),52,0.5144230769230769,0.6538461538461539,0.34615384615384615,0.5,0,0.019230769230769232,52
9b9aed51699330d089392e12ad4f2e6a,469,2025-05-26,Mand,utm_campaign=Marts25&utm_medium=topticker&utm_source=jp.dk,1,1,2,1,1,2025-03-24,2025-05-23,1,1,Tid,Ikke tid,2025-06-23,0,1,1,58,6+ måneder,Power-brugeren (Mest mobil),544,0.3079044117647059,1,0,0.23713235294117646,0,0.4227941176470588,544
9bfae9e41939127da82276d8e0c6a15b,628,2025-05-02,Kvinde,utm_campaign=Basis_22&utm_content=HeaderButtonRaised&utm_medium=Matrice&utm_source=jp.dk,0,1,3,3,0,2025-03-11,2025-05-10,0,0,Andet,kunden ønsker ikke at oplyse,2025-05-10,1,0,0,65,6+ måneder,Power-brugeren (Mest mobil),744,0.3165322580645161,1,0,0.31586021505376344,0,0.543010752688172,744
9c002c13eedc708f9732104b70028094,470,2025-04-29,Mand,utm_campaign=Marts25&utm_content=b&utm_medium=mail&utm_source=mail,1,1,6,3,2,2025-03-06,2025-05-05,0,0,Tid,Ikke tid,2025-05-05,1,0,0,75,6+ måneder,Desktop-traditionalisten,2,0.375,0,1,0.5,0,0,2
9cc003951ac3955755a2b1580326cf3c,99,2025-05-14,Kvinde,utm_campaign=Basis_22&utm_content=HeaderButtonRaised&utm_medium=Matrice&utm_source=jp.dk,1,1,1,0,0,2025-03-21,2025-05-20,0,0,Produkt,Redaktionelt indhold / holdning,2025-05-20,1,0,0,70,6+ måneder,Power-brugeren (Mest mobil),639,0.27543035993740217,1,0,0.29264475743348983,0,0.8841940532081377,639
9cfc1a5af23116db7eb52b11effcc4b3,999,2026-02-08,Mand,utm_campaign=Marts25&utm_content=sc_a&utm_medium=mail&utm_source=mail,1,0,12,5,8,2025-03-21,2025-05-20,0,0,Andet,Administrativt,2026-02-07,0,1,0,81,6+ måneder,Spøgelses-brugeren (Lav aktivitet),1,0,0,0,0,0,0,1
9d1a5d63801ca793f8043793666f99c0,331,2025-12-05,Kvinde,utm_campaign=Marts25&utm_content=A&utm_medium=content&utm_source=jp.dk,0,1,4,0,3,2025-03-07,2025-05-06,0,0,Økonomi,Pris,2025-12-06,0,1,0,41,6+ måneder,Mobil-nykommeren,337,0.42433234421364985,1,0,0.3293768545994065,0.002967359050445104,0.41839762611275966,337
9d2df2c58fea60728d388cf14990a8c2,61,2025-03-22,Kvinde,utm_campaign=Marts25&utm_content=A&utm_medium=content&utm_source=jp.dk,0,0,0,0,0,2025-03-21,2025-05-20,0,0,Andet,kunden ønsker ikke at oplyse,2025-05-20,1,0,0,33,6+ måneder,Spøgelses-brugeren (Lav aktivitet),0,0,0,0,0,0,0,0
9d5ff4740115f12ddda4845e9acf9f48,153,2025-07-29,Kvinde,utm_campaign=Marts25&utm_content=B&utm_medium=content&utm_source=jp.dk,0,0,0,0,0,2025-03-11,2025-05-10,0,0,Tid,Ikke tid,2025-08-10,0,1,0,67,6+ måneder,Desktop-traditionalisten,194,0.31829896907216493,0,1,0.23711340206185566,0,0.9587628865979382,194
9d7dd9a43116697257a3631fc3d43dd4,128,2025-06-26,Kvinde,utm_campaign=Basis_22&utm_content=HeaderButtonRaised&utm_medium=Matrice&utm_source=jp.dk,1,0,1,1,0,2025-03-22,2025-05-21,0,0,Tid,Ikke tid,2025-07-21,0,1,1,53,6+ måneder,Power-brugeren (Mest mobil),946,0.23017970401691332,1,0,0.22410147991543342,0,0.4069767441860465,944
9dab05fdf67b0b139c8520a54e9b97ce,146,2025-05-09,Kvinde,utm_campaign=Marts25&utm_content=6664621143452&utm_medium=fb_matrice&utm_source=some&utm_term=6657291290252,0,1,1,0,1,2025-03-11,2025-05-10,0,0,Tid,Ikke tid,2025-05-10,1,0,0,93,6+ måneder,Mobil-nykommeren,54,0.35648148148148145,0.5740740740740741,0.42592592592592593,0.25925925925925924,0,0.46296296296296297,54
9df181d1c01cad49efc7b0eab03a631d,557,2025-05-15,Mand,utm_campaign=Marts25&utm_content=A&utm_medium=content&utm_source=jp.dk,0,0,3,1,0,2025-03-12,2025-05-11,0,0,Andet,kunden ønsker ikke at oplyse,2025-11-11,0,1,0,71,6+ måneder,Power-brugeren (Mest mobil),668,0.40344311377245506,0.07634730538922156,0.9236526946107785,0.3068862275449102,0.0014970059880239522,0.5389221556886228,667
9e0088e9ee60088a284bb54dcdc18eb5,122,2025-06-20,Mand,utm_campaign=Marts25&utm_content=A&utm_medium=content&utm_source=jp.dk,0,0,0,0,0,2025-03-14,2025-05-13,0,0,Tid,Ikke tid,2025-07-13,0,1,1,59,6+ måneder,Mobil-nykommeren,313,0.33785942492012777,0.7156549520766773,0.28434504792332266,0.2715654952076677,0,0.4472843450479233,313
9e0e45845c878498d17ca42dbd872785,61,2025-04-03,Mand,utm_campaign=Marts25&utm_content=A&utm_medium=content&utm_source=jp.dk,0,0,0,0,0,2025-03-06,2025-05-05,0,0,Andet,kunden ønsker ikke at oplyse,2025-05-05,1,0,0,64,6+ måneder,Desktop-traditionalisten,234,0.38675213675213677,0,0.9957264957264957,0.358974358974359,0,0.717948717948718,234
9ee60c297a751b20d595266bd388215c,92,2025-06-03,Mand,utm_campaign=Marts25&utm_content=A&utm_medium=content&utm_source=jp.dk,0,0,0,0,0,2025-03-19,2025-05-18,0,0,Andet,RVS,2025-06-18,0,1,1,52,6+ måneder,Desktop-traditionalisten,13,0.38461538461538464,0,1,0.5384615384615384,0,0.5384615384615384,13
9eeffbaacde0e7c9e1e907f057ca5f3b,122,2025-05-25,Mand,utm_campaign=Marts25&utm_content=A&utm_medium=content&utm_source=jp.dk,0,0,1,0,0,2025-03-23,2025-05-22,0,0,Produkt,Redaktionelt indhold / holdning,2025-06-22,0,1,1,31,6+ måneder,Mobil-nykommeren,1,1,1,0,0,0,0,1
9f2b0d3c1d53f558f70bfad4c79df597,153,2025-08-19,Mand,utm_campaign=Marts25&utm_content=B&utm_medium=content&utm_source=jp.dk,1,1,0,0,0,2025-03-21,2025-05-20,0,0,Andet,RVS,2025-08-20,0,1,0,60,0-7 dage,Desktop-traditionalisten,188,0.7473404255319149,0,1,0.6117021276595744,0,0.1702127659574468,188
9f47afc2999ee1b2c0a09fdf248c8dff,61,2025-04-23,Kvinde,utm_campaign=Marts25&utm_content=A&utm_medium=content&utm_source=jp.dk,0,0,0,0,0,2025-03-15,2025-05-14,0,0,Produkt,Bestemt indhold,2025-05-14,1,0,0,51,0-7 dage,Mobil-nykommeren,4,0.6875,1,0,1,0,0.75,4
a05360ee0a103a32fdd271bf4b976650,449,2025-05-08,Mand,utm_campaign=Marts25&utm_medium=topticker&utm_source=jp.dk,0,0,1,1,0,2025-03-12,2025-05-11,0,0,Andet,Ingen årsag – ingen tlf kontakt,2025-05-11,1,0,0,72,6+ måneder,Power-brugeren (Mest mobil),842,0.30641330166270786,0.9501187648456056,0.0498812351543943,0.29453681710213775,0.0011876484560570072,0.5095011876484561,842
a06f5939bede84395229c9c718e5ef27,386,3000-01-01,Mand,utm_campaign=Marts25&utm_content=A&utm_medium=content&utm_source=jp.dk,0,1,0,0,0,2025-03-07,2025-05-06,0,0,Ingen afmelding,Ingen afmelding,3000-01-01,0,1,0,56,0-7 dage,Desktop-traditionalisten,514,0.5029182879377432,0,1,0.39883268482490275,0.08365758754863813,0.8501945525291829,514
a08e7f89635b14ed4cb87d21d13b6ed2,61,2025-03-25,Mand,utm_campaign=Marts25&utm_content=A&utm_medium=content&utm_source=jp.dk,0,0,0,0,0,2025-03-10,2025-05-09,0,0,Andet,kunden ønsker ikke at oplyse,2025-05-09,1,0,0,40,1-6 måneder,Desktop-traditionalisten,25,0.6,0.24,0.76,0.4,0.04,0.28,25
a127622a8e755cdd518273575edae201,461,2025-04-18,Mand,utm_campaign=Marts25&utm_content=sc_b&utm_medium=mail&utm_source=mail,1,1,12,4,10,2025-03-21,2025-05-20,1,1,Produkt,Redaktionelt indhold / holdning,2025-05-20,1,0,0,76,6+ måneder,Veteranen (Høj historik),184,0.20652173913043478,0.5380434782608695,0.46195652173913043,0.23369565217391305,0.07065217391304347,0.5760869565217391,184
a1982f47d5e6ad76a062e64367127c07,61,2025-03-05,Kvinde,utm_campaign=Marts25&utm_content=A&utm_medium=content&utm_source=jp.dk,0,0,0,0,0,2025-03-05,2025-05-04,0,0,Produkt,Redaktionelt indhold / holdning,2025-05-04,1,0,0,49,6+ måneder,Desktop-traditionalisten,7,0.2857142857142857,0,1,0.5714285714285714,0.2857142857142857,0.42857142857142855,7
a1ab031d1263dbcbc2c4f235f3564423,1001,2025-05-20,Mand,utm_campaign=Marts25&utm_content=sc_b&utm_medium=mail&utm_source=mail,1,1,8,3,2,2025-03-21,2025-05-20,3,3,Andet,kunden ønsker ikke at oplyse,2025-05-20,1,0,0,89,6+ måneder,Veteranen (Høj historik),141,0.31382978723404253,0,1,0.2198581560283688,0,0.41134751773049644,141
a1af3b6a83ab3831bad60fdc53a712ed,122,2025-06-16,Kvinde,utm_campaign=Marts25&utm_content=A&utm_medium=content&utm_source=jp.dk,0,0,0,0,0,2025-03-14,2025-05-13,0,0,Tid,Ikke tid,2025-07-13,0,1,1,41,6+ måneder,Desktop-traditionalisten,27,0.37037037037037035,0.14814814814814814,0.8518518518518519,0.25925925925925924,0.1111111111111111,0.7777777777777778,27
a21eb0411730430a189ef885132a43b3,533,2025-06-18,Mand,utm_campaign=Marts25&utm_content=A&utm_medium=content&utm_source=jp.dk,0,1,2,1,0,2025-03-04,2025-05-03,3,4,Andet,RVS,2025-06-17,0,1,1,65,6+ måneder,Power-brugeren (Mest mobil),424,0.24410377358490565,0,0.4363207547169811,0.19811320754716982,0.007075471698113208,0.8702830188679245,422
a245a3cd9443f61701644ddd403d4e2c,372,3000-01-01,Kvinde,utm_campaign=Marts25&utm_content=B&utm_medium=content&utm_source=jp.dk,0,1,0,0,0,2025-03-21,2025-05-20,0,2,Ingen afmelding,Ingen afmelding,3000-01-01,0,1,0,64,1-6 måneder,Mobil-nykommeren,14,0.26785714285714285,1,0,0.21428571428571427,0.21428571428571427,0.42857142857142855,14
a27140357601e9c28ca749163db1ea4f,597,2025-04-25,Kvinde,utm_campaign=Marts25&utm_content=sc_a&utm_medium=mail&utm_source=mail,1,1,3,1,2,2025-03-21,2025-05-20,0,0,Andet,Ingen årsag – ingen tlf kontakt,2025-05-20,1,0,0,70,6+ måneder,Spøgelses-brugeren (Lav aktivitet),0,0,0,0,0,0,0,0
a2a931ef8e5f6fe348f878077b5a6ee7,153,2025-07-11,Mand,utm_campaign=Basis_22&utm_content=HeaderButtonRaised&utm_medium=Matrice&utm_source=jp.dk,0,0,0,0,0,2025-03-09,2025-05-08,0,0,Andet,kunden ønsker ikke at oplyse,2025-08-08,0,1,0,60,6+ måneder,Mobil-nykommeren,7,0.6071428571428571,0.5714285714285714,0.42857142857142855,0.7142857142857143,0,0.2857142857142857,7
a2dd7c714c31465cdaf26be48eae1587,1195,2025-05-05,Mand,utm_campaign=Marts25&utm_content=sc_a&utm_medium=mail&utm_source=mail,1,0,2,1,0,2025-03-21,2025-05-04,0,0,Andet,Ingen årsag – ingen tlf kontakt,2025-05-04,1,0,0,83,6+ måneder,Mobil-nykommeren,11,0.6136363636363636,0.7272727272727273,0.2727272727272727,0.6363636363636364,0,0.6363636363636364,11
a2e729827f0e72005698a0ba1313aae1,92,2025-05-20,Mand,utm_campaign=Basis_22&utm_content=HeaderButtonRaised&utm_medium=Matrice&utm_source=jp.dk,0,0,0,0,0,2025-03-11,2025-05-10,0,0,Tid,Ikke tid,2025-06-10,0,1,1,75,6+ måneder,Mobil-nykommeren,208,0.3425480769230769,1,0,0.5096153846153846,0,0.46634615384615385,208
a31e2114032d1859c32b0b5ad797c3db,122,2025-06-20,Mand,utm_campaign=Marts25&utm_content=A&utm_medium=content&utm_source=jp.dk,0,0,0,0,0,2025-03-18,2025-05-17,0,0,Tid,Ikke tid,2025-07-17,0,1,1,46,6+ måneder,Mobil-nykommeren,12,0.3541666666666667,1,0,0.25,0,0.08333333333333333,12
a3670336ee034e5147ce83a4aab58e9b,61,2025-03-24,Kvinde,utm_campaign=Marts25&utm_content=B&utm_medium=content&utm_source=jp.dk,0,0,0,0,0,2025-03-23,2025-05-22,0,0,Produkt,Redaktionelt indhold / holdning,2025-05-22,1,0,0,33,0-7 dage,Spøgelses-brugeren (Lav aktivitet),4,0.25,0.75,0.25,0,0,0,4
a3967b887bfb0e30a6521b40211e059a,1345,2025-03-16,Mand,utm_campaign=Marts25&utm_content=A&utm_medium=content&utm_source=jp.dk,0,0,2,1,0,2025-03-16,2025-05-15,0,0,Økonomi,Pris,2025-05-15,1,0,0,43,6+ måneder,Power-brugeren (Mest mobil),486,0.29012345679012347,0.35185185185185186,0.6481481481481481,0.2366255144032922,0,0.51440329218107,486
a3f22adaaa3f71c5dbda11ce952938c8,184,2025-08-14,Mand,utm_campaign=Marts25&utm_content=A&utm_medium=content&utm_source=jp.dk,0,0,0,0,0,2025-03-10,2025-05-09,0,0,Andet,Ingen årsag – ingen tlf kontakt,2025-09-09,0,1,0,76,0-7 dage,Desktop-traditionalisten,41,0.5609756097560976,0.4146341463414634,0.5853658536585366,0.43902439024390244,0.21951219512195122,0.34146341463414637,41
a41a2cabd96ef8dbe90db14a33da8c79,1362,3000-01-01,Mand,utm_campaign=Marts25&utm_content=A&utm_medium=content&utm_source=jp.dk,0,0,5,4,0,2025-03-21,2025-05-20,0,0,Ingen afmelding,Ingen afmelding,3000-01-01,0,1,0,49,6+ måneder,Mobil-nykommeren,86,0.4941860465116279,1,0,0.3023255813953488,0.03488372093023256,0.5930232558139535,86
a44108148e8cffb011c3395b78f5f938,156,2025-08-13,Mand,utm_campaign=Marts25&utm_content=A&utm_medium=content&utm_source=jp.dk,0,0,0,0,0,2025-03-10,2025-05-09,0,0,Andet,RVS,2025-08-12,0,1,0,39,0-7 dage,Mobil-nykommeren,4,0.375,1,0,0.5,0,0,4
a48af4981d5cc3f1cd9e91e123b946ca,165,2025-03-11,Mand,utm_campaign=Marts25&utm_medium=topticker&utm_source=jp.dk,0,0,0,0,0,2025-03-11,2025-05-10,0,0,Tid,Ikke tid,2025-05-10,1,0,0,50,0-7 dage,Spøgelses-brugeren (Lav aktivitet),0,0,0,0,0,0,0,0
a49247a5a877b7120e1fc45bab3435c2,255,2025-03-10,Mand,utm_campaign=Marts25&utm_content=B&utm_medium=content&utm_source=jp.dk,0,1,1,1,0,2025-03-10,2025-05-09,0,0,Andet,kunden ønsker ikke at oplyse,2025-05-09,1,0,0,43,6+ måneder,Desktop-traditionalisten,2,0.5,0,1,0.5,0,0.5,2
a4f15224d97eb071028a4f5c814322ab,1007,2025-03-27,Mand,utm_campaign=Marts25&utm_content=A&utm_medium=content&utm_source=jp.dk,0,0,11,4,4,2025-03-04,2025-05-03,0,0,Tid,Ikke tid,2025-05-03,1,0,0,50,6+ måneder,Power-brugeren (Mest mobil),258,0.42151162790697677,0.9844961240310077,0,0.37209302325581395,0.003875968992248062,0.7131782945736435,258
a512d5a0ca762d99340e57b85e78705e,829,2025-04-23,Mand,utm_campaign=Marts25&utm_content=sc_a&utm_medium=mail&utm_source=mail,1,1,6,4,2,2025-03-23,2025-05-22,11,10,Andet,kunden ønsker ikke at oplyse,2025-05-22,1,0,0,70,6+ måneder,Veteranen (Høj historik),54,0.75,0,1,0.5,0,0.4074074074074074,54
a569d2248b9913b7e918dfc1f172760c,1346,2025-05-19,Mand,utm_campaign=Marts25&utm_content=sc_b&utm_medium=mail&utm_source=mail,1,1,5,2,2,2025-03-21,2025-05-20,0,0,Tid,Ikke tid,2025-05-20,1,0,0,77,6+ måneder,Spøgelses-brugeren (Lav aktivitet),0,0,0,0,0,0,0,0
a57f8cf69d62981546eab4ad5d846f52,1151,2025-12-09,Mand,utm_campaign=Marts25&utm_content=b&utm_medium=mail&utm_source=mail,0,1,10,6,4,2025-03-05,2025-05-04,4,5,Økonomi,Pris,2026-01-04,0,1,0,65,6+ måneder,Veteranen (Høj historik),124,0.45161290322580644,0.9274193548387096,0.07258064516129033,0.3629032258064516,0,0.3951612903225806,124
a584c7f8aa67f3399a61edd43812f0e4,122,2025-06-17,Mand,utm_campaign=Basis_22&utm_content=HeaderButtonRaised&utm_medium=Matrice&utm_source=jp.dk,0,0,0,0,0,2025-03-03,2025-05-02,0,0,Produkt,Redaktionelt indhold / holdning,2025-07-02,0,1,1,34,6+ måneder,Mobil-nykommeren,3,0.3333333333333333,1,0,0.3333333333333333,0,0.6666666666666666,3
a5c0e0274f29cd61224a91e4a8a28cfb,703,2025-04-17,Mand,utm_campaign=Marts25&utm_content=A&utm_medium=content&utm_source=jp.dk,0,0,6,3,2,2025-03-20,2025-05-19,0,0,Andet,kunden ønsker ikke at oplyse,2025-05-19,1,0,0,46,6+ måneder,Power-brugeren (Mest mobil),464,0.20043103448275862,1,0,0.21767241379310345,0.008620689655172414,0.38362068965517243,464
a5f6f94c551812c51e21c140a3b31346,376,3000-01-01,Kvinde,utm_campaign=Basis_22&utm_content=MegaMenu&utm_medium=Matrice&utm_source=jp.dk,0,0,0,0,0,2025-03-17,2025-05-16,0,0,Ingen afmelding,Ingen afmelding,3000-01-01,0,1,0,51,0-7 dage,Mobil-nykommeren,5,0.4,1,0,0.2,0,0.4,5
a63f3d49d0f18526f2965d7968082f2a,1720,2025-09-24,Mand,utm_campaign=Marts25&utm_content=sc_a&utm_medium=mail&utm_source=mail,1,1,2,0,0,2025-03-21,2025-05-20,8,8,Tid,Ikke tid,2025-10-20,0,1,0,74,6+ måneder,Veteranen (Høj historik),40,0.7,0,1,0.775,0,0.525,40
a7167ae7ddb2ba3b3198c0914e6bc76a,921,2025-06-05,Mand,utm_campaign=Marts25&utm_medium=Weblayer&utm_source=jp.dk,0,0,9,5,3,2025-03-21,2025-05-20,0,0,Økonomi,Pris,2025-06-20,0,1,1,26,6+ måneder,Power-brugeren (Mest mobil),209,0.3875598086124402,0.5885167464114832,0.41148325358851673,0.2631578947368421,0,0.6267942583732058,209
a77f1ea6a4aaa156d26bf44c45530b71,320,2025-06-12,Mand,utm_campaign=Marts25&utm_content=b&utm_medium=mail&utm_source=mail,1,1,3,1,2,2025-03-05,2025-05-04,3,3,Andet,Ingen årsag – ingen tlf kontakt,2025-07-04,0,1,1,81,6+ måneder,Power-brugeren (Mest mobil),951,0.44085173501577285,0,1,0.3175604626708728,0.0010515247108307045,0.5825446898002103,951
a7cd673a8e3e9db1b86781d7d40e317d,1406,2025-03-05,Mand,utm_campaign=Marts25&utm_content=A&utm_medium=content&utm_source=jp.dk,1,1,30,17,13,2025-03-05,2025-05-04,0,0,Økonomi,Pris,2025-05-04,1,0,0,54,6+ måneder,Veteranen (Høj historik),1174,0.16737649063032367,1,0,0.1848381601362862,0,0.34497444633730834,1173
a7d71891dcba30f635b04d7efb287a2e,377,3000-01-01,Mand,utm_campaign=Marts25&utm_content=A&utm_medium=content&utm_source=jp.dk,0,0,0,0,0,2025-03-16,2025-05-15,0,0,Ingen afmelding,Ingen afmelding,3000-01-01,0,1,0,50,0-7 dage,Mobil-nykommeren,17,0.3382352941176471,1,0,0.29411764705882354,0,0.6470588235294118,17
a7e986aac8ad1d94417c528739b94ff3,634,2025-10-13,Mand,utm_campaign=Marts25&utm_content=b&utm_medium=mail&utm_source=mail,1,1,1,1,0,2025-03-05,2025-05-04,0,0,Tid,Ikke tid,2025-11-04,0,1,0,77,6+ måneder,Mobil-nykommeren,1,0.75,1,0,1,0,1,1
a849d9488b9cdf59051a61d3ef094af8,1880,2025-11-09,Mand,utm_campaign=Marts25&utm_content=A&utm_medium=content&utm_source=jp.dk,0,1,4,3,0,2025-03-06,2025-05-05,0,0,Andet,RVS,2025-11-08,0,1,0,57,6+ måneder,Power-brugeren (Mest mobil),1028,0.4180447470817121,0.6867704280155642,0.3132295719844358,0.31712062256809337,0,0.6916342412451362,1027
a86d5ef36eda767cce42d1c28dd18869,61,2025-03-15,Kvinde,utm_campaign=Marts25&utm_content=A&utm_medium=content&utm_source=jp.dk,0,0,0,0,0,2025-03-15,2025-05-14,0,0,Produkt,Redaktionelt indhold / holdning,2025-05-14,1,0,0,70,0-7 dage,Mobil-nykommeren,1,1,1,0,1,0,0,1
a9546fc46e09cf57bd17910e7f16c724,1353,2025-03-25,Kvinde,utm_campaign=Marts25&utm_content=sc_b&utm_medium=mail&utm_source=mail,0,0,3,2,0,2025-03-23,2025-05-22,0,0,Andet,kunden ønsker ikke at oplyse,2025-05-22,1,0,0,60,6+ måneder,Power-brugeren (Mest mobil),624,0.12139423076923077,0,1,0.14102564102564102,0,0.3701923076923077,624
a9776a8f6473d254f8441d26aa767367,177,2025-03-11,Mand,utm_campaign=Marts25&utm_content=B&utm_medium=content&utm_source=jp.dk,0,1,4,1,2,2025-03-11,2025-05-10,0,0,Produkt,Redaktionelt indhold / holdning,2025-05-10,1,0,0,75,6+ måneder,Desktop-traditionalisten,28,0.26785714285714285,0,1,0.17857142857142858,0,0.2857142857142857,28
a9c309b04afe33c62e437d57280d74e4,305,2025-06-16,Mand,utm_campaign=Marts25&utm_content=A&utm_medium=content&utm_source=jp.dk,0,1,1,1,0,2025-03-11,2025-05-10,0,0,Økonomi,Pris,2025-07-10,0,1,1,51,6+ måneder,Power-brugeren (Mest mobil),400,0.324375,0.7225,0.2775,0.335,0,0.5225,400
a9da990965cf54eeed3cf91c4ed152e5,1079,2026-01-09,Mand,utm_campaign=Marts25&utm_content=A&utm_medium=content&utm_source=jp.dk,0,1,5,2,1,2025-03-07,2025-05-06,3,3,Tid,Ikke tid,2026-02-06,0,1,0,85,6+ måneder,Desktop-traditionalisten,8,0.96875,0,1,0.625,0,0.5,8
a9f26321a4149c609504b1c01b16a8cb,245,2025-11-02,Ikke oplyst,utm_campaign=Marts25&utm_medium=Matrice&utm_source=jp.dk,1,1,0,0,0,2025-03-09,2025-05-08,0,0,Tid,Ikke tid,2025-11-08,0,1,0,24,0-7 dage,Mobil-nykommeren,22,0.22727272727272727,1,0,0.4090909090909091,0.13636363636363635,0.6363636363636364,22
aa345f66c3734ec28ca44313506d22f4,92,2025-05-05,Mand,utm_campaign=Marts25&utm_content=A&utm_medium=content&utm_source=jp.dk,0,0,0,0,0,2025-03-05,2025-05-04,0,0,Andet,kunden ønsker ikke at oplyse,2025-06-04,0,1,1,56,0-7 dage,Mobil-nykommeren,4,0.5,1,0,0.5,0.75,0,4
aa6e269cf153a1cb18bc691e3f947241,61,2025-03-15,Kvinde,utm_campaign=Basis_22&utm_content=HeaderButtonRaised&utm_medium=Matrice&utm_source=jp.dk,0,0,0,0,0,2025-03-15,2025-05-14,0,0,Produkt,Redaktionelt indhold / holdning,2025-05-14,1,0,0,55,0-7 dage,Mobil-nykommeren,30,0.24166666666666667,1,0,0.2,0,0.43333333333333335,30
aa77020fa5c724cf883ddecad6191f1f,377,3000-01-01,Mand,utm_campaign=Marts25&utm_content=B&utm_medium=content&utm_source=jp.dk,1,1,0,0,0,2025-03-16,2025-05-15,0,0,Ingen afmelding,Ingen afmelding,3000-01-01,0,1,0,80,0-7 dage,Desktop-traditionalisten,174,0.5043103448275862,0,1,0.3563218390804598,0,0.6609195402298851,174
aab906f1e94c3d75a4aad601d00431f1,448,2025-03-26,Ikke oplyst,utm_campaign=Marts25&utm_content=sc_b&utm_medium=mail&utm_source=mail,1,1,16,7,9,2025-03-21,2025-05-20,0,0,Tid,Ikke tid,2025-05-20,1,0,0,77,6+ måneder,Veteranen (Høj historik),4,0.0625,0.25,0.75,0.25,0,0.5,4
aac9bb91d160b45de44dd566969c0839,773,2025-05-16,Mand,utm_campaign=Marts25&utm_content=A&utm_medium=content&utm_source=jp.dk,0,1,6,5,1,2025-03-10,2025-05-09,1,2,Økonomi,Pris,2025-06-09,0,1,1,69,6+ måneder,Power-brugeren (Mest mobil),512,0.22314453125,0.99609375,0.00390625,0.255859375,0.439453125,0.435546875,512
aace5950e6b447f75724c6edebe9b719,985,2025-05-10,Mand,utm_campaign=Marts25&utm_content=a&utm_medium=mail&utm_source=mail,0,1,9,5,4,2025-03-08,2025-05-07,0,0,Økonomi,Pris,2025-06-07,0,1,1,73,6+ måneder,Power-brugeren (Mest mobil),228,0.375,0.2719298245614035,0.7280701754385965,0.32894736842105265,0,0.631578947368421,228
ab38e63467128c2126d3e10629eee1e3,1404,3000-01-01,Mand,utm_campaign=Basis_22&utm_content=HeaderButtonRaised&utm_medium=Matrice&utm_source=jp.dk,0,1,17,11,10,2025-03-08,2025-05-07,0,0,Ingen afmelding,Ingen afmelding,3000-01-01,0,1,0,53,6+ måneder,Veteranen (Høj historik),211,0.31398104265402843,0.6398104265402843,0.36018957345971564,0.26540284360189575,0.06635071090047394,0.5734597156398105,211
ab41382298fc046bfa048d55ce9b1f0d,397,2025-10-15,Mand,utm_campaign=Marts25&utm_content=a&utm_medium=mail&utm_source=mail,1,1,4,2,2,2025-03-05,2025-05-04,4,4,Tid,Ikke tid,2025-11-04,0,1,0,82,6+ måneder,Desktop-traditionalisten,33,0.8787878787878788,0,1,0.5454545454545454,0,0.3939393939393939,33
abeb1d79971bcb963d77fc429fdc130d,625,2025-08-10,Mand,utm_campaign=Marts25&utm_content=sc_b&utm_medium=mail&utm_source=mail,1,1,7,2,5,2025-03-21,2025-05-20,0,0,Tid,Ikke tid,2025-08-20,0,1,0,55,6+ måneder,Mobil-nykommeren,24,0.6770833333333334,1,0,0.6666666666666666,0,0.16666666666666666,24
ac0c634965a44feaf5f3a20d95de3fdc,153,2025-07-28,Kvinde,utm_campaign=Marts25&utm_content=A&utm_medium=content&utm_source=jp.dk,0,0,0,0,0,2025-03-17,2025-05-16,0,0,Andet,kunden ønsker ikke at oplyse,2025-08-16,0,1,0,28,8-30 dage,Desktop-traditionalisten,23,0.4891304347826087,0,1,0.43478260869565216,0.5217391304347826,0.2608695652173913,23
ac147643ddbb23fbd9182a4236c57ac8,214,2025-10-04,Ikke oplyst,utm_campaign=Marts25&utm_content=A&utm_medium=content&utm_source=jp.dk,0,0,0,0,0,2025-03-18,2025-05-17,0,0,Produkt,Redaktionelt indhold / holdning,2025-10-17,0,1,0,79,0-7 dage,Desktop-traditionalisten,8,0.8125,0,1,0.375,0,0.5,8
ac1680a3704fb229d6f2b8669ae4d0ec,289,2025-12-18,Kvinde,utm_campaign=Basis_22&utm_content=HeaderButtonRaised&utm_medium=Matrice&utm_source=jp.dk,1,1,1,0,0,2025-03-11,2025-05-10,0,0,Økonomi,Pris,2025-12-17,0,1,0,77,6+ måneder,Spøgelses-brugeren (Lav aktivitet),0,0,0,0,0,0,0,0
ac2d3c89f1c3f45158ff06bb091219db,252,2025-03-24,Kvinde,utm_campaign=Marts25&utm_medium=Weblayer&utm_source=jp.dk,0,1,2,1,1,2025-03-23,2025-05-22,0,0,Andet,kunden ønsker ikke at oplyse,2025-05-22,1,0,0,67,6+ måneder,Desktop-traditionalisten,123,0.2682926829268293,0.056910569105691054,0.943089430894309,0.2926829268292683,0.008130081300813009,0.43902439024390244,123
ac379f976af179c7f900b2b9f118c123,774,2025-05-30,Mand,utm_campaign=Marts25&utm_content=sc_a&utm_medium=mail&utm_source=mail,0,1,4,4,1,2025-03-22,2025-05-21,0,0,Tid,Ikke tid,2025-06-21,0,1,1,78,6+ måneder,Desktop-traditionalisten,291,0.3745704467353952,0,1,0.31958762886597936,0.003436426116838488,0.47766323024054985,291
ac5c578c40656689a251c866ba3d6f98,82,2025-04-07,Mand,utm_campaign=Marts25&utm_content=sc_b&utm_medium=mail&utm_source=mail,1,1,2,2,2,2025-03-21,2025-05-20,0,0,Tid,Ikke tid,2025-05-20,1,0,0,65,6+ måneder,Mobil-nykommeren,186,0.33602150537634407,1,0,0.3010752688172043,0.46236559139784944,0.521505376344086,186
ac7f31ba17a317d6e992e882a0a4d55b,768,2025-04-08,Mand,utm_campaign=Marts25&utm_content=sc_a&utm_medium=mail&utm_source=mail,1,1,6,3,3,2025-03-23,2025-05-22,0,0,Produkt,Anden avis/produkt,2025-05-22,1,0,0,60,6+ måneder,Power-brugeren (Mest mobil),529,0.3809073724007561,0.8903591682419659,0.10964083175803403,0.31947069943289225,0.05103969754253308,0.5141776937618148,529
ad372c8a7a3b8d134c9eb5cf7267af63,1050,2025-12-10,Mand,utm_campaign=Marts25&utm_content=sc_a&utm_medium=mail&utm_source=mail,1,1,4,1,2,2025-03-21,2025-05-20,3,3,Økonomi,Pris,2025-12-20,0,1,0,74,6+ måneder,Mobil-nykommeren,18,0.3333333333333333,1,0,0.3888888888888889,0,0.16666666666666666,18
ad56104de30f4dea6c7a65ca88a9a9fe,848,2025-05-06,Mand,utm_campaign=Marts25&utm_content=b&utm_medium=mail&utm_source=mail,1,1,17,3,8,2025-03-05,2025-05-04,1,1,Tid,Ikke tid,2025-06-04,0,1,1,69,6+ måneder,Veteranen (Høj historik),57,0.2631578947368421,0.8596491228070176,0.14035087719298245,0.22807017543859648,0,0.49122807017543857,56
ad7180fe09827b1267495a0a6a51b728,428,2025-10-20,Kvinde,utm_campaign=Marts25&utm_content=A&utm_medium=content&utm_source=jp.dk,0,0,1,0,0,2025-03-04,2025-05-03,2,2,Tid,Ikke tid,2025-11-03,0,1,0,45,6+ måneder,Mobil-nykommeren,71,0.45422535211267606,1,0,0.3380281690140845,0,0.704225352112676,71
ada1a9f52e76932f543ae8b32f1a3b20,1014,2025-03-21,Mand,utm_campaign=Marts25&utm_content=sc_b&utm_medium=mail&utm_source=mail,0,1,8,3,4,2025-03-21,2025-05-20,0,0,Økonomi,Pris,2025-05-20,1,0,0,69,6+ måneder,Desktop-traditionalisten,152,0.1875,0,0.9802631578947368,0.2236842105263158,0,0.3355263157894737,152
adcf67549ea5003d9f1ab69ed748c94a,445,2025-03-31,Kvinde,utm_campaign=Marts25&utm_content=B&utm_medium=content&utm_source=jp.dk,1,1,9,4,3,2025-03-22,2025-03-30,6,5,Andet,kunden ønsker ikke at oplyse,2025-03-30,1,0,0,71,6+ måneder,Veteranen (Høj historik),5,0.55,1,0,0.6,0.4,0.4,5
add49e9f3efbc829a809336238069353,1485,3000-01-01,Mand,utm_campaign=Marts25&utm_content=sc_b&utm_medium=mail&utm_source=mail,1,1,3,2,2,2025-03-21,2025-05-20,1,1,Andet,Administrativt,2025-05-20,1,0,0,76,6+ måneder,Desktop-traditionalisten,93,0.3521505376344086,0.41935483870967744,0.5806451612903226,0.44086021505376344,0.13978494623655913,0.4838709677419355,93
addf8ac99c42c7e9e69884fdd2a6cf4a,545,2025-04-18,Kvinde,utm_campaign=Marts25&utm_content=B&utm_medium=content&utm_source=jp.dk,1,1,4,1,1,2025-03-19,2025-05-18,0,0,Tid,Ikke tid,2025-05-18,1,0,0,55,6+ måneder,Desktop-traditionalisten,421,0.31057007125890734,0,1,0.30641330166270786,0.33966745843230406,0.6484560570071259,421
ae1d3d9df70b5a5b933464df7ba958a2,92,2025-05-16,Mand,utm_campaign=Marts25&utm_content=B&utm_medium=content&utm_source=jp.dk,0,0,0,0,0,2025-03-16,2025-05-15,0,0,Produkt,Redaktionelt indhold / holdning,2025-06-15,0,1,1,40,0-7 dage,Mobil-nykommeren,15,0.26666666666666666,0.7333333333333333,0.26666666666666666,0.13333333333333333,0.13333333333333333,0.6,15
ae5755e9ebd658a6d6755851f47d04dd,1531,3000-01-01,Kvinde,utm_campaign=Basis_22&utm_content=HeaderButtonRaised&utm_medium=Matrice&utm_source=jp.dk,1,1,3,0,1,2025-03-11,2025-05-10,0,0,Ingen afmelding,Ingen afmelding,3000-01-01,0,1,0,66,6+ måneder,Spøgelses-brugeren (Lav aktivitet),1,0,0,1,0,0,0,1
af32c827e26bda8f6a3e8c5769d4b802,441,2025-04-23,Mand,utm_campaign=Marts25&utm_content=B&utm_medium=content&utm_source=jp.dk,0,1,2,2,0,2025-03-04,2025-05-03,0,0,Andet,kunden ønsker ikke at oplyse,2025-05-03,1,0,0,71,6+ måneder,Mobil-nykommeren,311,0.2596463022508039,1,0,0.24115755627009647,0,0.4565916398713826,311
af67fd7c157c69d9d9ee61096189a7f3,61,2025-03-18,Kvinde,utm_campaign=Basis_22&utm_content=HeaderButtonRaised&utm_medium=Matrice&utm_source=jp.dk,1,1,0,0,0,2025-03-09,2025-05-08,0,0,Tid,Ikke tid,2025-05-08,1,0,0,62,6+ måneder,Desktop-traditionalisten,43,0.20930232558139536,0.4186046511627907,0.5813953488372093,0.20930232558139536,0.20930232558139536,0.5581395348837209,42
afdd170767f40ce0175d30926b5de7d8,390,2025-08-05,Mand,utm_campaign=Marts25&utm_content=B&utm_medium=content&utm_source=jp.dk,0,0,3,3,0,2025-03-16,2025-05-15,0,0,Økonomi,Pris,2025-08-15,0,1,0,51,6+ måneder,Power-brugeren (Mest mobil),679,0.3398379970544919,0.5139911634756995,0.48600883652430044,0.22974963181148747,0,0.5802650957290133,679
b05464e0ee4bf859a46eb460baa70052,1667,2025-04-01,Mand,utm_campaign=Marts25&utm_content=sc_b&utm_medium=mail&utm_source=mail,0,1,3,1,1,2025-03-21,2025-05-20,5,5,Andet,kunden ønsker ikke at oplyse,2025-05-20,1,0,0,53,6+ måneder,Veteranen (Høj historik),424,0.24764150943396226,0.9905660377358491,0.009433962264150943,0.30660377358490565,0.0023584905660377358,0.5070754716981132,424
b06ab5438e1123f471f3815f9da7de0a,61,2025-04-16,Ikke oplyst,utm_campaign=Basis_22&utm_content=MegaMenu&utm_medium=Matrice&utm_source=jp.dk,0,0,0,0,0,2025-03-17,2025-05-16,0,0,Tid,Ikke tid,2025-05-16,1,0,0,21,0-7 dage,Spøgelses-brugeren (Lav aktivitet),0,0,0,0,0,0,0,0
b0d02cff781d2563577737273ac018a2,775,2025-03-21,Mand,utm_campaign=Marts25&utm_content=sc_b&utm_medium=mail&utm_source=mail,0,1,7,3,4,2025-03-21,2025-05-20,0,0,Andet,kunden ønsker ikke at oplyse,2025-05-20,1,0,0,48,6+ måneder,Power-brugeren (Mest mobil),292,0.2577054794520548,0.660958904109589,0.339041095890411,0.2671232876712329,0,0.523972602739726,292
b12854af8cf6a231204268ca2875d75b,184,2025-04-13,Mand,utm_campaign=Marts25&utm_content=A&utm_medium=content&utm_source=jp.dk,0,0,1,1,0,2025-03-08,2025-05-07,0,0,Tid,Ikke tid,2025-05-07,1,0,0,47,6+ måneder,Desktop-traditionalisten,18,0.5555555555555556,0,1,0.5,0,1,18
b1b4ca2372f53316b106967700debe0b,252,2025-05-23,Mand,utm_campaign=Marts25&utm_content=a&utm_medium=mail&utm_source=mail,0,1,2,1,1,2025-03-10,2025-05-09,0,0,Tid,Ikke tid,2025-06-09,0,1,1,72,6+ måneder,Mobil-nykommeren,158,0.5079113924050633,1,0,0.5443037974683544,0,0.25949367088607594,158
b1cff7fa22236dcb1b0a989f25fd5c43,1,2025-03-21,Mand,utm_campaign=Marts25&utm_content=A&utm_medium=content&utm_source=jp.dk,0,0,0,0,0,2025-03-20,2025-03-20,0,0,Salg,Annulleret køb,2025-03-20,1,0,0,67,6+ måneder,Desktop-traditionalisten,5,0.8,0,1,0.4,0,0.4,5
b1d87804abaf5480992c81655242752e,1355,2025-05-09,Mand,utm_campaign=Basis_22&utm_content=HeaderButtonRaised&utm_medium=Matrice&utm_source=jp.dk,0,1,18,9,9,2025-03-11,2025-05-10,0,0,Andet,Ingen årsag – ingen tlf kontakt,2025-05-10,1,0,0,84,6+ måneder,Veteranen (Høj historik),421,0.2672209026128266,0,1,0.20190023752969122,0,0.35629453681710216,421
b23d91918f36a511ee6bb142a6980359,343,2025-04-16,Mand,utm_campaign=Marts25&utm_content=b&utm_medium=mail&utm_source=mail,0,1,1,1,0,2025-03-06,2025-05-05,0,0,Økonomi,Pris,2025-05-05,1,0,0,56,6+ måneder,Power-brugeren (Mest mobil),381,0.3569553805774278,0.8083989501312336,0.19160104986876642,0.2782152230971129,0.005249343832020997,0.49606299212598426,381
b28ed967404925126fefb4e03b60eee9,143,2025-08-12,Mand,utm_campaign=Marts25&utm_content=B&utm_medium=content&utm_source=jp.dk,1,1,0,0,0,2025-03-22,2025-05-21,0,0,Andet,RVS,2025-08-11,0,1,1,61,0-7 dage,Mobil-nykommeren,3,0.5833333333333334,1,0,0.3333333333333333,0,0,3
b2a735ace0cd594f47ca9b0b2746514a,303,2025-06-15,Mand,utm_campaign=Marts25&utm_content=A&utm_medium=content&utm_source=jp.dk,0,0,1,1,0,2025-03-07,2025-05-06,0,0,Tid,Ikke tid,2025-07-06,0,1,1,37,6+ måneder,Desktop-traditionalisten,48,0.3333333333333333,0.125,0.875,0.3541666666666667,0,0.5,48
b2ae7dec25805c7059ea2c7ffd5f54d7,142,2025-07-07,Mand,utm_campaign=Marts25&utm_content=sc_b&utm_medium=mail&utm_source=mail,0,1,5,1,4,2025-03-23,2025-05-22,0,0,Tid,Ikke tid,2025-07-07,0,1,1,57,6+ måneder,Power-brugeren (Mest mobil),531,0.18785310734463276,1,0,0.3427495291902072,0,0.623352165725047,531
b2b9c2229c058653f5221e50b01d33c9,866,2025-07-04,Mand,utm_campaign=Marts25&utm_content=a&utm_medium=mail&utm_source=mail,1,1,26,7,18,2025-03-06,2025-05-05,22,21,Produkt,Redaktionelt indhold / holdning,2025-07-05,0,1,1,75,6+ måneder,Veteranen (Høj historik),137,0.6058394160583942,0,1,0.44525547445255476,0.014598540145985401,0.48175182481751827,137
b2babd7ae29af17bed1ffbf045307d07,1680,2025-12-04,Mand,utm_campaign=Marts25&utm_content=B&utm_medium=content&utm_source=jp.dk,0,0,3,1,1,2025-03-04,2025-05-03,0,0,Økonomi,Pris,2026-01-03,0,1,0,68,6+ måneder,Desktop-traditionalisten,106,0.4009433962264151,0.02830188679245283,0.9339622641509434,0.37735849056603776,0.009433962264150943,0.8018867924528302,106
b2bc1519bdedee9e281f9a30e6a5c56d,61,2025-03-09,Mand,utm_campaign=Marts25&utm_content=A&utm_medium=content&utm_source=jp.dk,0,0,0,0,0,2025-03-09,2025-05-08,0,0,Produkt,Redaktionelt indhold / holdning,2025-05-08,1,0,0,55,6+ måneder,Desktop-traditionalisten,1,1,0,1,0,0,0,1
b316d81d3f371ef676cacdfe393af472,384,3000-01-01,Mand,utm_campaign=Basis_22&utm_content=HeaderButtonRaised&utm_medium=Matrice&utm_source=jp.dk,0,0,0,0,0,2025-03-09,2025-05-08,0,0,Ingen afmelding,Ingen afmelding,3000-01-01,0,1,0,58,6+ måneder,Desktop-traditionalisten,28,0.5089285714285714,0.5357142857142857,0.4642857142857143,0.5,0.03571428571428571,0.75,28
b35b31660d9b152e2ad1b2997ebd2663,530,2025-05-02,Mand,utm_campaign=Marts25&utm_content=a&utm_medium=mail&utm_source=mail,0,1,3,3,0,2025-03-05,2025-05-04,0,0,Tid,Ikke tid,2025-05-04,1,0,0,75,6+ måneder,Desktop-traditionalisten,9,0.5,0,1,0.3333333333333333,0,0.4444444444444444,9
b369776f5a7d9687ff77d6c0613dbc17,61,2025-03-11,Kvinde,,0,0,0,0,0,2025-03-11,2025-05-10,0,0,Andet,kunden ønsker ikke at oplyse,2025-05-10,1,0,0,68,0-7 dage,Desktop-traditionalisten,27,0.5925925925925926,0.48148148148148145,0.5185185185185185,0.37037037037037035,0,0.9259259259259259,27
b3743cd8f717c4b7c1f68f572f1af0d5,61,2025-03-23,Kvinde,utm_campaign=Marts25&utm_content=A&utm_medium=content&utm_source=jp.dk,0,0,0,0,0,2025-03-22,2025-05-21,0,0,Produkt,Redaktionelt indhold / holdning,2025-05-21,1,0,0,48,0-7 dage,Mobil-nykommeren,4,0.75,1,0,0.5,0.25,0,4
b37648d22ba1c40979c7f50216a23ccd,61,2025-03-26,Kvinde,utm_campaign=Marts25&utm_content=A&utm_medium=content&utm_source=jp.dk,1,0,0,0,0,2025-03-21,2025-05-20,0,0,Tid,Ikke tid,2025-05-20,1,0,0,50,6+ måneder,Mobil-nykommeren,5,0.4,1,0,0,0,0.6,5
b3b579ba18e6e9824560f6dca3d35195,1193,2025-03-24,Mand,utm_campaign=Marts25&utm_content=sc_a&utm_medium=mail&utm_source=mail,1,1,3,2,1,2025-03-21,2025-05-20,0,0,Andet,Administrativt,2025-05-20,1,0,0,78,6+ måneder,Desktop-traditionalisten,114,0.22587719298245615,0,1,0.3684210526315789,0.14035087719298245,0.5614035087719298,114
b3e85bb67a9d20a7e111a08ba1bd2132,521,2025-03-17,Mand,utm_campaign=Basis_22&utm_content=HeaderButtonRaised&utm_medium=Matrice&utm_source=jp.dk,1,1,6,5,3,2025-03-09,2025-05-08,2,2,Økonomi,Pris,2025-05-08,1,0,0,80,6+ måneder,Mobil-nykommeren,57,0.5526315789473685,0.9649122807017544,0.03508771929824561,0.49122807017543857,0.017543859649122806,0.3333333333333333,57
b40b77f1118e3d44b8c5f5fe5f434cf9,313,2025-04-03,Kvinde,utm_campaign=Marts25&utm_content=b&utm_medium=mail&utm_source=mail,0,1,7,1,5,2025-03-05,2025-05-04,0,0,Tid,Ikke tid,2025-05-04,1,0,0,88,6+ måneder,Spøgelses-brugeren (Lav aktivitet),5,0.05,0.6,0.4,0.2,0,0.4,5
b4d3412295cc2cdfc094904ec09d62d8,430,3000-01-01,Mand,utm_campaign=Marts25&utm_content=b&utm_medium=mail&utm_source=mail,1,1,5,3,5,2025-03-05,2025-05-04,1,1,Ingen afmelding,Ingen afmelding,3000-01-01,0,1,0,71,6+ måneder,Mobil-nykommeren,9,0.25,1,0,0.5555555555555556,0,0.7777777777777778,9
b4dad48c72f72f415a9ea3e137b06419,92,2025-05-18,Kvinde,utm_campaign=Marts25&utm_content=A&utm_medium=content&utm_source=jp.dk,0,0,0,0,0,2025-03-09,2025-05-08,0,0,Tid,Ikke tid,2025-06-08,0,1,1,39,0-7 dage,Mobil-nykommeren,6,0.6666666666666666,1,0,0.3333333333333333,0,0,6
b4e9f0121b01335d7f0f9fc9875638aa,92,2025-05-25,Mand,utm_campaign=Marts25&utm_content=A&utm_medium=content&utm_source=jp.dk,0,1,0,0,0,2025-03-23,2025-05-22,0,0,Tid,Ikke tid,2025-06-22,0,1,1,68,0-7 dage,Desktop-traditionalisten,603,0.5157545605306799,0,0.9933665008291874,0.3150912106135987,0.001658374792703151,0.7728026533996684,567
b4ef7db62ab7b8ac08f209efd528b316,110,2025-04-16,Mand,utm_campaign=Basis_22&utm_content=HeaderButtonRaised&utm_medium=Matrice&utm_source=jp.dk,0,0,6,5,2,2025-03-17,2025-05-16,0,0,Økonomi,Pris,2025-05-16,1,0,0,43,6+ måneder,Spøgelses-brugeren (Lav aktivitet),0,0,0,0,0,0,0,0
b506be7c9a29252ae978684305eb3da5,1076,2025-03-04,Mand,utm_campaign=Basis_22&utm_content=HeaderButtonRaised&utm_medium=Matrice&utm_source=jp.dk,0,0,8,6,1,2025-03-04,2025-05-03,0,0,Andet,kunden ønsker ikke at oplyse,2025-05-03,1,0,0,50,6+ måneder,Power-brugeren (Mest mobil),399,0.17731829573934837,0.6791979949874687,0.3208020050125313,0.21052631578947367,0,0.3408521303258145,399
b5702853f7eb0115759ddbc7df0976c0,310,2025-11-19,Mand,utm_campaign=Marts25&utm_content=A&utm_medium=content&utm_source=jp.dk,0,0,0,0,0,2025-03-18,2025-05-17,0,0,Andet,RVS,2025-11-18,0,1,0,65,6+ måneder,Desktop-traditionalisten,226,0.4081858407079646,0,1,0.3672566371681416,0.01327433628318584,0.6283185840707964,226
b57e84e749107c4ff8a270681f26455f,224,2025-06-24,Mand,utm_campaign=Marts25&utm_content=A&utm_medium=content&utm_source=jp.dk,0,0,1,1,0,2025-03-16,2025-05-15,6,6,Tid,Sæsonpause,2025-06-24,0,1,1,72,6+ måneder,Mobil-nykommeren,11,0.3409090909090909,1,0,0.2727272727272727,0,0,11
b5c5c1d4107e652fdeaa368f88a51a8e,117,2025-03-30,Kvinde,utm_campaign=Marts25&utm_content=sc_b&utm_medium=mail&utm_source=mail,0,1,2,2,2,2025-03-23,2025-05-22,17,16,Andet,kunden ønsker ikke at oplyse,2025-05-22,1,0,0,82,6+ måneder,Veteranen (Høj historik),21,0.4523809523809524,1,0,0.42857142857142855,0,0.42857142857142855,21
b5f151e31b3d179a9c490cd57f107e71,656,2025-05-25,Mand,utm_campaign=Marts25&utm_content=B&utm_medium=content&utm_source=jp.dk,1,1,6,4,2,2025-03-07,2025-05-06,0,0,Tid,Ikke tid,2025-06-06,0,1,1,53,6+ måneder,Mobil-nykommeren,25,0.5,1,0,0.28,0,0.48,25
b606ae0a4944362a1df65e2d41ed3830,587,2025-03-30,Mand,utm_campaign=Marts25&utm_content=b&utm_medium=mail&utm_source=mail,0,1,14,8,7,2025-03-05,2025-05-04,3,3,Tid,Ikke tid,2025-05-04,1,0,0,52,6+ måneder,Veteranen (Høj historik),290,0.2939655172413793,0.9275862068965517,0.07241379310344828,0.3,0,0.6517241379310345,290
b614f17cb152704959cdf42349d6a4cb,1346,2025-05-02,Mand,utm_campaign=Marts25&utm_content=b&utm_medium=mail&utm_source=mail,0,1,6,1,2,2025-03-05,2025-05-04,3,3,Andet,Ingen årsag – ingen tlf kontakt,2025-05-04,1,0,0,69,6+ måneder,Desktop-traditionalisten,78,0.27884615384615385,0,1,0.358974358974359,0,0.5384615384615384,78
b654b3aea937958ac6ad385f1985554c,153,2025-07-27,Mand,utm_campaign=Marts25&utm_content=A&utm_medium=content&utm_source=jp.dk,1,1,0,0,0,2025-03-24,2025-05-23,0,0,Tid,Ikke tid,2025-08-23,0,1,0,62,0-7 dage,Mobil-nykommeren,4,0.5625,1,0,0.25,0,0.5,4
b6aaed769aeafe1a96565a5a3575fc2a,61,2025-04-22,Kvinde,utm_campaign=Marts25&utm_content=A&utm_medium=content&utm_source=jp.dk,0,0,0,0,0,2025-03-06,2025-05-05,0,0,Økonomi,Pris,2025-05-05,1,0,0,67,0-7 dage,Desktop-traditionalisten,282,0.2624113475177305,0,0.9964539007092199,0.22695035460992907,0,0.41134751773049644,281
b6be0e02d507852ae16c3d23e2c9717f,321,2025-05-02,Mand,utm_campaign=Basis_22&utm_content=HeaderButtonRaised&utm_medium=Matrice&utm_source=jp.dk,1,1,4,1,2,2025-03-21,2025-05-20,13,14,Produkt,Redaktionelt indhold / holdning,2025-05-20,1,0,0,79,6+ måneder,Veteranen (Høj historik),20,0.3375,0,0.9,0.6,0,0.4,20
b6f3a3976e7ea243c1b5922b001f9efa,1688,2025-06-19,Mand,utm_campaign=Marts25&utm_content=sc_b&utm_medium=mail&utm_source=mail,1,1,1,0,0,2025-03-21,2025-05-20,0,0,Andet,kunden ønsker ikke at oplyse,2025-06-20,0,1,1,75,6+ måneder,Desktop-traditionalisten,8,0.5,0,1,0.25,0.125,0.625,8
b716ad43db052a060b2556ee56f4f599,1952,3000-01-01,Mand,utm_campaign=Marts25&utm_content=A&utm_medium=content&utm_source=jp.dk,0,1,1,0,0,2025-03-08,2025-05-07,2,2,Ingen afmelding,Ingen afmelding,3000-01-01,0,1,0,54,6+ måneder,Power-brugeren (Mest mobil),243,0.25823045267489714,1,0,0.2757201646090535,0,0.5390946502057613,243
b7189afe7ef2b29f89ee5c2277a95e23,61,2025-04-09,Kvinde,utm_campaign=Marts25&utm_content=B&utm_medium=content&utm_source=jp.dk,0,0,0,0,0,2025-03-19,2025-05-18,0,0,Tid,Ikke tid,2025-05-18,1,0,0,60,0-7 dage,Mobil-nykommeren,21,0.2976190476190476,1,0,0.2857142857142857,0.3333333333333333,0.38095238095238093,21
b768d697a9b69a640ac06e346e9ab41a,1763,2025-10-09,Mand,utm_campaign=Marts25&utm_content=A&utm_medium=content&utm_source=jp.dk,1,0,24,14,2,2025-03-05,2025-05-04,0,0,Andet,kunden ønsker ikke at oplyse,2025-11-04,0,1,0,73,6+ måneder,Veteranen (Høj historik),830,0.2397590361445783,0.012048192771084338,0.9879518072289156,0.22289156626506024,0,0.4795180722891566,830
b7cd75ab3ab11de36960a62aa04af6e0,61,2025-04-14,Kvinde,utm_campaign=Basis_22&utm_content=HeaderButtonRaised&utm_medium=Matrice&utm_source=jp.dk,0,0,0,0,0,2025-03-16,2025-05-15,0,0,Tid,Ikke tid,2025-05-15,1,0,0,63,0-7 dage,Desktop-traditionalisten,346,0.23699421965317918,0,1,0.26011560693641617,0.014450867052023121,0.5346820809248555,346
b7f5af62c13145391bc951f84e3014d8,833,2025-03-09,Mand,utm_campaign=Marts25&utm_content=A&utm_medium=content&utm_source=jp.dk,0,0,11,6,2,2025-03-09,2025-05-08,0,0,Økonomi,Pris,2025-05-08,1,0,0,53,6+ måneder,Power-brugeren (Mest mobil),207,0.30434782608695654,0,0.12077294685990338,0.26570048309178745,0.06280193236714976,0.5748792270531401,207
b8170fdd0a9a8da6aedce9a9214f5b19,425,2025-09-25,Mand,utm_campaign=Marts25&utm_content=sc_b&utm_medium=mail&utm_source=mail,1,1,2,1,1,2025-03-21,2025-05-20,1,1,Tid,Ikke tid,2025-09-24,0,1,0,81,6+ måneder,Desktop-traditionalisten,32,0.5,0,1,0.40625,0,0.46875,32
b81975e1d1257d9a93072ffb3348ab75,1636,3000-01-01,Mand,utm_campaign=Marts25&utm_content=a&utm_medium=mail&utm_source=mail,1,1,11,3,7,2025-03-08,2025-05-07,0,0,Ingen afmelding,Ingen afmelding,3000-01-01,0,1,0,69,6+ måneder,Veteranen (Høj historik),157,0.46496815286624205,0,1,0.3630573248407643,0,0.6178343949044586,157
b830221f1ce2bb617658079c1c1b13fe,120,2025-04-25,Mand,utm_campaign=Marts25&utm_content=b&utm_medium=mail&utm_source=mail,1,1,0,0,0,2025-03-05,2025-04-24,0,0,Andet,Administrativt,2025-04-24,1,0,0,64,0-7 dage,Desktop-traditionalisten,244,0.30225409836065575,0,1,0.29508196721311475,0,0.5655737704918032,244
b83e8af45f399d597ee5fb1d25786e17,122,2025-06-26,Kvinde,utm_campaign=Marts25&utm_content=A&utm_medium=content&utm_source=jp.dk,0,0,0,0,0,2025-03-11,2025-05-10,0,0,Tid,Ikke tid,2025-07-10,0,1,1,46,6+ måneder,Desktop-traditionalisten,10,0.175,0,1,0.3,0.1,0.6,10
b83f2517fe31511f1844600382c10fff,92,2025-06-10,Kvinde,utm_campaign=Marts25&utm_content=A&utm_medium=content&utm_source=jp.dk,0,0,0,0,0,2025-03-15,2025-05-14,0,0,Andet,Ingen årsag – ingen tlf kontakt,2025-06-14,0,1,1,20,6+ måneder,Desktop-traditionalisten,2,0.5,0,1,0.5,0.5,0,2
b8c3036ba42840d7329dd6108f71577c,363,2025-10-24,Kvinde,utm_campaign=Marts25&utm_content=A&utm_medium=content&utm_source=jp.dk,1,0,4,2,3,2025-03-16,2025-05-15,13,19,Tid,Ikke tid,2025-11-15,0,1,0,86,6+ måneder,Veteranen (Høj historik),185,0.7337837837837838,1,0,0.5405405405405406,0,0.35135135135135137,185
b8cf7df4500493f9380f11cb95f68c0c,736,3000-01-01,Mand,utm_campaign=Marts25&utm_content=sc_a&utm_medium=mail&utm_source=mail,0,0,1,1,0,2025-03-23,2025-05-22,0,0,Ingen afmelding,Ingen afmelding,3000-01-01,0,1,0,74,6+ måneder,Desktop-traditionalisten,24,0.5520833333333334,0.4166666666666667,0.5833333333333334,0.4583333333333333,0,0.16666666666666666,24
b944960f6860c84cc00a6c1d854006da,372,3000-01-01,Mand,utm_campaign=Marts25&utm_medium=Weblayer&utm_source=jp.dk,0,0,0,0,0,2025-03-21,2025-05-20,4,5,Ingen afmelding,Ingen afmelding,3000-01-01,0,1,0,60,6+ måneder,Power-brugeren (Mest mobil),504,0.26240079365079366,0.6349206349206349,0.36507936507936506,0.2361111111111111,0.001984126984126984,0.4603174603174603,504
b95b90c1f13dcb4d0701fa10d0274e7a,565,2025-04-24,Mand,utm_campaign=Marts25&utm_content=b&utm_medium=mail&utm_source=mail,1,1,6,4,2,2025-03-17,2025-05-16,0,0,Tid,Ikke tid,2025-05-16,1,0,0,74,6+ måneder,Mobil-nykommeren,48,0.5052083333333334,1,0,0.4791666666666667,0.2916666666666667,0.625,48
b975e2f5a62b8b0601700a67787da14d,34,2025-03-11,Mand,utm_campaign=Marts25&utm_content=B&utm_medium=content&utm_source=jp.dk,0,0,5,0,5,2025-03-05,2025-03-10,0,0,Salg,Annulleret køb,2025-03-10,1,0,0,66,6+ måneder,Mobil-nykommeren,279,0.235663082437276,1,0,0.16129032258064516,0,0.5770609318996416,278
b9f915d50fe9b6b1b1ce989548f4c2a4,1090,3000-01-01,Mand,utm_campaign=Marts25&utm_content=A&utm_medium=content&utm_source=jp.dk,1,1,2,1,0,2025-03-13,2025-05-12,0,0,Ingen afmelding,Ingen afmelding,3000-01-01,0,1,0,81,6+ måneder,Power-brugeren (Mest mobil),622,0.3967041800643087,0.6028938906752411,0.3971061093247588,0.32315112540192925,0.001607717041800643,0.6446945337620579,622
b9fcb0eed6c3143d5102e67740a162f5,831,2025-10-23,Mand,utm_campaign=Marts25&utm_content=A&utm_medium=content&utm_source=jp.dk,1,1,2,2,0,2025-03-04,2025-05-03,1,1,Andet,kunden ønsker ikke at oplyse,2025-11-03,0,1,0,92,6+ måneder,Desktop-traditionalisten,163,0.3696319018404908,0,1,0.25153374233128833,0.03680981595092025,0.7116564417177914,163
ba0c979afb67053e190747598d211ce8,479,2025-03-09,Mand,utm_campaign=Marts25&utm_content=B&utm_medium=content&utm_source=jp.dk,0,0,5,2,2,2025-03-09,2025-05-08,0,0,Tid,Ikke tid,2025-05-08,1,0,0,45,6+ måneder,Desktop-traditionalisten,18,0.5138888888888888,0,1,0.4444444444444444,0.05555555555555555,0.7222222222222222,18
ba2390d524198acc3e1d5775c5003449,382,2026-03-24,Mand,utm_campaign=Marts25&utm_content=A&utm_medium=content&utm_source=jp.dk,1,1,0,0,0,2025-03-11,2025-05-10,0,0,Ingen afmelding,Ingen afmelding,3000-01-01,0,1,0,49,0-7 dage,Mobil-nykommeren,26,0.4326923076923077,0.7307692307692307,0.2692307692307692,0.3076923076923077,0,0.5769230769230769,26
ba46f331222c7804d3007faf2be638c4,305,2025-06-10,Kvinde,utm_campaign=Marts25&utm_content=b&utm_medium=mail&utm_source=mail,0,1,12,3,9,2025-03-05,2025-05-04,1,2,Andet,Ingen årsag – ingen tlf kontakt,2025-07-04,0,1,1,60,6+ måneder,Veteranen (Høj historik),110,0.6431818181818182,1,0,0.4727272727272727,0.01818181818181818,0.43636363636363634,110
bb23615e32aca66b3af9ec1042ddb8be,61,2025-04-02,Kvinde,utm_campaign=Marts25&utm_content=A&utm_medium=content&utm_source=jp.dk,0,1,0,0,0,2025-03-18,2025-05-17,0,0,Andet,kunden ønsker ikke at oplyse,2025-05-17,1,0,0,40,6+ måneder,Desktop-traditionalisten,13,0.40384615384615385,0.15384615384615385,0.8461538461538461,0.5384615384615384,0,0.23076923076923078,13
bb268a1296993a658fa958dcce6ce723,278,2025-07-22,Kvinde,utm_campaign=Marts25&utm_content=sc_b&utm_medium=mail&utm_source=mail,0,0,0,0,0,2025-03-21,2025-05-20,0,0,Andet,kunden ønsker ikke at oplyse,2025-08-20,0,1,0,80,6+ måneder,Mobil-nykommeren,173,0.2774566473988439,1,0,0.35260115606936415,0.24855491329479767,0.7225433526011561,173
bb36e706698779b4386e240e45a76c9f,275,2025-12-03,Mand,utm_campaign=Basis_22&utm_content=HeaderButtonRaised&utm_medium=Matrice&utm_source=jp.dk,0,0,0,0,0,2025-03-07,2025-05-06,0,0,Andet,kunden ønsker ikke at oplyse,2025-12-06,0,1,0,52,0-7 dage,Mobil-nykommeren,16,0.1875,0.9375,0.0625,0.375,0,0,16
bb57881a5cf90e79b2b7fbf18fcba6ef,1387,2026-01-30,Mand,utm_campaign=Marts25&utm_content=sc_b&utm_medium=mail&utm_source=mail,0,0,7,6,0,2025-03-21,2025-05-20,0,0,Økonomi,Pris,2026-02-22,0,1,0,47,6+ måneder,Power-brugeren (Mest mobil),967,0.35806618407445706,0.8562564632885212,0.1437435367114788,0.2936918304033092,0,0.7156153050672182,967
bb67464668525ef9adea575cbb6b55d1,103,2025-05-26,Mand,utm_campaign=Marts25&utm_content=B&utm_medium=content&utm_source=jp.dk,0,0,0,0,0,2025-03-21,2025-05-20,0,0,Tid,Ikke tid,2025-06-20,0,1,1,59,0-7 dage,Power-brugeren (Mest mobil),889,0.30821147356580425,1,0,0.2688413948256468,0,0.4814398200224972,889
bb86350b32e733fb3db74e5d46c4c4ac,1010,2025-12-04,Mand,utm_campaign=Marts25&utm_content=B&utm_medium=content&utm_source=jp.dk,0,1,10,3,7,2025-03-12,2025-05-11,2,2,Økonomi,Pris,2025-12-11,0,1,0,78,6+ måneder,Veteranen (Høj historik),439,0.5466970387243736,0.029612756264236904,0.9703872437357631,0.3530751708428246,0.002277904328018223,0.5968109339407744,439
bbb361a9cc76e407add75eb772b1ee6e,61,2025-04-07,Mand,utm_campaign=Marts25&utm_content=A&utm_medium=content&utm_source=jp.dk,0,0,0,0,0,2025-03-07,2025-05-06,0,0,Produkt,Redaktionelt indhold / holdning,2025-05-06,1,0,0,35,6+ måneder,Desktop-traditionalisten,1,1,0,1,1,0,0,1
bbb3918da131e3f8c9ab270a2224ef1b,61,2025-03-19,Mand,utm_campaign=Basis_22&utm_content=HeaderButtonRaised&utm_medium=Matrice&utm_source=jp.dk,0,0,0,0,0,2025-03-19,2025-05-18,0,0,Tid,Ikke tid,2025-05-18,1,0,0,21,0-7 dage,Desktop-traditionalisten,9,0.4166666666666667,0.1111111111111111,0.8888888888888888,0.2222222222222222,0.3333333333333333,0.1111111111111111,9
bbeffb2333cdd4b8b6e1e0224f1e1cdf,113,2025-06-27,Kvinde,utm_campaign=Marts25&utm_content=A&utm_medium=content&utm_source=jp.dk,0,0,1,0,1,2025-03-13,2025-05-12,3,3,Andet,RVS,2025-06-26,0,1,1,85,6+ måneder,Spøgelses-brugeren (Lav aktivitet),0,0,0,0,0,0,0,0
bc6682848d7c1b202333e98041418be1,488,2025-04-08,Mand,utm_campaign=Basis_22&utm_content=HeaderButtonRaised&utm_medium=Matrice&utm_source=jp.dk,0,1,6,2,4,2025-03-21,2025-05-20,0,0,Tid,Ikke tid,2025-05-20,1,0,0,75,6+ måneder,Power-brugeren (Mest mobil),497,0.23189134808853118,0.4024144869215292,0.5975855130784709,0.22132796780684105,0,0.4869215291750503,497
bcbf7934cced8e50038e0c1b60ae2a63,385,3000-01-01,Mand,utm_campaign=Marts25&utm_content=6657291559652&utm_medium=fb_matrice&utm_source=some&utm_term=6657291559452,0,0,0,0,0,2025-03-08,2025-05-07,0,0,Ingen afmelding,Ingen afmelding,3000-01-01,0,1,0,68,0-7 dage,Spøgelses-brugeren (Lav aktivitet),7,0.14285714285714285,0,0,0.2857142857142857,0,0.2857142857142857,7
bcfe5569a4e6242d0f36a4f7b0aa8b32,2208,3000-01-01,Mand,utm_campaign=Marts25&utm_content=A&utm_medium=content&utm_source=jp.dk,0,1,13,4,3,2025-03-04,2025-05-03,15,16,Ingen afmelding,Ingen afmelding,3000-01-01,0,1,0,70,6+ måneder,Veteranen (Høj historik),945,0.1537037037037037,0.13015873015873017,0.8698412698412699,0.18306878306878308,0.004232804232804233,0.32275132275132273,945
bd131313a490d54ccf4d7dd7c72f8b96,153,2025-08-12,Kvinde,utm_campaign=Basis_22&utm_content=MegaMenu&utm_medium=Matrice&utm_source=jp.dk,1,1,0,0,0,2025-03-16,2025-05-15,0,0,Tid,Ikke tid,2025-08-15,0,1,0,69,6+ måneder,Desktop-traditionalisten,40,0.3,0,1,0.125,0.05,0.475,40
bd4c582db6ad252cb8111e3711f34af3,508,2025-12-12,Mand,utm_campaign=Marts25&utm_content=b&utm_medium=mail&utm_source=mail,1,1,1,1,0,2025-03-06,2025-05-05,0,0,Økonomi,Prisstigning,2026-01-05,0,1,0,68,6+ måneder,Spøgelses-brugeren (Lav aktivitet),0,0,0,0,0,0,0,0
bd8f91881891b817482f341aa7cea847,61,2025-03-22,Mand,utm_campaign=Marts25&utm_content=A&utm_medium=content&utm_source=jp.dk,0,0,0,0,0,2025-03-22,2025-05-21,0,0,Produkt,Redaktionelt indhold / holdning,2025-05-21,1,0,0,41,0-7 dage,Mobil-nykommeren,118,0.2521186440677966,1,0,0.2033898305084746,0,0.635593220338983,118
bdba6e71913f8d10883e64d4a3eb100a,61,2025-03-12,Mand,utm_campaign=Marts25&utm_content=B&utm_medium=content&utm_source=jp.dk,0,0,0,0,0,2025-03-12,2025-05-11,0,0,Andet,kunden ønsker ikke at oplyse,2025-05-11,1,0,0,27,6+ måneder,Desktop-traditionalisten,13,0.6730769230769231,0.07692307692307693,0.9230769230769231,0.6923076923076923,0.5384615384615384,0.07692307692307693,13
bdce72baf8cf46c35e50c27d2034f70f,306,2025-12-04,Kvinde,utm_campaign=Basis_22&utm_content=HeaderButtonRaised&utm_medium=Matrice&utm_source=jp.dk,0,0,1,1,0,2025-03-20,2025-05-19,0,0,Tid,Ikke tid,2025-12-19,0,1,0,66,6+ måneder,Desktop-traditionalisten,277,0.22472924187725632,0.20577617328519857,0.7942238267148014,0.22021660649819494,0,0.3971119133574007,277
bdd01e087db83c6919655477c3a9d8e6,61,2025-05-14,Mand,utm_campaign=Marts25&utm_medium=Weblayer&utm_source=jp.dk,0,0,0,0,0,2025-03-22,2025-05-21,0,0,Andet,kunden ønsker ikke at oplyse,2025-05-21,1,0,0,65,0-7 dage,Desktop-traditionalisten,306,0.3292483660130719,0.016339869281045753,0.6470588235294118,0.3300653594771242,0,0.4542483660130719,306
be465621bdb0c21f03d0394cd0d5bf0f,184,2025-08-13,Mand,utm_campaign=Basis_22&utm_content=HeaderButtonRaised&utm_medium=Matrice&utm_source=jp.dk,0,1,0,0,0,2025-03-13,2025-05-12,0,0,Andet,kunden ønsker ikke at oplyse,2025-09-12,0,1,0,59,6+ måneder,Desktop-traditionalisten,32,0.203125,0.25,0.75,0.3125,0,0.78125,32
be6357d225a5c19f09acf6fbc6015653,968,2025-12-09,Mand,utm_campaign=Marts25&utm_content=a&utm_medium=mail&utm_source=mail,1,1,2,1,0,2025-03-05,2025-05-04,0,0,Tid,Ikke tid,2026-01-04,0,1,0,73,6+ måneder,Desktop-traditionalisten,36,0.4791666666666667,0,1,0.3055555555555556,0,0.7222222222222222,36
be7ee4feca2026e1f9905d54770f1580,315,2025-03-10,Mand,utm_campaign=Basis_22&utm_content=HeaderButtonRaised&utm_medium=Matrice&utm_source=jp.dk,0,1,8,6,2,2025-03-08,2025-05-07,0,0,Andet,kunden ønsker ikke at oplyse,2025-05-07,1,0,0,55,6+ måneder,Power-brugeren (Mest mobil),1267,0.2484214680347277,0.654301499605367,0.006314127861089187,0.25887924230465664,0.020520915548539857,0.5027624309392266,1267
beb2f43fd48148b2fa7e5fc19c7ad072,1037,2025-12-18,Kvinde,utm_campaign=Marts25&utm_content=B&utm_medium=content&utm_source=jp.dk,0,0,1,1,0,2025-03-12,2025-05-11,0,0,Andet,kunden ønsker ikke at oplyse,2026-01-11,0,1,0,67,6+ måneder,Desktop-traditionalisten,311,0.27893890675241156,0,1,0.2829581993569132,0.003215434083601286,0.5048231511254019,311
bec12934fd62c54075867a81c5f66926,385,3000-01-01,Mand,utm_campaign=Basis_22&utm_content=HeaderButtonRaised&utm_medium=Matrice&utm_source=jp.dk,0,0,0,0,0,2025-03-08,2025-05-07,0,0,Ingen afmelding,Ingen afmelding,3000-01-01,0,1,0,75,0-7 dage,Power-brugeren (Mest mobil),853,0.36635404454865184,0.004689331770222743,0.9953106682297772,0.3399765533411489,0.35990621336459555,0.5861664712778429,842
befa7a8c62ddf34b84108309cd2c1f59,61,2025-03-08,Mand,utm_campaign=Marts25&utm_content=A&utm_medium=content&utm_source=jp.dk,0,1,0,0,0,2025-03-08,2025-05-07,0,0,Produkt,Redaktionelt indhold / holdning,2025-05-07,1,0,0,68,6+ måneder,Desktop-traditionalisten,5,1,0,1,0.4,0.4,0.2,5
bf50a347c7aa164323490d1a16fb021d,555,3000-01-01,Mand,utm_campaign=Marts25&utm_content=a&utm_medium=mail&utm_source=mail,0,1,20,7,16,2025-03-06,2025-05-05,0,0,Ingen afmelding,Ingen afmelding,3000-01-01,0,1,0,64,6+ måneder,Veteranen (Høj historik),796,0.3649497487437186,0.1934673366834171,0.8065326633165829,0.30025125628140703,0.0728643216080402,0.635678391959799,796
bf5844c314a6cbd3e5d74142a2f254bc,707,2025-03-18,Kvinde,utm_campaign=Marts25&utm_content=A&utm_medium=content&utm_source=jp.dk,0,0,11,9,3,2025-03-18,2025-05-17,0,0,Andet,kunden ønsker ikke at oplyse,2025-05-17,1,0,0,47,6+ måneder,Power-brugeren (Mest mobil),298,0.34731543624161076,0.6812080536912751,0.3187919463087248,0.2785234899328859,0,0.4798657718120805,298
bf88a2da0661ba3ff1e98352538369ef,103,2025-04-05,Mand,utm_campaign=Basis_22&utm_content=HeaderButtonRaised&utm_medium=Matrice&utm_source=jp.dk,1,1,0,0,0,2025-03-09,2025-05-08,0,0,Andet,kunden ønsker ikke at oplyse,2025-05-08,1,0,0,56,6+ måneder,Spøgelses-brugeren (Lav aktivitet),0,0,0,0,0,0,0,0
bf9046fa8bf362613bb568886c425a4c,122,2025-06-27,Mand,utm_campaign=Basis_22&utm_content=HeaderButtonRaised&utm_medium=Matrice&utm_source=jp.dk,1,1,0,0,0,2025-03-23,2025-05-22,0,0,Tid,Ikke tid,2025-07-22,0,1,1,79,0-7 dage,Desktop-traditionalisten,180,0.42083333333333334,0.011111111111111112,0.9166666666666666,0.2833333333333333,0.08333333333333333,0.5111111111111111,180
bf9a9dc001237444190fe7f1cbe80850,351,2025-08-23,Kvinde,utm_campaign=Marts25&utm_content=B&utm_medium=content&utm_source=jp.dk,1,1,0,0,0,2025-03-09,2025-05-08,2,2,Tid,Ikke tid,2025-09-08,0,1,0,53,6+ måneder,Mobil-nykommeren,274,0.3686131386861314,1,0,0.3175182481751825,0.0036496350364963502,0.5656934306569343,274
bfc04c65971b32ccb1e0fad11903aba1,160,2025-08-08,Mand,utm_campaign=Marts25&utm_content=B&utm_medium=content&utm_source=jp.dk,1,1,1,0,1,2025-03-22,2025-05-21,0,0,Tid,Ikke tid,2025-08-21,0,1,0,42,6+ måneder,Power-brugeren (Mest mobil),609,0.25779967159277506,1,0,0.30377668308702793,0.0016420361247947454,0.5435139573070608,609
c02f67974ac36a6c2c86a99b09071d69,61,2025-03-23,Kvinde,utm_campaign=Marts25&utm_content=A&utm_medium=content&utm_source=jp.dk,0,0,0,0,0,2025-03-23,2025-05-22,0,0,Produkt,Redaktionelt indhold / holdning,2025-05-22,1,0,0,56,0-7 dage,Mobil-nykommeren,8,0.5,1,0,0.625,0,0.375,8
c0441af0f7123bbe577e5fdb95015e65,844,2025-04-14,Mand,utm_campaign=Marts25&utm_content=A&utm_medium=content&utm_source=jp.dk,0,0,6,4,0,2025-03-23,2025-05-22,0,0,Tid,Sæsonpause,2025-05-22,1,0,0,85,6+ måneder,Spøgelses-brugeren (Lav aktivitet),0,0,0,0,0,0,0,0
c058e1c1ddfad648ceb7f6487f0bd683,422,2025-09-03,Mand,utm_campaign=Marts25&utm_content=A&utm_medium=content&utm_source=jp.dk,0,0,2,0,1,2025-03-17,2025-05-16,0,0,Tid,Ikke tid,2025-09-03,0,1,0,44,6+ måneder,Mobil-nykommeren,208,0.3389423076923077,1,0,0.30288461538461536,0.009615384615384616,0.4951923076923077,208
c05fb3534804590d4b0adc1e32c75030,1454,3000-01-01,Kvinde,utm_campaign=Basis_22&utm_content=HeaderButtonRaised&utm_medium=Matrice&utm_source=jp.dk,0,0,14,10,5,2025-03-15,2025-05-14,0,0,Ingen afmelding,Ingen afmelding,3000-01-01,0,1,0,46,6+ måneder,Veteranen (Høj historik),75,0.17,0.10666666666666667,0.8533333333333334,0.22666666666666666,0.08,0.52,75
c06405b974fa01559f3fc5f787babcd9,1192,2025-05-23,Mand,utm_campaign=Marts25&utm_content=sc_b&utm_medium=mail&utm_source=mail,0,1,9,7,2,2025-03-21,2025-05-20,0,0,Andet,Ingen årsag – ingen tlf kontakt,2025-05-22,0,1,1,74,6+ måneder,Spøgelses-brugeren (Lav aktivitet),0,0,0,0,0,0,0,0
c09678054489731969a35eefa7ab61a3,61,2025-03-07,Mand,utm_campaign=Marts25&utm_content=a&utm_medium=mail&utm_source=mail,1,1,0,0,0,2025-03-05,2025-05-04,0,0,Produkt,Redaktionelt indhold / holdning,2025-05-04,1,0,0,47,6+ måneder,Mobil-nykommeren,35,0.15714285714285714,1,0,0.2,0,0.7428571428571429,35
c0aa8822b42eb6779e985aad39decc9f,61,2025-03-12,Mand,utm_campaign=Marts25&utm_content=A&utm_medium=content&utm_source=jp.dk,1,1,0,0,0,2025-03-08,2025-05-07,0,0,Tid,Ikke tid,2025-05-07,1,0,0,64,6+ måneder,Mobil-nykommeren,13,0.40384615384615385,1,0,0.3076923076923077,0,0.6923076923076923,13
c1759212b2bbec62900012de41386782,1602,2025-03-17,Mand,utm_campaign=Marts25&utm_content=B&utm_medium=content&utm_source=jp.dk,1,1,113,2,111,2025-03-17,2025-05-16,0,0,Økonomi,Pris,2025-05-16,1,0,0,40,6+ måneder,Veteranen (Høj historik),602,0.25124584717607973,0.9966777408637874,0.0033222591362126247,0.2425249169435216,0.009966777408637873,0.4983388704318937,601
c1fcc738726f2786f0612e4b179bfe3d,244,2025-04-18,Mand,utm_campaign=Basis_22&utm_content=HeaderButtonRaised&utm_medium=Matrice&utm_source=jp.dk,0,0,2,2,0,2025-03-14,2025-05-13,0,0,Tid,Ikke tid,2025-05-13,1,0,0,68,6+ måneder,Desktop-traditionalisten,175,0.3585714285714286,0,1,0.24,0,0.7885714285714286,175
c2015d711c84f908106bc0207442f3bd,371,3000-01-01,Mand,utm_campaign=Marts25&utm_medium=topticker&utm_source=jp.dk,0,0,0,0,0,2025-03-22,2025-05-21,0,0,Ingen afmelding,Ingen afmelding,3000-01-01,0,1,0,77,0-7 dage,Desktop-traditionalisten,216,0.29398148148148145,0,1,0.26851851851851855,0.004629629629629629,0.9629629629629629,216
c275388bc56a60aedfef3a0d4197b3e8,580,2025-09-23,Kvinde,utm_campaign=Marts25&utm_content=B&utm_medium=content&utm_source=jp.dk,0,0,1,1,0,2025-03-16,2025-05-15,0,0,Tid,Ikke tid,2025-10-15,0,1,0,66,6+ måneder,Mobil-nykommeren,19,0.3157894736842105,1,0,0.631578947368421,0.15789473684210525,0.47368421052631576,19
c279248607a5bab56ccba7ac446223f6,455,2026-02-20,Mand,utm_campaign=Basis_22&utm_content=HeaderButtonRaised&utm_medium=Matrice&utm_source=jp.dk,0,0,1,1,0,2025-03-12,2025-05-11,0,0,Produkt,Anden avis/produkt,2026-03-11,0,1,0,57,1-6 måneder,Power-brugeren (Mest mobil),586,0.18344709897610922,1,0,0.15699658703071673,0,0.2781569965870307,586
c2a0c0e55bee5b2702d2e9cee3a22347,332,2025-06-27,Mand,utm_campaign=Marts25&utm_content=A&utm_medium=content&utm_source=jp.dk,0,0,1,1,0,2025-03-03,2025-05-02,0,0,Økonomi,Pris,2025-07-02,0,1,1,39,6+ måneder,Mobil-nykommeren,203,0.4187192118226601,1,0,0.3448275862068966,0,0.6748768472906403,203
c2c273fcfc29b01ce6a89afd5fdcdaec,388,3000-01-01,Mand,utm_campaign=Marts25&utm_content=a&utm_medium=mail&utm_source=mail,1,1,0,0,0,2025-03-05,2025-05-04,1,2,Ingen afmelding,Ingen afmelding,3000-01-01,0,1,0,52,6+ måneder,Power-brugeren (Mest mobil),806,0.27233250620347393,0.5818858560794045,0.41811414392059554,0.24689826302729528,0,0.4292803970223325,805
c2e33d069a7f2e3c6240025cfefe99aa,61,2025-03-20,Ikke oplyst,utm_campaign=Marts25&utm_content=A&utm_medium=content&utm_source=jp.dk,0,0,0,0,0,2025-03-10,2025-05-09,0,0,Andet,kunden ønsker ikke at oplyse,2025-05-09,1,0,0,60,6+ måneder,Mobil-nykommeren,14,0.75,0.8571428571428571,0.14285714285714285,0.42857142857142855,0,0.5714285714285714,14
c2f05fb7a4757702550100feac09b80f,245,2025-11-07,Kvinde,utm_campaign=Marts25&utm_content=B&utm_medium=content&utm_source=jp.dk,1,1,0,0,0,2025-03-10,2025-05-09,0,0,Tid,Ikke tid,2025-11-09,0,1,0,63,0-7 dage,Mobil-nykommeren,17,0.4117647058823529,1,0,0.29411764705882354,0.11764705882352941,0.47058823529411764,17
c32c672d65b6c6bee1496d8ea7ba3a7f,720,3000-01-01,Mand,utm_campaign=Marts25&utm_content=A&utm_medium=content&utm_source=jp.dk,0,1,1,1,0,2025-03-10,2025-05-09,0,0,Ingen afmelding,Ingen afmelding,3000-01-01,0,1,0,63,6+ måneder,Power-brugeren (Mest mobil),520,0.28846153846153844,0.9653846153846154,0.0019230769230769232,0.2903846153846154,0.021153846153846155,0.5153846153846153,518
c37504d892a2f779e98c50ee0579ec35,380,2025-04-23,Mand,utm_campaign=Basis_22&utm_content=HeaderButtonRaised&utm_medium=Matrice&utm_source=jp.dk,1,1,1,1,0,2025-03-22,2025-05-21,0,0,Produkt,Redaktionelt indhold / holdning,2025-05-21,1,0,0,46,1-6 måneder,Power-brugeren (Mest mobil),693,0.25613275613275616,0.4588744588744589,0.5411255411255411,0.240981240981241,0.015873015873015872,0.5252525252525253,693
c3796fb3b8d88d3ca84119b65e13adf2,369,3000-01-01,Kvinde,utm_campaign=Basis_22&utm_content=HeaderButtonRaised&utm_medium=Matrice&utm_source=jp.dk,1,1,0,0,0,2025-03-24,2025-05-23,0,0,Ingen afmelding,Ingen afmelding,3000-01-01,0,1,0,75,6+ måneder,Spøgelses-brugeren (Lav aktivitet),1,0,0,1,0,0,0,1
c3a2adcf58f23aa02be556824b1d0f70,123,2025-03-19,Mand,utm_campaign=Marts25&utm_content=B&utm_medium=content&utm_source=jp.dk,0,0,2,2,0,2025-03-19,2025-05-18,0,0,Produkt,Redaktionelt indhold / holdning,2025-05-18,1,0,0,37,6+ måneder,Power-brugeren (Mest mobil),444,0.3530405405405405,1,0,0.29504504504504503,0.0022522522522522522,0.9842342342342343,444
c4001ea45fd4a1b949a2c6bf4cf15d53,561,2025-08-25,Kvinde,utm_campaign=&utm_content=genbesog_JP_digital&utm_medium=ppc&utm_source=adwords&utm_term=jyllands-posten+abonnement,0,1,5,3,1,2025-03-18,2025-05-17,1,1,Tid,Ikke tid,2025-09-17,0,1,0,69,6+ måneder,Desktop-traditionalisten,31,0.3790322580645161,0,1,0.12903225806451613,0.1935483870967742,0.8064516129032258,31
c402e82b274b94ea1c549636425759a2,1502,2026-03-09,Mand,utm_campaign=Marts25&utm_content=sc_a&utm_medium=mail&utm_source=mail,0,1,5,2,0,2025-03-23,2025-05-22,0,0,Andet,kunden ønsker ikke at oplyse,2026-04-29,0,1,0,82,6+ måneder,Power-brugeren (Mest mobil),1641,0.16956124314442414,0,1,0.1291895185862279,0,0.2626447288238879,1641
c41d91fd81be3a4323a066782b30ff44,840,2025-03-28,Mand,utm_campaign=Marts25&utm_content=sc_a&utm_medium=mail&utm_source=mail,0,1,4,3,0,2025-03-21,2025-05-20,0,0,Andet,Ingen årsag – ingen tlf kontakt,2025-05-20,1,0,0,76,6+ måneder,Desktop-traditionalisten,83,0.21084337349397592,0,1,0.27710843373493976,0,0.54216867469879515,83
c42af5001a6324e4228ab78a45310632,61,2025-03-12,Mand,utm_campaign=Marts25&utm_content=B&utm_medium=content&utm_source=jp.dk,0,0,0,0,0,2025-03-11,2025-05-10,0,0,Økonomi,Pris,2025-05-10,1,0,0,57,0-7 dage,Mobil-nykommeren,14,0.48214285714285715,1,0,0.42857142857142855,0.2857142857142857,0.35714285714285715,14
c43fda59ec054f920ad3eeb9d753de5d,398,2025-05-06,Mand,utm_campaign=Marts25&utm_content=B&utm_medium=content&utm_source=jp.dk,0,0,2,1,0,2025-03-07,2025-05-06,0,0,Tid,Ikke tid,2025-05-06,1,0,0,62,6+ måneder,Desktop-traditionalisten,22,0.5113636363636364,0,1,0.5454545454545454,0,0.8181818181818182,22
c471b03cd445e41200a69e3b4cfdd9c5,884,2025-05-23,Mand,utm_campaign=Marts25&utm_content=sc_b&utm_medium=mail&utm_source=mail,1,1,7,3,2,2025-03-21,2025-05-20,2,2,Tid,Ikke tid,2025-05-23,0,1,1,78,6+ måneder,Mobil-nykommeren,73,0.4280821917808219,1,0,0.2328767123287671,0.0136986301369863,0.4794520547945205,73
c4787528228f697c489493f9dbc30683,1214,3000-01-01,Mand,utm_campaign=Marts25&utm_content=B&utm_medium=content&utm_source=jp.dk,0,1,1,1,0,2025-03-03,2025-05-02,0,0,Ingen afmelding,Ingen afmelding,3000-01-01,0,1,0,54,6+ måneder,Power-brugeren (Mest mobil),416,0.24459134615384615,0.7163461538461539,0.28365384615384615,0.3004807692307692,0.3798076923076923,0.5216346153846154,416
c4b4438193127c3eb6ee62ffd82b6283,61,2025-04-10,Kvinde,utm_campaign=Marts25&utm_content=A&utm_medium=content&utm_source=jp.dk,1,1,0,0,0,2025-03-13,2025-05-12,0,0,Tid,Ikke tid,2025-05-12,1,0,0,62,0-7 dage,Mobil-nykommeren,17,0.7352941176470589,1,0,0.47058823529411764,0,0.23529411764705882,17
c502b0e0ba6d4368ce45fd4f8a87a07a,1064,2025-03-21,Mand,utm_campaign=Marts25&utm_content=sc_a&utm_medium=mail&utm_source=mail,1,1,8,8,2,2025-03-21,2025-05-20,0,0,Økonomi,Pris,2025-05-20,1,0,0,56,6+ måneder,Power-brugeren (Mest mobil),550,0.27,0,0.9981818181818182,0.2818181818181818,0,0.5854545454545454,548
c5211e8f7bb8fd20ed1c5643c278b1d5,653,2025-07-03,Mand,utm_campaign=Marts25&utm_content=sc_a&utm_medium=mail&utm_source=mail,1,1,6,3,3,2025-03-22,2025-05-21,0,0,Andet,kunden ønsker ikke at oplyse,2025-07-21,0,1,1,75,6+ måneder,Power-brugeren (Mest mobil),355,0.321830985915493,0.30985915492957744,0.6901408450704225,0.3183098591549296,0.15492957746478872,0.571830985915493,355
c57715723b559d41744bb899bb494e69,230,2025-04-28,Kvinde,utm_campaign=Marts25&utm_content=B&utm_medium=content&utm_source=jp.dk,0,0,0,0,0,2025-03-13,2025-05-12,0,0,Tid,Ikke tid,2025-05-12,1,0,0,55,6+ måneder,Mobil-nykommeren,11,0.4772727272727273,1,0,0.45454545454545453,0.09090909090909091,0.36363636363636365,11
c57b30f31bf83496809f095590804c5d,587,3000-01-01,Mand,utm_campaign=Marts25&utm_content=A&utm_medium=content&utm_source=jp.dk,0,1,1,1,0,2025-03-20,2025-05-19,0,0,Ingen afmelding,Ingen afmelding,3000-01-01,0,1,0,63,6+ måneder,Power-brugeren (Mest mobil),373,0.4436997319034853,0.7667560321715817,0.23324396782841822,0.3806970509383378,0,0.7560321715817694,373
c5f4da1e31e7a8497ac488f4b068d9ca,332,2025-08-07,Mand,utm_campaign=Marts25&utm_content=B&utm_medium=content&utm_source=jp.dk,0,1,3,1,2,2025-03-07,2025-05-06,0,0,Produkt,Redaktionelt indhold / holdning,2025-09-06,0,1,0,45,6+ måneder,Desktop-traditionalisten,166,0.4171686746987952,0,1,0.3433734939759036,0,0.5602409638554217,166
c62e2aca7afc1e9c73872a62e30e7848,144,2025-08-13,Kvinde,utm_campaign=Basis_22&utm_content=HeaderButtonRaised&utm_medium=Matrice&utm_source=jp.dk,1,1,0,0,0,2025-03-22,2025-05-21,0,0,Digitalt,Oprettet med forkert e-mail,2025-08-12,0,1,1,36,6+ måneder,Mobil-nykommeren,3,0.4166666666666667,1,0,0.6666666666666666,0.6666666666666666,0,3
c63f8a67553105581be2ce0dff32b3f4,383,3000-01-01,Mand,utm_campaign=Marts25&utm_content=A&utm_medium=content&utm_source=jp.dk,0,0,0,0,0,2025-03-10,2025-05-09,0,0,Ingen afmelding,Ingen afmelding,3000-01-01,0,1,0,66,0-7 dage,Mobil-nykommeren,3,0.25,1,0,0,0,0.6666666666666666,3
c72388148b999f0f684abdc883dfb610,122,2025-06-26,Mand,utm_campaign=Marts25&utm_content=A&utm_medium=content&utm_source=jp.dk,0,0,0,0,0,2025-03-22,2025-05-21,0,0,Tid,Ikke tid,2025-07-21,0,1,1,55,0-7 dage,Mobil-nykommeren,213,0.30633802816901406,0.9765258215962441,0.023474178403755867,0.3192488262910798,0,0.4788732394366197,212
c725b4f13e87aee2d75db85f4b717ab6,337,2026-01-06,Mand,utm_campaign=Marts25&utm_content=A&utm_medium=content&utm_source=jp.dk,0,0,0,0,0,2025-03-04,2025-05-03,0,0,Økonomi,Pris,2026-02-03,0,1,0,50,0-7 dage,Power-brugeren (Mest mobil),648,0.5659722222222222,0.3101851851851852,0.6898148148148148,0.3888888888888889,0,0.6759259259259259,648
c7942fc44892805619480b10b00a1c97,470,2025-12-02,Mand,utm_campaign=Marts25&utm_content=B&utm_medium=content&utm_source=jp.dk,0,1,1,1,0,2025-03-05,2025-05-04,0,0,Andet,kunden ønsker ikke at oplyse,2025-12-04,0,1,0,66,6+ måneder,Desktop-traditionalisten,160,0.396875,0,1,0.35625,0,0.6,160
c7bdb7da31ed15bcc2b8dcee4686c508,95,2025-06-23,Mand,utm_campaign=Marts25&utm_content=sc_a&utm_medium=mail&utm_source=mail,0,1,0,0,0,2025-03-21,2025-05-20,0,0,Andet,Ingen årsag – ingen tlf kontakt,2025-06-23,0,1,1,51,0-7 dage,Mobil-nykommeren,10,0.425,1,0,0.5,0,0,10
c7e1c5854a5498b853ccece74c497065,511,2025-04-01,Kvinde,utm_campaign=Marts25&utm_content=sc_a&utm_medium=mail&utm_source=mail,0,1,3,2,0,2025-03-21,2025-05-20,3,3,Andet,Ingen årsag – ingen tlf kontakt,2025-05-20,1,0,0,86,6+ måneder,Power-brugeren (Mest mobil),966,0.6040372670807453,0,1,0.4244306418219462,0.23395445134575568,0.6997929606625258,964
c7ebffd40754673a2cbfb814685a9e7c,774,2025-04-22,Mand,utm_campaign=Marts25&utm_content=sc_b&utm_medium=mail&utm_source=mail,0,1,4,2,1,2025-03-22,2025-05-21,0,0,Tid,Ikke tid,2025-05-21,1,0,0,66,6+ måneder,Desktop-traditionalisten,122,0.41188524590163933,0.040983606557377046,0.9590163934426229,0.27049180327868855,0.00819672131147541,0.9508196721311475,122
c7f097b9d706357319d402a81ecafe61,61,2025-03-18,Kvinde,utm_campaign=Basis_22&utm_content=HeaderButtonRaised&utm_medium=Matrice&utm_source=jp.dk,0,0,0,0,0,2025-03-05,2025-05-04,0,0,Tid,Ikke tid,2025-05-04,1,0,0,30,6+ måneder,Desktop-traditionalisten,121,0.31611570247933884,0,1,0.2644628099173554,0.008264462809917356,0.8181818181818182,121
c806f370485dca6c667bf0c1000c949e,219,2025-10-27,Mand,utm_campaign=Marts25&utm_content=sc_a&utm_medium=mail&utm_source=mail,1,1,0,0,0,2025-03-22,2025-05-21,4,4,Tid,Ikke tid,2025-11-21,0,1,0,73,6+ måneder,Spøgelses-brugeren (Lav aktivitet),0,0,0,0,0,0,0,0
c81237e08e7023521f2b624d5c18fcf9,853,2025-04-05,Kvinde,utm_campaign=Marts25&utm_content=a&utm_medium=mail&utm_source=mail,1,1,7,4,3,2025-03-05,2025-05-04,0,0,Andet,kunden ønsker ikke at oplyse,2025-05-04,1,0,0,74,6+ måneder,Mobil-nykommeren,4,0.6875,1,0,0.5,0,0.25,4
c8773ba99e238fcc3e6354b094c054dc,61,2025-03-28,Mand,utm_campaign=Marts25&utm_content=A&utm_medium=content&utm_source=jp.dk,0,0,0,0,0,2025-03-15,2025-05-14,0,0,Produkt,Redaktionelt indhold / holdning,2025-05-14,1,0,0,62,6+ måneder,Mobil-nykommeren,152,0.59375,0,0,0.46710526315789475,0,0.6052631578947368,152
c87f05ad95f5f762ee2991ac45685fac,1642,2025-03-31,Mand,utm_campaign=Basis_22&utm_content=MegaMenu&utm_medium=Matrice&utm_source=jp.dk,0,1,22,8,10,2025-03-10,2025-05-09,4,4,Tid,Ikke tid,2025-05-09,1,0,0,77,6+ måneder,Veteranen (Høj historik),300,0.3775,0.05333333333333334,0.9466666666666667,0.30333333333333334,0.02,0.5633333333333334,300
c8a278dec924a95815133c3f0c15e8cd,1642,3000-01-01,Mand,utm_campaign=Basis_22&utm_content=HeaderButtonRaised&utm_medium=Matrice&utm_source=jp.dk,0,1,5,3,1,2025-03-11,2025-05-10,4,4,Ingen afmelding,Ingen afmelding,3000-01-01,0,1,0,71,6+ måneder,Veteranen (Høj historik),14,0.19642857142857142,0,1,0.2857142857142857,0,0.6428571428571429,14
c8e4a23b9e979430d588440ed4f70da7,1366,2025-05-02,Mand,utm_campaign=Marts25&utm_content=a&utm_medium=mail&utm_source=mail,0,0,10,5,3,2025-03-07,2025-05-06,0,0,Økonomi,Pris,2025-05-06,1,0,0,62,6+ måneder,Power-brugeren (Mest mobil),121,0.3037190082644628,0.8099173553719008,0.18181818181818182,0.30578512396694213,0,0.47107438016528924,121
c9642c7e6b729027c298084251edfec2,61,2025-03-23,Mand,utm_campaign=Marts25&utm_content=sc_b&utm_medium=mail&utm_source=mail,1,1,0,0,0,2025-03-23,2025-05-22,1,1,Andet,kunden ønsker ikke at oplyse,2025-05-22,1,0,0,38,6+ måneder,Mobil-nykommeren,31,0.3225806451612903,0.7419354838709677,0.25806451612903225,0.2903225806451613,0,0.3870967741935484,31
c98ca624535336c5a0b8cb324f657306,1521,2025-03-27,Mand,utm_campaign=Marts25&utm_content=sc_a&utm_medium=mail&utm_source=mail,0,1,3,2,0,2025-03-22,2025-03-26,3,3,Salg,Annulleret køb,2025-03-26,1,0,0,82,6+ måneder,Spøgelses-brugeren (Lav aktivitet),0,0,0,0,0,0,0,0
c9c0ee891e75d4768f4cacb8d505a47b,378,2025-10-31,Mand,utm_campaign=Basis_22&utm_content=HeaderButtonRaised&utm_medium=Matrice&utm_source=jp.dk,1,1,1,1,0,2025-03-11,2025-05-10,0,2,Produkt,Redaktionelt indhold / holdning,2025-11-10,0,1,0,70,1-6 måneder,Mobil-nykommeren,59,0.3432203389830508,1,0,0.3050847457627119,0,0.6949152542372882,59
c9d9513e179483c3818a8f0638759a04,433,3000-01-01,Mand,utm_campaign=Morgen&utm_content=2025-03-21&utm_medium=email&utm_source=jp,1,1,1,0,0,2025-03-21,2025-05-20,5,6,Ingen afmelding,Ingen afmelding,3000-01-01,0,1,0,54,6+ måneder,Mobil-nykommeren,4,0.25,1,0,0,0,0,4
c9e12beabccbe760eb991404a1a6d8a8,92,2025-05-23,Mand,utm_campaign=Marts25&utm_content=B&utm_medium=content&utm_source=jp.dk,0,0,0,0,0,2025-03-12,2025-05-11,0,0,Tid,Ikke tid,2025-06-11,0,1,1,80,6+ måneder,Mobil-nykommeren,346,0.4328034682080925,1,0,0.37572254335260113,0.08670520231213873,0.7658959537572254,346
c9f9144d6d7f9feea4a3f7b8508c7512,123,2025-04-18,Mand,utm_campaign=Marts25&utm_content=A&utm_medium=content&utm_source=jp.dk,0,0,1,1,0,2025-03-22,2025-05-21,0,0,Produkt,Anden avis/produkt,2025-05-21,1,0,0,43,6+ måneder,Power-brugeren (Mest mobil),449,0.29565701559020047,1,0,0.34743875278396436,0,0.7483296213808464,449
ca4594f4f60ad973138a97fc5a94c0fa,245,2025-11-13,Mand,,0,1,0,0,0,2025-03-21,2025-05-20,7,7,Tid,Ikke tid,2025-11-20,0,1,0,55,6+ måneder,Spøgelses-brugeren (Lav aktivitet),0,0,0,0,0,0,0,0
cb06350478e8e8b0fda136751593b4ea,282,2025-12-02,Mand,utm_campaign=Marts25&utm_content=a&utm_medium=mail&utm_source=mail,0,1,1,0,1,2025-03-05,2025-05-04,0,0,Økonomi,Pris,2025-12-04,0,1,0,60,6+ måneder,Desktop-traditionalisten,166,0.3569277108433735,0,1,0.2469879518072289,0.3674698795180723,0.4578313253012048,166
cb1999f44040d75a589b9677b11ab6dd,487,2025-09-09,Mand,utm_campaign=Basis_22&utm_content=HeaderButtonRaised&utm_medium=Matrice&utm_source=jp.dk,0,0,5,4,0,2025-03-06,2025-05-05,0,0,Andet,kunden ønsker ikke at oplyse,2025-10-05,0,1,0,44,6+ måneder,Desktop-traditionalisten,324,0.28703703703703703,0.033950617283950615,0.9660493827160493,0.3148148148148148,0.037037037037037035,0.6882716049382716,324
cb92ae67bee72e40d07beb9773352800,245,2025-10-16,Mand,utm_campaign=Marts25&utm_content=6657291290052&utm_medium=fb_matrice&utm_source=some&utm_term=6657291290252,0,0,0,0,0,2025-03-16,2025-05-15,0,0,Økonomi,Pris,2025-11-15,0,1,0,67,6+ måneder,Desktop-traditionalisten,434,0.21831797235023043,0,1,0.271889400921659,0,0.6152073732718893,434
cbbccaff1980a9afe74cf3b70a7d61da,335,2025-03-21,Mand,utm_campaign=Marts25&utm_content=b&utm_medium=mail&utm_source=mail,1,0,2,2,0,2025-03-05,2025-05-04,0,0,Produkt,Redaktionelt indhold / holdning,2025-05-04,1,0,0,65,6+ måneder,Power-brugeren (Mest mobil),882,0.2950680272108844,0.9195011337868481,0.08049886621315193,0.24263038548752835,0.006802721088435374,0.9455782312925171,882
cbd25d5f4fe90834708bb6e362dd71ff,61,2025-03-04,Kvinde,utm_campaign=Marts25&utm_content=A&utm_medium=content&utm_source=jp.dk,0,0,0,0,0,2025-03-04,2025-05-03,0,0,Andet,kunden ønsker ikke at oplyse,2025-05-03,1,0,0,33,6+ måneder,Mobil-nykommeren,1,1,1,0,0,0,0,1
cc8295dd665a1de96fe1d20e1bcc6831,503,2025-03-14,Kvinde,utm_campaign=Marts25&utm_content=A&utm_medium=content&utm_source=jp.dk,0,0,2,1,1,2025-03-09,2025-05-08,0,0,Tid,Ikke tid,2025-05-08,1,0,0,51,6+ måneder,Mobil-nykommeren,20,0.325,1,0,0.4,0,0.7,20
ccc8f1b438686e37f9f03a6f883ff2a4,416,3000-01-01,Mand,utm_campaign=Marts25&utm_content=A&utm_medium=content&utm_source=jp.dk,0,0,1,1,0,2025-03-22,2025-05-21,0,0,Ingen afmelding,Ingen afmelding,3000-01-01,0,1,0,55,6+ måneder,Power-brugeren (Mest mobil),591,0.2800338409475465,1,0,0.32148900169204736,0,0.6057529610829103,591
cceb3290f938f15918c8cf27dd2ff945,61,2025-05-12,Mand,utm_campaign=Basis_22&utm_content=HeaderButtonRaised&utm_medium=Matrice&utm_source=jp.dk,1,1,0,0,0,2025-03-14,2025-05-13,0,0,Tid,Ikke tid,2025-05-13,1,0,0,60,0-7 dage,Spøgelses-brugeren (Lav aktivitet),3,0,1,0,0,0,0.6666666666666666,3
cd228c9e541eb4614990045843f581f2,61,2025-04-21,Mand,utm_campaign=Marts25&utm_content=B&utm_medium=content&utm_source=jp.dk,0,0,0,0,0,2025-03-15,2025-05-14,0,0,Produkt,Anden avis/produkt,2025-05-14,1,0,0,49,0-7 dage,Desktop-traditionalisten,22,0.4318181818181818,0,1,0.4090909090909091,0.045454545454545456,0.45454545454545453,22
cd56a0cd8667821575100b3250a9b4f8,568,3000-01-01,Mand,utm_campaign=Marts25&utm_content=B&utm_medium=content&utm_source=jp.dk,1,1,9,2,8,2025-03-22,2025-05-21,1,1,Ingen afmelding,Ingen afmelding,3000-01-01,0,1,0,55,6+ måneder,Power-brugeren (Mest mobil),562,0.3300711743772242,0.9626334519572953,0.037366548042704624,0.3736654804270463,0,0.9430604982206405,560
cd59224fcfcc404981604bd2c95ed713,505,2025-06-08,Mand,utm_campaign=Marts25&utm_content=sc_a&utm_medium=mail&utm_source=mail,1,1,4,2,1,2025-03-21,2025-05-20,1,2,Andet,kunden ønsker ikke at oplyse,2025-06-20,0,1,1,76,6+ måneder,Mobil-nykommeren,105,0.5547619047619048,0.9333333333333333,0.06666666666666667,0.4095238095238095,0.17142857142857143,0.5619047619047619,105
cd6c3e6398909fdb7208c8a41682afec,94,2025-05-04,Mand,utm_campaign=Marts25&utm_content=A&utm_medium=content&utm_source=jp.dk,0,0,0,0,0,2025-03-12,2025-05-11,0,0,Produkt,Redaktionelt indhold / holdning,2025-05-11,1,0,0,28,0-7 dage,Mobil-nykommeren,34,0.2647058823529412,0.5882352941176471,0.35294117647058826,0.3235294117647059,0,0.4411764705882353,34
cd89e049f0b16fa28499c3a1ab5e15f5,378,3000-01-01,Mand,utm_campaign=L%C3%B8rdag&utm_content=2025-03-15&utm_medium=email&utm_source=jp,0,0,0,0,0,2025-03-15,2025-05-14,3,4,Ingen afmelding,Ingen afmelding,3000-01-01,0,1,0,81,6+ måneder,Desktop-traditionalisten,49,0.8214285714285714,0,1,0.5714285714285714,0,0.6326530612244898,49
cdcf80d158f378db78d1d8fadb387ab8,815,3000-01-01,Mand,utm_campaign=Marts25&utm_content=A&utm_medium=content&utm_source=jp.dk,1,1,1,0,0,2025-03-04,2025-05-03,0,0,Ingen afmelding,Ingen afmelding,3000-01-01,0,1,0,50,6+ måneder,Mobil-nykommeren,225,0.7244444444444444,0.68,0.32,0.5111111111111111,0.0044444444444444444,0.21777777777777776,225
cde126123f199937279bcad3d9e01720,346,2025-06-16,Mand,utm_campaign=Marts25&utm_content=b&utm_medium=mail&utm_source=mail,0,1,2,2,1,2025-03-05,2025-05-04,4,4,Andet,Ingen årsag – ingen tlf kontakt,2025-07-04,0,1,1,76,6+ måneder,Mobil-nykommeren,97,0.5541237113402062,1,0,0.5979381443298969,0,0.4948453608247423,97
cdf4b5845abcee42684fc103bcc62634,61,2025-04-21,Mand,utm_campaign=Marts25&utm_content=sc_a&utm_medium=mail&utm_source=mail,0,1,0,0,0,2025-03-22,2025-05-21,0,0,Tid,Ikke tid,2025-05-21,1,0,0,65,6+ måneder,Power-brugeren (Mest mobil),540,0.325,0.8981481481481481,0.10185185185185185,0.28703703703703703,0.3814814814814815,0.5981481481481481,540
cdfd2a89babf1b6e989ff43bdd144c3d,61,2025-03-20,Kvinde,utm_campaign=Marts25&utm_content=A&utm_medium=content&utm_source=jp.dk,0,0,0,0,0,2025-03-20,2025-05-19,0,0,Økonomi,Pris,2025-05-19,1,0,0,35,6+ måneder,Mobil-nykommeren,2,1,1,0,1,0,0,2
ce66f99b04a7eaf26a438a47f91e5c31,512,3000-01-01,Ikke oplyst,utm_campaign=Marts25&utm_content=sc_b&utm_medium=mail&utm_source=mail,0,1,3,1,2,2025-03-23,2025-05-22,0,0,Ingen afmelding,Ingen afmelding,3000-01-01,0,1,0,60,6+ måneder,Desktop-traditionalisten,460,0.3467391304347826,0,1,0.26956521739130435,0.002173913043478261,0.4673913043478261,460
cea6e8cff201b5805f306ac32de5c6b3,811,3000-01-01,Mand,utm_campaign=Marts25&utm_content=A&utm_medium=content&utm_source=jp.dk,0,1,2,2,0,2025-03-09,2025-05-08,0,0,Ingen afmelding,Ingen afmelding,3000-01-01,0,1,0,52,6+ måneder,Mobil-nykommeren,13,0.19230769230769232,1,0,0.3076923076923077,0,0.6153846153846154,13
cec3fe960d60daafddc79bce70bdb365,1777,2025-04-25,Mand,utm_campaign=Marts25&utm_content=a&utm_medium=mail&utm_source=mail,0,1,11,4,7,2025-03-08,2025-05-07,1,1,Økonomi,Pris,2025-05-07,1,0,0,58,6+ måneder,Veteranen (Høj historik),40,0.41875,0,1,0.375,0,0.625,40
cef8c111e1a6a010e5e1a9801e09a2e0,61,2025-04-18,Mand,utm_campaign=Marts25&utm_content=B&utm_medium=content&utm_source=jp.dk,0,0,0,0,0,2025-03-20,2025-05-19,0,0,Økonomi,Pris,2025-05-19,1,0,0,43,0-7 dage,Mobil-nykommeren,12,0.25,0.75,0.25,0.3333333333333333,0.16666666666666666,0.4166666666666667,12
cf69da92adfa9b7918789261eb805ecc,367,2025-09-15,Kvinde,utm_campaign=Marts25&utm_content=A&utm_medium=content&utm_source=jp.dk,1,1,1,1,0,2025-03-04,2025-05-03,0,0,Tid,Ikke tid,2025-10-03,0,1,0,48,6+ måneder,Spøgelses-brugeren (Lav aktivitet),0,0,0,0,0,0,0,0
cf78ae59afd3ba595b9bbe3634e8861a,271,2025-05-28,Mand,utm_campaign=Marts25&utm_content=A&utm_medium=content&utm_source=jp.dk,0,1,0,0,0,2025-03-23,2025-05-22,3,3,Tid,Ikke tid,2025-06-22,0,1,1,72,6+ måneder,Desktop-traditionalisten,72,0.6458333333333334,0,0.7361111111111112,0.5138888888888888,0,0.375,72
cf9bb6c697c20d5eb0942feb43cd07b3,782,2025-05-28,Mand,utm_campaign=Marts25&utm_content=sc_a&utm_medium=mail&utm_source=mail,1,1,11,7,6,2025-03-21,2025-05-20,5,5,Tid,Ikke tid,2025-06-20,0,1,1,78,6+ måneder,Veteranen (Høj historik),163,0.3205521472392638,0.012269938650306749,0.9877300613496932,0.3496932515337423,0.012269938650306749,0.37423312883435583,163
cfb0f260bbd8b345ebb474ee8b3a31c3,184,2025-05-22,Mand,utm_campaign=Marts25&utm_content=B&utm_medium=content&utm_source=jp.dk,0,0,1,1,0,2025-03-19,2025-05-18,0,0,Tid,Ikke tid,2025-06-18,0,1,1,63,6+ måneder,Desktop-traditionalisten,60,0.6833333333333333,0.25,0.75,0.5666666666666667,0,0.65,60
cfb989d2b0e7704212c88903976a770b,998,2025-03-30,Mand,utm_campaign=Marts25&utm_content=sc_b&utm_medium=mail&utm_source=mail,0,1,13,7,7,2025-03-23,2025-05-22,0,0,Tid,Ikke tid,2025-05-22,1,0,0,77,6+ måneder,Veteranen (Høj historik),19,0.27631578947368424,1,0,0.15789473684210525,0.05263157894736842,0.42105263157894735,19
cfca42b67f889953733a6032ae4143d1,581,2025-06-24,Mand,utm_campaign=Marts25&utm_content=sc_a&utm_medium=mail&utm_source=mail,0,1,8,6,3,2025-03-22,2025-05-21,4,4,Tid,Ikke tid,2025-07-21,0,1,1,69,6+ måneder,Veteranen (Høj historik),28,0.625,1,0,0.5714285714285714,0,0.35714285714285715,28
cfda831591d317b78cb24f401d7fe1b4,61,2025-04-15,Mand,utm_campaign=Marts25&utm_content=A&utm_medium=content&utm_source=jp.dk,0,0,0,0,0,2025-03-05,2025-05-04,0,0,Produkt,Redaktionelt indhold / holdning,2025-05-04,1,0,0,65,6+ måneder,Power-brugeren (Mest mobil),737,0.17062415196743555,0,1,0.24830393487109906,0.0027137042062415195,0.4491180461329715,737
d0129f09763833b1b2567f8c7d2be980,510,2025-03-23,Mand,utm_campaign=S%C3%B8ndag&utm_content=2025-03-23&utm_medium=email&utm_source=jp,0,1,2,2,0,2025-03-23,2025-05-22,10,9,Økonomi,Pris,2025-05-22,1,0,0,64,6+ måneder,Veteranen (Høj historik),71,0.6197183098591549,0.07042253521126761,0.9295774647887324,0.5070422535211268,0,0.2676056338028169,71
d02b640435aeeb19734ebd3041caf523,1609,3000-01-01,Kvinde,utm_campaign=Marts25&utm_content=sc_a&utm_medium=mail&utm_source=mail,0,1,12,2,10,2025-03-23,2025-05-22,0,0,Ingen afmelding,Ingen afmelding,3000-01-01,0,1,0,68,6+ måneder,Spøgelses-brugeren (Lav aktivitet),0,0,0,0,0,0,0,0
d0a723ae18afcbcc10a871182eef6575,719,2025-05-11,Mand,utm_campaign=Marts25&utm_content=b&utm_medium=mail&utm_source=mail,1,1,2,2,0,2025-03-23,2025-05-22,0,0,Økonomi,Pris,2025-05-22,1,0,0,68,6+ måneder,Spøgelses-brugeren (Lav aktivitet),0,0,0,0,0,0,0,0
d0c4c9f292d80bb95236914f7cc2c39c,328,2025-03-31,Mand,utm_campaign=Marts25&utm_content=sc_b&utm_medium=mail&utm_source=mail,1,1,1,1,1,2025-03-22,2025-05-21,0,0,Tid,Ikke tid,2025-05-21,1,0,0,71,6+ måneder,Desktop-traditionalisten,87,0.3333333333333333,0,1,0.2988505747126437,0,0.7126436781609196,87
d0d81b7a741d91ade62ef2055b924416,1266,2025-11-04,Mand,utm_campaign=Marts25&utm_content=A&utm_medium=content&utm_source=jp.dk,1,1,5,5,0,2025-03-09,2025-05-08,0,0,Andet,kunden ønsker ikke at oplyse,2025-11-08,0,1,0,51,6+ måneder,Power-brugeren (Mest mobil),700,0.3275,0.6585714285714286,0.3414285714285714,0.29428571428571426,0,0.5342857142857143,697
d0e09996630a7a664eb6f1f65c865d5c,277,2025-08-22,Mand,utm_campaign=Marts25&utm_content=sc_b&utm_medium=mail&utm_source=mail,1,1,1,1,1,2025-03-21,2025-05-20,0,0,Tid,Ikke tid,2025-09-20,0,1,0,65,1-6 måneder,Spøgelses-brugeren (Lav aktivitet),3,0.08333333333333333,0.3333333333333333,0,0.3333333333333333,0,0.3333333333333333,3
d11308b020d39d9cf932704c9298d801,344,2025-06-28,Kvinde,utm_campaign=Marts25&utm_content=b&utm_medium=mail&utm_source=mail,1,1,3,2,1,2025-03-05,2025-05-04,0,0,Tid,Ikke tid,2025-07-04,0,1,1,71,6+ måneder,Desktop-traditionalisten,245,0.2938775510204082,0,1,0.2693877551020408,0.2938775510204082,0.5469387755102041,244
d12a65d3b86ee43619c89e2b0f6211d8,460,2025-03-19,Mand,utm_campaign=Marts25&utm_content=B&utm_medium=content&utm_source=jp.dk,0,0,2,2,0,2025-03-19,2025-05-18,0,0,Andet,kunden ønsker ikke at oplyse,2025-05-18,1,0,0,62,6+ måneder,Power-brugeren (Mest mobil),1469,0.24812797821647378,0.9734513274336283,0.02654867256637168,0.19877467665078286,0,0.4023144996596324,1469
d191f386d848be4c5be981c0f8816e01,92,2025-05-17,Ikke oplyst,utm_campaign=Marts25&utm_content=B&utm_medium=content&utm_source=jp.dk,0,0,0,0,0,2025-03-15,2025-05-14,0,0,Produkt,Redaktionelt indhold / holdning,2025-06-14,0,1,1,41,6+ måneder,Mobil-nykommeren,23,0.32608695652173914,0.9130434782608695,0.08695652173913043,0.5217391304347826,0,0.08695652173913043,23
d1ca6a372601fe9c7e69b8524758f7eb,388,3000-01-01,Mand,utm_campaign=Basis_22&utm_content=HeaderButtonRaised&utm_medium=Matrice&utm_source=jp.dk,0,0,0,0,0,2025-03-05,2025-05-04,0,0,Ingen afmelding,Ingen afmelding,3000-01-01,0,1,0,57,6+ måneder,Power-brugeren (Mest mobil),627,0.2795055821371611,0.9776714513556619,0.022328548644338118,0.23444976076555024,0,0.48165869218500795,627
d2272179aa910b22d9225a1199cf14fa,61,2025-03-22,Mand,utm_campaign=Marts25&utm_content=B&utm_medium=content&utm_source=jp.dk,0,0,0,0,0,2025-03-14,2025-05-13,0,0,Tid,Ikke tid,2025-05-13,1,0,0,55,6+ måneder,Mobil-nykommeren,46,0.30434782608695654,1,0,0.21739130434782608,0,0.9347826086956522,46
d2acf3cf03a69046e1623fa33ae114b1,370,3000-01-01,Mand,utm_campaign=Marts25&utm_content=B&utm_medium=content&utm_source=jp.dk,0,0,0,0,0,2025-03-23,2025-05-22,0,0,Ingen afmelding,Ingen afmelding,3000-01-01,0,1,0,38,0-7 dage,Spøgelses-brugeren (Lav aktivitet),22,0.06818181818181818,1,0,0,0,0.09090909090909091,22
d2bedcbfe15ea77c13a13272be47abcc,306,2025-12-09,Mand,utm_campaign=Basis_22&utm_content=HeaderButtonRaised&utm_medium=Matrice&utm_source=jp.dk,0,0,0,0,0,2025-03-05,2025-05-04,0,0,Tid,Ikke tid,2026-01-04,0,1,0,61,6+ måneder,Desktop-traditionalisten,18,0.2916666666666667,0,1,0.3333333333333333,0.05555555555555555,0.6111111111111112,18
d2e7df5218a6ff959bf1ab85f1858ce4,886,2025-03-25,Mand,utm_campaign=Marts25&utm_medium=topticker&utm_source=jp.dk,1,1,7,3,4,2025-03-23,2025-05-22,2,2,Økonomi,Pris,2025-05-22,1,0,0,66,6+ måneder,Power-brugeren (Mest mobil),434,0.29723502304147464,0.43548387096774194,0.5645161290322581,0.2926267281105991,0.004608294930875576,0.532258064516129,434
d318a1f659b2a6ce46d0be0f99cbe2a7,61,2025-03-13,Kvinde,utm_campaign=Marts25&utm_content=A&utm_medium=content&utm_source=jp.dk,0,0,0,0,0,2025-03-11,2025-05-10,0,0,Tid,Ikke tid,2025-05-10,1,0,0,53,6+ måneder,Desktop-traditionalisten,31,0.1693548387096774,0,1,0.2903225806451613,0.06451612903225806,0.5483870967741935,31
d35d97da5a4ec305f98763ba7c8a0dfa,359,2025-05-08,Mand,utm_campaign=Marts25&utm_content=b&utm_medium=mail&utm_source=mail,1,1,2,2,0,2025-03-16,2025-05-15,0,0,Produkt,Redaktionelt indhold / holdning,2025-05-15,1,0,0,83,6+ måneder,Desktop-traditionalisten,243,0.32098765432098764,0,1,0.17695473251028807,0.00411522633744856,0.7366255144032922,243
d374ac8a05dd70988c87e7734fff9854,288,2025-03-20,Mand,utm_campaign=Marts25&utm_content=B&utm_medium=content&utm_source=jp.dk,0,1,10,0,10,2025-03-20,2025-05-19,0,0,Andet,kunden ønsker ikke at oplyse,2025-05-19,1,0,0,55,6+ måneder,Power-brugeren (Mest mobil),498,0.27660642570281124,0.15261044176706828,0.8473895582329317,0.24497991967871485,0,0.44377510040160645,498
d37cd1babcd1ecb66465edf82425aa0d,273,2025-06-03,Mand,utm_campaign=Marts25&utm_content=A&utm_medium=content&utm_source=jp.dk,0,0,1,1,0,2025-03-17,2025-05-16,0,0,Andet,kunden ønsker ikke at oplyse,2025-06-16,0,1,1,47,1-6 måneder,Mobil-nykommeren,154,0.41883116883116883,0.8896103896103896,0.11038961038961038,0.33116883116883117,0.006493506493506494,0.5909090909090909,154
d394a1f873177cca6f4d0c3067edf964,1424,2025-03-17,Mand,utm_campaign=Marts25&utm_content=A&utm_medium=content&utm_source=jp.dk,0,0,20,11,2,2025-03-17,2025-05-16,0,0,Andet,kunden ønsker ikke at oplyse,2025-05-16,1,0,0,34,6+ måneder,Veteranen (Høj historik),121,0.3739669421487603,0.17355371900826447,0.8264462809917356,0.2809917355371901,0.008264462809917356,0.39669421487603307,121
d39d2ba1e1aaae6b07ef60d8e46b63b2,184,2025-05-20,Kvinde,utm_campaign=Basis_22&utm_content=HeaderButtonRaised&utm_medium=Matrice&utm_source=jp.dk,1,1,1,1,0,2025-03-20,2025-05-19,0,0,Andet,kunden ønsker ikke at oplyse,2025-06-19,0,1,1,58,6+ måneder,Mobil-nykommeren,154,0.2792207792207792,1,0,0.2597402597402597,0.01948051948051948,0.4155844155844156,154
d3b4f98b469e7b1bbf56522e703cc9b5,61,2025-03-24,Mand,utm_campaign=Marts25&utm_content=A&utm_medium=content&utm_source=jp.dk,0,0,0,0,0,2025-03-14,2025-05-13,0,0,Produkt,Redaktionelt indhold / holdning,2025-05-13,1,0,0,52,0-7 dage,Mobil-nykommeren,77,0.2564935064935065,1,0,0.22077922077922077,0,0.8571428571428571,77
d3bbd78fc08ccc5abd12a2162dd5633e,61,2025-03-15,Kvinde,utm_campaign=Marts25&utm_content=A&utm_medium=content&utm_source=jp.dk,0,0,0,0,0,2025-03-15,2025-05-14,0,0,Produkt,Redaktionelt indhold / holdning,2025-05-14,1,0,0,50,0-7 dage,Mobil-nykommeren,17,0.5147058823529411,0.9411764705882353,0.058823529411764705,0.5882352941176471,0,0.5882352941176471,17
d3e856f907af085350d630bbc69958cf,383,2026-03-10,Mand,utm_campaign=Marts25&utm_content=A&utm_medium=content&utm_source=jp.dk,0,0,0,0,0,2025-03-10,2025-05-09,0,0,Tid,Ikke tid,2026-04-09,0,1,0,30,6+ måneder,Desktop-traditionalisten,19,0.5526315789473685,0,1,0.3684210526315789,0.05263157894736842,0.8947368421052632,19
d416ff413d4769eebbe4baabe7e4675a,61,2025-03-20,Kvinde,utm_campaign=Basis_22&utm_content=HeaderButtonRaised&utm_medium=Matrice&utm_source=jp.dk,0,0,0,0,0,2025-03-19,2025-05-18,0,0,Økonomi,Pris,2025-05-18,1,0,0,63,6+ måneder,Desktop-traditionalisten,166,0.3207831325301205,0,1,0.3795180722891566,0.04216867469879518,0.6626506024096386,166
d4320c5fea0b44bca81af504ba1f9b7b,61,2025-03-04,Mand,utm_campaign=Marts25&utm_content=A&utm_medium=content&utm_source=jp.dk,0,0,0,0,0,2025-03-04,2025-05-03,0,0,Produkt,Redaktionelt indhold / holdning,2025-05-03,1,0,0,40,0-7 dage,Desktop-traditionalisten,2,0.5,0,1,0.5,0,0,2
d434ebf14da785b30d1a825afafc7b71,1415,2025-03-08,Mand,utm_campaign=Marts25&utm_content=B&utm_medium=content&utm_source=jp.dk,0,0,13,13,0,2025-03-08,2025-05-07,0,0,Økonomi,Pris,2025-05-07,1,0,0,48,6+ måneder,Power-brugeren (Mest mobil),511,0.1815068493150685,0.9823874755381604,0.01761252446183953,0.16634050880626222,0,0.273972602739726,511
d45193d95b89190f94adf87f9d1708ae,378,3000-01-01,Mand,utm_campaign=Marts25&utm_content=B&utm_medium=content&utm_source=jp.dk,0,0,1,0,1,2025-03-22,2025-05-21,0,0,Ingen afmelding,Ingen afmelding,3000-01-01,0,1,0,58,6+ måneder,Power-brugeren (Mest mobil),721,0.2669902912621359,1,0,0.3314840499306519,0.0013869625520110957,0.8321775312066574,718
d49c31280222e1a061eafbeeca537d8d,380,3000-01-01,Kvinde,utm_campaign=Marts25&utm_content=A&utm_medium=content&utm_source=jp.dk,0,1,0,0,0,2025-03-13,2025-05-12,0,0,Ingen afmelding,Ingen afmelding,3000-01-01,0,1,0,51,0-7 dage,Desktop-traditionalisten,16,0.59375,0.4375,0.5625,0.1875,0,0.6875,16
d4a474d23bf644364f87a33c55b0e0c1,434,2025-04-14,Mand,utm_campaign=Marts25&utm_content=A&utm_medium=content&utm_source=jp.dk,1,0,12,9,5,2025-03-17,2025-05-16,4,3,Andet,kunden ønsker ikke at oplyse,2025-05-16,1,0,0,80,6+ måneder,Veteranen (Høj historik),282,0.3829787234042553,0,0.9468085106382979,0.2695035460992908,0.0035460992907801418,0.5141843971631206,282
d4a76a674c30756c5fe2e9b0159d45f9,1523,3000-01-01,Kvinde,utm_campaign=Marts25&utm_content=A&utm_medium=content&utm_source=jp.dk,1,1,9,3,5,2025-03-12,2025-05-11,5,5,Ingen afmelding,Ingen afmelding,3000-01-01,0,1,0,53,6+ måneder,Veteranen (Høj historik),293,0.2158703071672355,0.6313993174061433,0.13651877133105803,0.1945392491467577,0,0.5494880546075085,293
d58d431c768aa802457db2134c04e7fa,307,2026-01-04,Kvinde,utm_campaign=Marts25&utm_content=B&utm_medium=content&utm_source=jp.dk,0,0,0,0,0,2025-03-03,2025-05-02,0,0,Andet,Ingen årsag – ingen tlf kontakt,2026-01-03,0,1,0,67,6+ måneder,Desktop-traditionalisten,50,0.175,0,1,0.12,0,0.44,50
d5d12b6ce3e1654989aaee9f47de2a62,17,2025-03-21,Mand,utm_campaign=Basis_22&utm_content=HeaderButtonRaised&utm_medium=Matrice&utm_source=jp.dk,1,1,0,0,0,2025-03-11,2025-03-20,0,0,Digitalt,Tekniske problemer (kunde),2025-03-20,1,0,0,71,6+ måneder,Spøgelses-brugeren (Lav aktivitet),0,0,0,0,0,0,0,0
d5daaf6281239bd2246032f0911b8c17,648,2026-01-23,Mand,utm_campaign=Marts25&utm_content=a&utm_medium=mail&utm_source=mail,1,1,1,1,0,2025-03-05,2025-05-04,3,3,Andet,Administrativt,2026-01-22,0,1,0,78,6+ måneder,Mobil-nykommeren,1,0,1,0,1,0,0,1
d5fd2cb43a6429a01f2dc22b184df8e7,61,2025-04-20,Mand,utm_campaign=Basis_22&utm_content=HeaderButtonRaised&utm_medium=Matrice&utm_source=jp.dk,0,0,0,0,0,2025-03-03,2025-05-02,0,0,Tid,Ikke tid,2025-05-02,1,0,0,47,0-7 dage,Mobil-nykommeren,5,0.35,1,0,0.2,0,0,5
d61fc621115dad0ac2ed28f0b855bd11,798,2025-06-01,Mand,utm_campaign=Marts25&utm_content=sc_b&utm_medium=mail&utm_source=mail,1,1,7,4,3,2025-03-21,2025-05-20,0,0,Tid,Ikke tid,2025-06-20,0,1,1,69,6+ måneder,Desktop-traditionalisten,18,0.3333333333333333,0,1,0.5,0,0.8333333333333334,18
d6b04f2cfd26bfcddd84203818a8ddde,238,2025-05-04,Mand,utm_campaign=Marts25&utm_content=B&utm_medium=content&utm_source=jp.dk,0,1,0,0,0,2025-03-06,2025-05-05,0,0,Tid,Ikke tid,2025-05-05,1,0,0,59,6+ måneder,Desktop-traditionalisten,542,0.25322878228782286,0,0.996309963099631,0.2029520295202952,0,0.8265682656826568,541
d717496b69d3d8d5d201e81fa257ac9e,243,2025-11-21,Mand,utm_campaign=Marts25&utm_content=A&utm_medium=content&utm_source=jp.dk,0,0,0,0,0,2025-03-23,2025-05-22,0,0,Andet,Ingen årsag – ingen tlf kontakt,2025-11-20,0,1,0,52,6+ måneder,Mobil-nykommeren,7,0.6785714285714286,1,0,0.14285714285714285,0.2857142857142857,0,7
d7b8fd9ea68936826991511041434b9c,801,2026-03-08,Mand,utm_campaign=Marts25&utm_medium=topticker&utm_source=jp.dk,0,0,4,2,2,2025-03-23,2025-05-22,0,0,Andet,kunden ønsker ikke at oplyse,2026-04-29,0,1,0,44,6+ måneder,Desktop-traditionalisten,332,0.39156626506024095,0.15963855421686746,0.8403614457831325,0.35843373493975905,0.0030120481927710845,0.5873493975903614,332
d7de0bb1872779d0fa95792981d2e399,275,2025-11-23,Mand,utm_campaign=Marts25&utm_content=A&utm_medium=content&utm_source=jp.dk,0,0,0,0,0,2025-03-07,2025-05-06,0,0,Tid,Ikke tid,2025-12-06,0,1,0,50,6+ måneder,Mobil-nykommeren,1,1,1,0,0,0,0,1
d7df96d130e472e3d558d2318e4b5b95,347,2025-04-23,Mand,utm_campaign=Marts25&utm_content=sc_a&utm_medium=mail&utm_source=mail,1,1,3,2,0,2025-03-21,2025-05-20,0,0,Tid,Ikke tid,2025-05-20,1,0,0,50,6+ måneder,Power-brugeren (Mest mobil),978,0.3070040899795501,1,0,0.26380368098159507,0,0.4437627811860941,978
d8d3b53b5f3e5ec9aae3172f3b9b19a3,380,3000-01-01,Mand,utm_campaign=Basis_22&utm_content=HeaderButtonRaised&utm_medium=Matrice&utm_source=jp.dk,1,1,0,0,0,2025-03-13,2025-05-12,0,0,Ingen afmelding,Ingen afmelding,3000-01-01,0,1,0,70,0-7 dage,Power-brugeren (Mest mobil),719,0.23157162726008346,0.9499304589707928,0.05006954102920723,0.2726008344923505,0.45897079276773295,0.5118219749652295,719
d9131a70d86f30eae6d2e6bd57a76230,275,2025-12-05,Mand,utm_campaign=Marts25&utm_content=A&utm_medium=content&utm_source=jp.dk,0,0,0,0,0,2025-03-23,2025-05-22,0,0,Økonomi,Pris,2025-12-22,0,1,0,58,6+ måneder,Desktop-traditionalisten,268,0.32649253731343286,0,0.2574626865671642,0.291044776119403,0,0.5111940298507462,268
d930f746a880de29aae6ce810b11f5da,1713,2025-10-24,Mand,utm_campaign=Marts25&utm_content=sc_a&utm_medium=mail&utm_source=mail,1,1,2,1,0,2025-03-22,2025-05-21,9,9,Andet,RVS,2025-10-23,0,1,0,80,6+ måneder,Veteranen (Høj historik),8,0.375,1,0,0.25,0,0.125,8
d94684e197cea38e5f304b72de68aea7,122,2025-07-03,Kvinde,utm_campaign=Marts25&utm_content=A&utm_medium=content&utm_source=jp.dk,0,0,0,0,0,2025-03-10,2025-05-09,0,0,Tid,Ikke tid,2025-07-09,0,1,1,66,1-6 måneder,Desktop-traditionalisten,87,0.40804597701149425,0,1,0.3448275862068966,0.19540229885057472,0.6551724137931034,84
da62f8551246a22ec01f2082ec6d51d8,122,2025-06-18,Mand,utm_campaign=Basis_22&utm_content=HeaderButtonRaised&utm_medium=Matrice&utm_source=jp.dk,0,0,0,0,0,2025-03-11,2025-05-10,0,0,Produkt,Anden avis/produkt,2025-07-10,0,1,1,63,0-7 dage,Power-brugeren (Mest mobil),1409,0.28282469836763663,0.5202271114265437,0.47977288857345635,0.31369765791341375,7.097232079489e-4,0.5294535131298793,1409
da9537185d65911a80acaf42a65a7e59,857,2025-06-04,Mand,utm_campaign=Marts25&utm_content=B&utm_medium=content&utm_source=jp.dk,0,1,2,1,0,2025-03-07,2025-05-06,0,0,Produkt,Anden avis/produkt,2025-06-06,0,1,1,59,6+ måneder,Power-brugeren (Mest mobil),943,0.24734888653234358,0.9618239660657476,0.03817603393425239,0.2449628844114528,0,0.48250265111346763,943
daa026f87a34f553164a8b7d87d095e9,415,2025-07-03,Mand,utm_campaign=Marts25&utm_content=sc_b&utm_medium=mail&utm_source=mail,0,1,7,2,6,2025-03-21,2025-05-20,0,0,Tid,Ikke tid,2025-07-20,0,1,1,76,6+ måneder,Desktop-traditionalisten,109,0.13761467889908258,0,1,0.22018348623853212,0.5596330275229358,0.3486238532110092,109
dacc9c43dac760621fb910f020549e30,631,2025-05-13,Mand,utm_campaign=Marts25&utm_medium=Weblayer&utm_source=jp.dk,0,0,6,3,2,2025-03-19,2025-05-18,0,0,Produkt,Redaktionelt indhold / holdning,2025-05-18,1,0,0,74,6+ måneder,Power-brugeren (Mest mobil),556,0.27967625899280574,0.07733812949640288,0.0017985611510791368,0.25539568345323743,0.0035971223021582736,0.4694244604316547,555
db377db012994337e849d93d6fe9e4c8,325,2025-09-30,Kvinde,utm_campaign=Basis_22&utm_content=HeaderButtonRaised&utm_medium=Matrice&utm_source=jp.dk,1,1,1,1,0,2025-03-11,2025-05-10,0,2,Andet,kunden ønsker ikke at oplyse,2025-10-10,0,1,0,33,6+ måneder,Mobil-nykommeren,447,0.3730425055928412,1,0,0.2930648769574944,0.042505592841163314,0.6465324384787472,275
db8f2d60080013f7b31d64968f8b0b77,251,2025-03-15,Mand,utm_campaign=Marts25&utm_content=A&utm_medium=content&utm_source=jp.dk,0,0,2,0,2,2025-03-15,2025-05-14,0,0,Andet,kunden ønsker ikke at oplyse,2025-05-14,1,0,0,48,6+ måneder,Mobil-nykommeren,30,0.3416666666666667,0.8666666666666667,0.13333333333333333,0.43333333333333335,0,0.4666666666666667,30
dbc43769b3fb6804d1b1992e6491bf3d,793,2026-01-11,Mand,utm_campaign=Marts25&utm_content=A&utm_medium=content&utm_source=jp.dk,0,1,4,4,0,2025-03-14,2025-05-13,0,0,Økonomi,Pris,2026-11-15,0,1,0,68,6+ måneder,Power-brugeren (Mest mobil),471,0.24734607218683652,0.9256900212314225,0.07430997876857749,0.1592356687898089,0.0021231422505307855,0.3354564755838641,471
dc06958e674987da4c082feed698ab7b,518,2025-05-01,Mand,utm_campaign=Marts25&utm_medium=topticker&utm_source=jp.dk,0,1,2,1,1,2025-03-23,2025-05-22,0,0,Økonomi,Pris,2025-05-22,1,0,0,58,6+ måneder,Power-brugeren (Mest mobil),369,0.3394308943089431,0.6178861788617886,0.3821138211382114,0.2926829268292683,0,0.5880758807588076,369
dc11ae6804e7e6d5703c16aede010648,61,2025-05-05,Mand,utm_campaign=Marts25&utm_content=A&utm_medium=content&utm_source=jp.dk,1,0,0,0,0,2025-03-22,2025-05-21,0,0,Tid,Ikke tid,2025-05-21,1,0,0,66,6+ måneder,Desktop-traditionalisten,83,0.32228915662650603,0,1,0.3493975903614458,0,0.9036144578313253,83
dc7631bbc9551b36ee5bda5de1c132d6,349,2025-04-28,Mand,utm_campaign=Basis_22&utm_content=HeaderButtonRaised&utm_medium=Matrice&utm_source=jp.dk,0,1,4,1,2,2025-03-11,2025-05-10,0,0,Produkt,Anden avis/produkt,2025-05-10,1,0,0,59,6+ måneder,Spøgelses-brugeren (Lav aktivitet),1,0,1,0,0,0,0,1
dcaadf3ddcf358e577151fecadb3967d,61,2025-03-14,Kvinde,utm_campaign=Basis_22&utm_content=HeaderButtonRaised&utm_medium=Matrice&utm_source=jp.dk,0,0,0,0,0,2025-03-06,2025-05-05,0,0,Økonomi,Pris,2025-05-05,1,0,0,24,1-6 måneder,Desktop-traditionalisten,15,0.11666666666666667,0,1,0.2,0,0.8,15
dcba10179c7398d65b5bfd8ee4889d8d,232,2025-03-30,Mand,utm_campaign=Marts25&utm_content=A&utm_medium=content&utm_source=jp.dk,0,0,3,2,1,2025-03-21,2025-05-20,0,0,Produkt,Redaktionelt indhold / holdning,2025-05-20,1,0,0,49,6+ måneder,Mobil-nykommeren,213,0.3333333333333333,0.892018779342723,0.107981220657277,0.29107981220657275,0.009389671361502348,0.5586854460093896,213
dcbb95b22ec6915698f56724b817934f,61,2025-03-11,Kvinde,utm_campaign=Marts25&utm_content=A&utm_medium=content&utm_source=jp.dk,0,0,0,0,0,2025-03-11,2025-05-10,0,0,Produkt,Redaktionelt indhold / holdning,2025-05-10,1,0,0,58,0-7 dage,Desktop-traditionalisten,20,0.6625,0,1,0.45,0,0.65,20
dcd9d5af27530c8a408dc9233552e69b,243,2025-07-16,Kvinde,utm_campaign=Marts25&utm_content=A&utm_medium=content&utm_source=jp.dk,0,1,1,0,1,2025-03-06,2025-05-05,0,0,Tid,Ikke tid,2025-08-05,0,1,0,79,6+ måneder,Desktop-traditionalisten,119,0.46218487394957986,0,0.5882352941176471,0.3025210084033613,0,0.5630252100840336,119
dd17b70b375e73e19d04201f4fe37788,1173,2025-04-14,Mand,utm_campaign=Marts25&utm_content=B&utm_medium=content&utm_source=jp.dk,1,1,14,8,3,2025-03-21,2025-05-20,16,16,Tid,Ikke tid,2025-05-20,1,0,0,77,6+ måneder,Veteranen (Høj historik),166,0.7650602409638554,0.4819277108433735,0.5180722891566265,0.46987951807228917,0,0.4879518072289157,165
dd4d55e0e908ca50ec26ca9b5e4fda19,306,2025-03-21,Kvinde,utm_campaign=Marts25&utm_content=B&utm_medium=content&utm_source=jp.dk,0,0,2,1,1,2025-03-20,2025-05-19,0,0,Andet,kunden ønsker ikke at oplyse,2025-05-19,1,0,0,70,6+ måneder,Power-brugeren (Mest mobil),432,0.2378472222222222,0.6550925925925926,0.3449074074074074,0.23842592592592593,0.5949074074074074,0.3912037037037037,432
dd70d17ba6653dad85b4c6d304785ebb,61,2025-04-02,Mand,utm_campaign=Marts25&utm_content=A&utm_medium=content&utm_source=jp.dk,0,0,0,0,0,2025-03-16,2025-05-15,0,0,Produkt,Redaktionelt indhold / holdning,2025-05-15,1,0,0,20,0-7 dage,Desktop-traditionalisten,10,0.3,0,1,0.5,0.1,0.2,10
dd93943a44977881c2ef1b76a67a9c22,390,2025-03-23,Mand,utm_campaign=Marts25&utm_content=sc_a&utm_medium=mail&utm_source=mail,0,1,2,2,2,2025-03-23,2025-05-22,0,2,Tid,Ikke tid,2025-05-22,1,0,0,67,6+ måneder,Desktop-traditionalisten,80,0.578125,0.075,0.925,0.375,0,0.6,80
ddd31891708536128ea75533483f2997,372,3000-01-01,Mand,utm_campaign=Marts25&utm_content=B&utm_medium=content&utm_source=jp.dk,0,0,0,0,0,2025-03-21,2025-05-20,0,0,Ingen afmelding,Ingen afmelding,3000-01-01,0,1,0,46,1-6 måneder,Desktop-traditionalisten,19,0.618421052631579,0.42105263157894735,0.5789473684210527,0.21052631578947367,0.3684210526315789,0.47368421052631576,19
ddfabee485394d6aa5b99d1e5ecbffba,386,3000-01-01,Mand,utm_campaign=Marts25&utm_content=A&utm_medium=content&utm_source=jp.dk,0,0,0,0,0,2025-03-07,2025-05-06,0,0,Ingen afmelding,Ingen afmelding,3000-01-01,0,1,0,70,6+ måneder,Desktop-traditionalisten,268,0.3031716417910448,0,1,0.31716417910447764,0.05223880597014925,0.6529850746268657,268
de045497eb92dad6c43b7b86a32d4e45,99,2025-05-26,Mand,utm_campaign=Marts25&utm_content=A&utm_medium=content&utm_source=jp.dk,0,0,1,0,1,2025-03-04,2025-05-03,0,0,Andet,kunden ønsker ikke at oplyse,2025-06-03,0,1,1,47,6+ måneder,Mobil-nykommeren,12,0.8541666666666666,0.8333333333333334,0.16666666666666666,0.5,0.08333333333333333,0.08333333333333333,12
de0e0931dcdd0be80e52b85aaa0efab5,366,2025-12-22,Mand,utm_campaign=Marts25&utm_content=b&utm_medium=mail&utm_source=mail,1,1,5,3,2,2025-03-05,2025-05-04,2,3,Andet,kunden ønsker ikke at oplyse,2026-01-04,0,1,0,64,6+ måneder,Mobil-nykommeren,47,0.35638297872340424,1,0,0.3404255319148936,0,0.2553191489361702,47
de4d0727c4900525e97c20236a0566c2,385,3000-01-01,Mand,utm_campaign=Marts25&utm_content=B&utm_medium=content&utm_source=jp.dk,1,1,0,0,0,2025-03-08,2025-05-07,0,1,Ingen afmelding,Ingen afmelding,3000-01-01,0,1,0,81,6+ måneder,Mobil-nykommeren,122,0.3975409836065574,0.28688524590163933,0,0.29508196721311475,0.18032786885245902,0.6639344262295082,122
de69e87c5fea53f04b7b6b3c72a16a8f,61,2025-04-11,Kvinde,utm_campaign=Marts25&utm_content=A&utm_medium=content&utm_source=jp.dk,0,0,0,0,0,2025-03-18,2025-05-17,0,0,Produkt,Redaktionelt indhold / holdning,2025-05-17,1,0,0,34,6+ måneder,Desktop-traditionalisten,6,0.5,0,1,0,0.16666666666666666,0.5,6
de7b1fb9571eb0bfa9a5286fd5dabb7e,338,2025-03-24,Mand,utm_campaign=Marts25&utm_content=b&utm_medium=mail&utm_source=mail,0,1,4,2,2,2025-03-05,2025-05-04,0,0,Produkt,Redaktionelt indhold / holdning,2025-05-04,1,0,0,71,6+ måneder,Mobil-nykommeren,263,0.3583650190114068,1,0,0.3612167300380228,0.0076045627376425855,0.5741444866920152,263
de829deda88d0df0c4c8f9a3eb4cc186,117,2025-04-18,Kvinde,utm_campaign=Marts25&utm_content=sc_b&utm_medium=mail&utm_source=mail,0,1,1,0,1,2025-03-21,2025-05-20,0,0,Produkt,Redaktionelt indhold / holdning,2025-05-20,1,0,0,75,6+ måneder,Power-brugeren (Mest mobil),322,0.18944099378881987,0.14906832298136646,0.09316770186335403,0.17080745341614906,0,0.8881987577639752,322
df243b961367b2174f33a26ff9d970db,306,2025-12-14,Mand,utm_campaign=Marts25&utm_content=B&utm_medium=content&utm_source=jp.dk,0,0,0,0,0,2025-03-07,2025-05-06,0,0,Tid,Ikke tid,2026-01-06,0,1,0,62,6+ måneder,Mobil-nykommeren,15,0.48333333333333334,1,0,0.26666666666666666,0,0.8,15
df2460fe773a98e7e564d45cc0c6da70,374,3000-01-01,Mand,utm_campaign=Marts25&utm_content=A&utm_medium=content&utm_source=jp.dk,0,0,0,0,0,2025-03-19,2025-05-18,0,0,Ingen afmelding,Ingen afmelding,3000-01-01,0,1,0,50,6+ måneder,Mobil-nykommeren,186,0.3293010752688172,0.9354838709677419,0.06451612903225806,0.41397849462365593,0,0.6935483870967742,186
df49190f560e6aae7be1bb02558601b8,92,2025-06-09,Mand,utm_campaign=Marts25&utm_content=B&utm_medium=content&utm_source=jp.dk,0,0,0,0,0,2025-03-24,2025-05-23,0,1,Økonomi,Pris,2025-06-23,0,1,1,28,6+ måneder,Desktop-traditionalisten,191,0.27486910994764396,0,1,0.24607329842931938,0.08376963350785341,0.7539267015706806,190
df4cea7c2a94d61ad95343911e2ee08a,892,3000-01-01,Kvinde,utm_campaign=Marts25&utm_content=sc_a&utm_medium=mail&utm_source=mail,1,1,1,1,0,2025-03-22,2025-05-21,0,0,Ingen afmelding,Ingen afmelding,3000-01-01,0,1,0,88,6+ måneder,Spøgelses-brugeren (Lav aktivitet),0,0,0,0,0,0,0,0
df805926164de62f645d438131cfaef8,246,2025-03-14,Kvinde,utm_campaign=Basis_22&utm_content=HeaderButtonRaised&utm_medium=Matrice&utm_source=jp.dk,0,1,5,3,3,2025-03-13,2025-05-12,0,0,Andet,Ingen årsag – ingen tlf kontakt,2025-05-12,1,0,0,62,6+ måneder,Desktop-traditionalisten,129,0.3391472868217054,0.5193798449612403,0.4806201550387597,0.3798449612403101,0.031007751937984496,0.5116279069767442,129
dfbfebca04d0444f52ab783f051fcca9,92,2025-06-02,Kvinde,utm_campaign=Basis_22&utm_content=HeaderButtonRaised&utm_medium=Matrice&utm_source=jp.dk,0,0,0,0,0,2025-03-04,2025-05-03,0,0,Produkt,Redaktionelt indhold / holdning,2025-06-03,0,1,1,21,6+ måneder,Desktop-traditionalisten,16,0.390625,0,1,0.3125,0.125,0.6875,16
dfd3a068c917e611fbfa2b9a2fec9f07,61,2025-05-08,Mand,utm_campaign=Marts25&utm_content=B&utm_medium=content&utm_source=jp.dk,1,1,0,0,0,2025-03-17,2025-05-16,0,0,Tid,Ikke tid,2025-05-16,1,0,0,46,0-7 dage,Mobil-nykommeren,34,0.35294117647058826,0.5588235294117647,0.4411764705882353,0.29411764705882354,0.3235294117647059,0.5882352941176471,34
dfdb1befea4c4fbac21e561c435811e2,122,2025-06-07,Kvinde,utm_campaign=Marts25&utm_content=A&utm_medium=content&utm_source=jp.dk,1,1,0,0,0,2025-03-05,2025-05-04,0,0,Tid,Ikke tid,2025-07-04,0,1,1,26,6+ måneder,Desktop-traditionalisten,2,0.5,0,1,0,0,0,2
dfe27d0f145bca6ed62bf0861cad9c36,75,2025-03-12,Kvinde,utm_campaign=Marts25&utm_content=6664621143452&utm_medium=fb_matrice&utm_source=some&utm_term=6657291290252,0,0,0,0,0,2025-03-12,2025-05-11,0,0,Andet,kunden ønsker ikke at oplyse,2025-05-11,1,0,0,70,0-7 dage,Mobil-nykommeren,8,0.65625,0,0,0.125,0,0,8
e014d5d423eec7606a2303d7bb68f7d6,61,2025-03-13,Mand,utm_campaign=Marts25&utm_content=A&utm_medium=content&utm_source=jp.dk,0,0,0,0,0,2025-03-12,2025-05-11,0,0,Produkt,Redaktionelt indhold / holdning,2025-05-11,1,0,0,62,0-7 dage,Desktop-traditionalisten,5,0.25,0,1,0.2,0,0.4,5
e02076a514c52dda3fa98d8902d143b2,92,2025-04-25,Kvinde,utm_campaign=Marts25&utm_content=B&utm_medium=content&utm_source=jp.dk,0,0,1,0,0,2025-03-10,2025-05-09,0,0,Tid,Ikke tid,2025-05-09,1,0,0,32,6+ måneder,Desktop-traditionalisten,1,1,0,1,1,0,0,1
e06e61f1de9acb6d848b17a97f063a37,301,2025-04-13,Mand,utm_campaign=Marts25&utm_content=A&utm_medium=content&utm_source=jp.dk,0,1,2,1,0,2025-03-03,2025-05-02,0,0,Produkt,Redaktionelt indhold / holdning,2025-05-02,1,0,0,59,6+ måneder,Power-brugeren (Mest mobil),485,0.2345360824742268,0.47216494845360824,0.5278350515463918,0.2536082474226804,0.006185567010309278,0.44536082474226807,485
e0be3cb7d97ef50310d2ce06544c35d9,63,2025-05-26,Mand,utm_campaign=Marts25&utm_content=B&utm_medium=content&utm_source=jp.dk,0,1,0,0,0,2025-03-24,2025-05-23,0,0,Andet,Ingen årsag – ingen tlf kontakt,2025-05-25,0,1,1,73,6+ måneder,Mobil-nykommeren,3,0.6666666666666666,1,0,0.3333333333333333,0,0.3333333333333333,3
e0e2dfb741cb21eb041e20ea6520556e,677,2025-10-19,Mand,utm_campaign=Marts25&utm_content=a&utm_medium=mail&utm_source=mail,1,1,9,7,3,2025-03-05,2025-05-04,9,11,Tid,Ikke tid,2025-11-04,0,1,0,68,6+ måneder,Veteranen (Høj historik),393,0.5025445292620865,0.030534351145038167,0.9694656488549618,0.3486005089058524,0,0.7531806615776081,392
e121d81cf042fc1796bec45ee93a73ed,92,2025-03-08,Mand,utm_campaign=Marts25&utm_content=A&utm_medium=content&utm_source=jp.dk,0,0,1,1,0,2025-03-07,2025-05-06,0,0,Økonomi,Pris,2025-05-06,1,0,0,58,6+ måneder,Power-brugeren (Mest mobil),861,0.3336236933797909,1,0,0.21254355400696864,0,0.4808362369337979,861
e12aeab2cdd9cfe212471224aa9a0d09,92,2025-05-11,Kvinde,utm_campaign=Marts25&utm_content=A&utm_medium=content&utm_source=jp.dk,0,0,0,0,0,2025-03-11,2025-05-10,0,0,Produkt,Redaktionelt indhold / holdning,2025-06-10,0,1,1,40,0-7 dage,Mobil-nykommeren,4,0.75,1,0,0.25,0,0.5,4
e13de6e155664bb2e86516f767b1cf9a,1196,3000-01-01,Mand,utm_campaign=Marts25&utm_content=A&utm_medium=content&utm_source=jp.dk,0,1,10,5,5,2025-03-22,2025-05-21,0,0,Ingen afmelding,Ingen afmelding,3000-01-01,0,1,0,60,6+ måneder,Power-brugeren (Mest mobil),695,0.2435251798561151,0.37985611510791367,0.6201438848920864,0.2273381294964029,0,0.7553956834532374,695
e171a8643675f93226e0df6704494ed7,245,2025-10-19,Mand,utm_campaign=Marts25&utm_content=B&utm_medium=content&utm_source=jp.dk,0,0,0,0,0,2025-03-17,2025-05-16,0,0,Andet,kunden ønsker ikke at oplyse,2025-11-16,0,1,0,55,0-7 dage,Desktop-traditionalisten,18,0.4305555555555556,0.3333333333333333,0.6666666666666666,0.2222222222222222,0,0.5,18
e181101072b5af45d5113b3d20183037,735,2025-03-04,Mand,utm_campaign=Basis_22&utm_content=HeaderButtonRaised&utm_medium=Matrice&utm_source=jp.dk,0,1,10,5,7,2025-03-04,2025-05-03,2,3,Økonomi,Pris,2025-05-03,1,0,0,60,6+ måneder,Veteranen (Høj historik),23,0.5760869565217391,1,0,0.5652173913043478,0,0.8260869565217391,23
e1ca92d94eb1a7d3bdf4fdb35b92f7b1,286,2025-03-20,Mand,utm_campaign=Marts25&utm_content=A&utm_medium=content&utm_source=jp.dk,1,1,4,2,3,2025-03-15,2025-05-14,0,0,Økonomi,Pris,2025-05-14,1,0,0,55,6+ måneder,Power-brugeren (Mest mobil),644,0.3357919254658385,0.8850931677018633,0.11490683229813664,0.265527950310559,0.027950310559006212,0.5108695652173914,644
e1cc2945a2ec96f8f2d396564b9b4913,610,2025-12-10,Mand,utm_campaign=Marts25&utm_content=sc_b&utm_medium=mail&utm_source=mail,0,1,3,2,1,2025-03-21,2025-05-20,0,0,Økonomi,Pris,2025-12-20,0,1,0,50,6+ måneder,Power-brugeren (Mest mobil),483,0.2898550724637681,1,0,0.2422360248447205,0,0.4306418219461698,482
e1efb0bf97224357c9014734fbff2cc3,61,2025-03-28,Kvinde,utm_campaign=Marts25&utm_content=A&utm_medium=content&utm_source=jp.dk,1,1,0,0,0,2025-03-22,2025-05-21,0,0,Økonomi,Pris,2025-05-21,1,0,0,70,0-7 dage,Desktop-traditionalisten,3,0.3333333333333333,0,0.6666666666666666,0.3333333333333333,0,0,3
e2035d51088ce9d756f789c0272280e5,372,2025-06-23,Mand,utm_campaign=Marts25&utm_content=sc_a&utm_medium=mail&utm_source=mail,1,1,3,1,2,2025-03-21,2025-05-20,0,0,Tid,Ikke tid,2025-06-22,0,1,1,89,6+ måneder,Spøgelses-brugeren (Lav aktivitet),0,0,0,0,0,0,0,0
e207fd8a3e5150a304ec1379e8e41c3d,92,2025-06-02,Mand,utm_campaign=Marts25&utm_content=A&utm_medium=content&utm_source=jp.dk,0,0,0,0,0,2025-03-20,2025-05-19,0,0,Tid,Ikke tid,2025-06-19,0,1,1,51,0-7 dage,Mobil-nykommeren,3,0.4166666666666667,1,0,0.6666666666666666,0,0,3
e209e48b572e7337edd6c072ebab6cc2,275,2025-12-11,Ikke oplyst,utm_campaign=Marts25&utm_content=A&utm_medium=content&utm_source=jp.dk,1,1,0,0,0,2025-03-23,2025-05-22,0,0,Andet,kunden ønsker ikke at oplyse,2025-12-22,0,1,0,58,6+ måneder,Mobil-nykommeren,299,0.30518394648829433,0.7725752508361204,0.22742474916387959,0.25752508361204013,0,0.48494983277591974,299
e26dba81c57ccba42137cb465b43af51,175,2025-05-05,Kvinde,utm_campaign=Basis_22&utm_content=HeaderButtonRaised&utm_medium=Matrice&utm_source=jp.dk,0,0,0,0,0,2025-03-17,2025-05-16,0,0,Andet,Ingen årsag – ingen tlf kontakt,2025-05-16,1,0,0,71,0-7 dage,Power-brugeren (Mest mobil),777,0.23391248391248393,0.005148005148005148,0.9948519948519948,0.23166023166023167,0.003861003861003861,0.41312741312741313,775
e293d3ecc73fa3a96ec0e0ae898c6f70,591,2025-04-20,Mand,utm_campaign=&utm_content=genbesog_JP_digital&utm_medium=ppc&utm_source=adwords&utm_term=jp+abonnement+tilbud,1,1,3,3,0,2025-03-15,2025-05-14,3,4,Produkt,Redaktionelt indhold / holdning,2025-05-14,1,0,0,69,6+ måneder,Mobil-nykommeren,3,0.5833333333333334,1,0,0.3333333333333333,0.3333333333333333,0,3
e2a42ae63cbf71f9a37698b08f859c43,385,3000-01-01,Mand,utm_campaign=Basis_22&utm_content=HeaderButtonRaised&utm_medium=Matrice&utm_source=jp.dk,0,0,0,0,0,2025-03-08,2025-05-07,0,0,Ingen afmelding,Ingen afmelding,3000-01-01,0,1,0,48,0-7 dage,Spøgelses-brugeren (Lav aktivitet),2,0,0.5,0,0.5,0,0,2
e2bcfffc7ab626d766ff915f3827a5b2,61,2025-03-07,Mand,utm_campaign=Marts25&utm_medium=Matrice&utm_source=jp.dk,0,0,0,0,0,2025-03-07,2025-05-06,0,0,Produkt,Anden avis/produkt,2025-05-06,1,0,0,63,0-7 dage,Desktop-traditionalisten,113,0.2676991150442478,0.22123893805309736,0.7787610619469026,0.2920353982300885,0.017699115044247787,0.8230088495575221,113
e2fdae02e45683dec3d2e1469f356fa4,1202,2025-03-28,Mand,utm_campaign=Marts25&utm_medium=Matrice&utm_source=jp.dk,1,1,23,6,14,2025-03-05,2025-05-04,5,6,Andet,kunden ønsker ikke at oplyse,2025-05-04,1,0,0,78,6+ måneder,Veteranen (Høj historik),164,0.3643292682926829,0.1951219512195122,0.8048780487804879,0.38414634146341464,0.03048780487804878,0.6524390243902439,164
e313c648720ad368db50f15344b943aa,181,2025-07-14,Mand,utm_campaign=Marts25&utm_content=b&utm_medium=mail&utm_source=mail,0,0,2,2,2,2025-03-07,2025-05-06,0,0,Tid,Ikke tid,2025-08-06,0,1,0,71,6+ måneder,Desktop-traditionalisten,80,0.715625,0,1,0.575,0,0.35,79
e325d7311c22dbdc14be5e551758ef38,61,2025-05-08,Mand,utm_campaign=Basis_22&utm_content=HeaderButtonRaised&utm_medium=Matrice&utm_source=jp.dk,1,1,0,0,0,2025-03-11,2025-05-10,0,0,Andet,kunden ønsker ikke at oplyse,2025-05-10,1,0,0,56,0-7 dage,Spøgelses-brugeren (Lav aktivitet),2,0,0.5,0.5,0.5,0,0,2
e36a2955c21f22023841899a593af38e,275,2025-11-25,Kvinde,utm_campaign=Marts25&utm_content=a&utm_medium=mail&utm_source=mail,1,1,0,0,0,2025-03-05,2025-05-04,0,0,Tid,Ikke tid,2025-12-04,0,1,0,39,0-7 dage,Mobil-nykommeren,148,0.28209459459459457,0.8378378378378378,0,0.23648648648648649,0,0.3918918918918919,148
e392a511d6c7bafcc5599c1917eb33f2,453,2025-03-31,Mand,utm_campaign=Marts25&utm_content=A&utm_medium=content&utm_source=jp.dk,0,1,13,3,11,2025-03-23,2025-05-22,1,1,Økonomi,Pris,2025-05-22,1,0,0,76,6+ måneder,Veteranen (Høj historik),337,0.27818991097922846,0,1,0.2789317507418398,0,0.5370919881305638,337
e39cdb344761c03c8764587137d2c269,386,2025-03-21,Mand,utm_campaign=Marts25&utm_content=B&utm_medium=content&utm_source=jp.dk,0,0,6,3,2,2025-03-21,2025-05-20,0,0,Produkt,Redaktionelt indhold / holdning,2025-05-20,1,0,0,56,6+ måneder,Desktop-traditionalisten,70,0.22142857142857142,0,1,0.2857142857142857,0.5571428571428572,0.42857142857142855,70
e4049089a6293865bd0718a74b7e9059,513,2025-12-22,Kvinde,utm_campaign=Marts25&utm_content=A&utm_medium=content&utm_source=jp.dk,0,0,3,2,1,2025-03-03,2025-05-02,0,0,Økonomi,Pris,2026-01-02,0,1,0,59,6+ måneder,Desktop-traditionalisten,112,0.7589285714285714,0,1,0.5803571428571429,0,0.44642857142857145,112
e40d8324bf7473ffb9377b7885c5e1fb,979,2025-07-16,Mand,utm_campaign=Marts25&utm_content=B&utm_medium=content&utm_source=jp.dk,0,0,9,1,8,2025-03-08,2025-05-07,0,0,Tid,Ikke tid,2025-08-07,0,1,0,65,6+ måneder,Power-brugeren (Mest mobil),643,0.2818818040435459,0.5194401244167963,0,0.2986003110419907,0,0.47900466562986005,642
e42f8e767e6fc16da9668821ac36eb62,61,2025-04-05,Mand,utm_campaign=Marts25&utm_content=sc_b&utm_medium=mail&utm_source=mail,1,0,0,0,0,2025-03-21,2025-05-20,0,0,Produkt,Redaktionelt indhold / holdning,2025-05-20,1,0,0,58,6+ måneder,Spøgelses-brugeren (Lav aktivitet),0,0,0,0,0,0,0,0
e458dfd14161ec17d6a1ad39fa0ac2ed,818,2025-05-25,Mand,utm_campaign=Marts25&utm_content=sc_a&utm_medium=mail&utm_source=mail,1,1,6,5,2,2025-03-21,2025-05-20,5,5,Andet,kunden ønsker ikke at oplyse,2025-06-20,0,1,1,74,6+ måneder,Veteranen (Høj historik),411,0.3108272506082725,0,0.9975669099756691,0.2944038929440389,0.46472019464720193,0.45255474452554745,411
e463f0f9681d51595aa29d943c869b0d,212,2025-09-03,Mand,utm_campaign=Marts25&utm_content=HeaderButtonRaised&utm_medium=Matrice&utm_source=jp.dk,1,1,0,0,0,2025-03-19,2025-05-18,0,0,Produkt,Redaktionelt indhold / holdning,2025-09-18,0,1,0,76,6+ måneder,Desktop-traditionalisten,290,0.4068965517241379,0,1,0.30689655172413793,0,0.5482758620689655,290
e46b8fb17a46068b69be35a78b643528,1290,2025-03-13,Mand,utm_campaign=Basis_22&utm_content=HeaderButtonRaised&utm_medium=Matrice&utm_source=jp.dk,0,1,14,6,8,2025-03-13,2025-05-12,0,0,Økonomi,Pris,2025-05-12,1,0,0,45,6+ måneder,Veteranen (Høj historik),66,0.7310606060606061,0.06060606060606061,0.9393939393939394,0.5303030303030303,0,0.8484848484848485,66
e4c2b513bdcea217379ef84b2507904a,727,2025-05-16,Mand,utm_campaign=Basis_22&utm_content=HeaderButtonRaised&utm_medium=Matrice&utm_source=jp.dk,1,1,11,5,6,2025-03-21,2025-05-20,0,0,Andet,Ingen årsag – ingen tlf kontakt,2025-05-20,1,0,0,75,6+ måneder,Desktop-traditionalisten,255,0.2568627450980392,0,1,0.20784313725490197,0.03137254901960784,0.4823529411764706,255
e4c5b02a0d4e20c09552d31e50c13fc4,61,2025-03-13,Kvinde,utm_campaign=Marts25&utm_content=A&utm_medium=content&utm_source=jp.dk,0,0,0,0,0,2025-03-06,2025-05-05,0,0,Produkt,Redaktionelt indhold / holdning,2025-05-05,1,0,0,56,6+ måneder,Desktop-traditionalisten,56,0.38839285714285715,0,1,0.3392857142857143,0,0.9285714285714286,56
e4d9cab3486eec07a0601a5874711d9e,263,2025-04-12,Mand,utm_campaign=Marts25&utm_content=A&utm_medium=content&utm_source=jp.dk,0,1,9,5,5,2025-03-23,2025-05-22,0,0,Produkt,Redaktionelt indhold / holdning,2025-05-22,1,0,0,74,6+ måneder,Power-brugeren (Mest mobil),1101,0.2974568574023615,0,1,0.22161671207992734,0.0036330608537693005,0.405086285195277,1101
e4ef9939aade2fbcfc42abe59387806f,92,2025-05-11,Mand,utm_campaign=Marts25&utm_content=e-avis_ikkeabn&utm_medium=matrice&utm_source=jp.dk,0,0,0,0,0,2025-03-09,2025-05-08,0,0,Produkt,Redaktionelt indhold / holdning,2025-06-08,0,1,1,26,0-7 dage,Spøgelses-brugeren (Lav aktivitet),9,0,0.6666666666666666,0.3333333333333333,0,0.1111111111111111,0,9
e5a437e84e41484e54a7bc16563f650b,431,2025-05-15,Mand,utm_campaign=Marts25&utm_content=sc_b&utm_medium=mail&utm_source=mail,1,1,6,3,1,2025-03-21,2025-05-20,0,0,Tid,Ikke tid,2025-05-20,1,0,0,63,6+ måneder,Desktop-traditionalisten,288,0.5572916666666666,0.03125,0.96875,0.3611111111111111,0,0.6944444444444444,288
e5a9bf5971c8c820f1bbace57420b0d6,654,2025-03-06,Kvinde,utm_campaign=Marts25&utm_content=a&utm_medium=mail&utm_source=mail,0,1,6,4,3,2025-03-06,2025-05-05,1,0,Andet,kunden ønsker ikke at oplyse,2025-05-05,1,0,0,75,6+ måneder,Desktop-traditionalisten,90,0.46944444444444444,0,0.9555555555555556,0.3,0,0.5666666666666667,90
e5c1e5dfabe1d1b80ee995d84de2201d,235,2025-04-13,Mand,utm_campaign=Marts25&utm_content=A&utm_medium=content&utm_source=jp.dk,0,0,0,0,0,2025-03-17,2025-05-16,0,0,Tid,Ikke tid,2025-05-16,1,0,0,50,6+ måneder,Power-brugeren (Mest mobil),520,0.23173076923076924,1,0,0.20961538461538462,0.009615384615384616,0.5903846153846154,520
e5de615145f8a831304370c9bb2e4c42,844,3000-01-01,Mand,utm_campaign=Marts25&utm_content=A&utm_medium=content&utm_source=jp.dk,0,1,2,2,0,2025-03-17,2025-05-16,2,2,Ingen afmelding,Ingen afmelding,3000-01-01,0,1,0,68,6+ måneder,Desktop-traditionalisten,62,0.7540322580645161,0,1,0.4838709677419355,0,0.41935483870967744,62
e621bdc702c49df6d1efd04402068bb2,422,2025-04-30,Mand,utm_campaign=Marts25&utm_content=b&utm_medium=mail&utm_source=mail,0,1,6,1,5,2025-03-08,2025-05-07,0,0,Tid,Ikke tid,2025-05-07,1,0,0,79,6+ måneder,Power-brugeren (Mest mobil),446,0.32286995515695066,0,0.5426008968609866,0.33856502242152464,0,0.5291479820627802,446
e623f27be79cacb492037e987b93e622,1251,2025-12-09,Mand,utm_campaign=Marts25&utm_content=B&utm_medium=content&utm_source=jp.dk,0,0,4,3,1,2025-03-05,2025-05-04,2,2,Produkt,Anden avis/produkt,2026-01-04,0,1,0,53,6+ måneder,Power-brugeren (Mest mobil),268,0.4337686567164179,0.5970149253731343,0.40298507462686567,0.3619402985074627,0,0.6492537313432836,267
e6396f8167a1adfb29e8f99589b25a3e,788,2025-09-03,Mand,utm_campaign=Marts25&utm_content=sc_a&utm_medium=mail&utm_source=mail,1,1,9,7,3,2025-03-21,2025-05-20,3,3,Tid,Ikke tid,2025-09-20,0,1,0,69,6+ måneder,Veteranen (Høj historik),116,0.46336206896551724,0.27586206896551724,0.21551724137931033,0.39655172413793105,0.008620689655172414,0.5862068965517241,116
e673b3a9ddc2393a2ccc0ce52666ba2f,293,2025-03-25,Kvinde,utm_campaign=Marts25&utm_content=A&utm_medium=content&utm_source=jp.dk,0,0,2,2,0,2025-03-23,2025-05-22,0,0,Andet,kunden ønsker ikke at oplyse,2025-05-22,1,0,0,64,6+ måneder,Power-brugeren (Mest mobil),577,0.35701906412478335,0.8682842287694974,0.1317157712305026,0.28422876949740034,0.43674176776429807,0.48873483535528595,577
e68c9e466739941a8939ccfcaeec8f4d,277,2025-12-10,Mand,utm_campaign=Marts25&utm_content=A&utm_medium=content&utm_source=jp.dk,0,0,0,0,0,2025-03-08,2025-05-07,0,0,Andet,RVS,2025-12-09,0,1,0,58,6+ måneder,Desktop-traditionalisten,3,0.6666666666666666,0.3333333333333333,0.6666666666666666,0.6666666666666666,0,0.3333333333333333,3
e6d42f2cc92a1b3642be36753811c7ec,91,2025-04-19,Kvinde,utm_campaign=Marts25&utm_medium=Matrice&utm_source=jp.dk,0,0,0,0,0,2025-03-22,2025-05-21,0,0,Andet,kunden ønsker ikke at oplyse,2025-05-21,1,0,0,45,6+ måneder,Mobil-nykommeren,183,0.5669398907103825,0.6721311475409836,0.32786885245901637,0.39344262295081966,0.02185792349726776,0.8688524590163934,183
e6f2eaf758f41274511b63ce54ff104c,372,3000-01-01,Mand,utm_campaign=Marts25&utm_medium=Weblayer&utm_source=jp.dk,0,0,0,0,0,2025-03-21,2025-05-20,0,0,Ingen afmelding,Ingen afmelding,3000-01-01,0,1,0,66,6+ måneder,Mobil-nykommeren,30,0.2916666666666667,1,0,0.5,0.2,0.6666666666666666,30
e7081beab27c1e5d9cfa25500d9d1df7,61,2025-03-11,Mand,utm_campaign=Marts25&utm_medium=Matrice&utm_source=jp.dk,0,0,0,0,0,2025-03-11,2025-05-10,0,0,Produkt,Redaktionelt indhold / holdning,2025-05-10,1,0,0,45,0-7 dage,Mobil-nykommeren,14,0.2857142857142857,1,0,0.14285714285714285,0.14285714285714285,0.35714285714285715,14
e71fdb8bf1e3c655c1e640416b18cd8f,250,2025-03-24,Mand,utm_campaign=Basis_22&utm_content=HeaderButtonRaised&utm_medium=Matrice&utm_source=jp.dk,0,1,11,8,4,2025-03-11,2025-05-10,3,3,Tid,Ikke tid,2025-05-10,1,0,0,75,6+ måneder,Veteranen (Høj historik),20,0.425,0.8,0.2,0.4,0.1,0.65,20
e74766560c425319ebe0a349475a35fc,75,2025-04-26,Kvinde,utm_campaign=Marts25&utm_medium=Matrice&utm_source=jp.dk,0,1,1,0,1,2025-03-18,2025-05-17,0,0,Tid,Ikke tid,2025-05-17,1,0,0,33,6+ måneder,Mobil-nykommeren,45,0.6222222222222222,1,0,0.4666666666666667,0,0.7333333333333333,45
e7a301fe623aea209b0a5aff28ae5933,61,2025-04-12,Mand,utm_campaign=Marts25&utm_content=B&utm_medium=content&utm_source=jp.dk,1,1,0,0,0,2025-03-21,2025-05-20,0,0,Tid,Ikke tid,2025-05-20,1,0,0,65,0-7 dage,Spøgelses-brugeren (Lav aktivitet),71,0.056338028169014086,0,1,0.11267605633802817,0,0.08450704225352113,71
e7a3ae40b6ee57457d1274d18d27c72e,376,3000-01-01,Mand,utm_campaign=Marts25&utm_content=A&utm_medium=content&utm_source=jp.dk,0,0,0,0,0,2025-03-17,2025-05-16,0,0,Ingen afmelding,Ingen afmelding,3000-01-01,0,1,0,46,0-7 dage,Desktop-traditionalisten,2,0.5,0,1,0,0,0.5,2
e7b7e0997cfb6da158631fb040cc14a4,411,2025-03-25,Mand,utm_campaign=Marts25&utm_content=A&utm_medium=content&utm_source=jp.dk,1,1,3,2,2,2025-03-12,2025-05-11,0,0,Tid,Ikke tid,2025-05-11,1,0,0,84,6+ måneder,Desktop-traditionalisten,115,0.6630434782608695,0,0,0.5217391304347826,0,0.8173913043478261,115
e7bc7f5186893dc1471ef45413025209,275,2025-11-30,Mand,utm_campaign=Basis_22&utm_content=HeaderButtonRaised&utm_medium=Matrice&utm_source=jp.dk,0,0,0,0,0,2025-03-15,2025-05-14,0,0,Andet,Ingen årsag – ingen tlf kontakt,2025-12-14,0,1,0,51,0-7 dage,Mobil-nykommeren,166,0.15963855421686746,0.7831325301204819,0.21686746987951808,0.24096385542168675,0,0.42771084337349397,166
e8460504ad911245b41cc4d1a5c69ec3,536,2025-05-13,Mand,utm_campaign=Marts25&utm_content=A&utm_medium=content&utm_source=jp.dk,0,1,1,1,0,2025-03-10,2025-05-09,0,0,Produkt,Anden avis/produkt,2025-06-09,0,1,1,54,6+ måneder,Desktop-traditionalisten,389,0.3181233933161954,0,0.9768637532133676,0.30077120822622105,0.056555269922879174,0.7994858611825193,389
e847ea728b05af68539b431924d9d824,471,2025-08-25,Mand,utm_campaign=Marts25&utm_content=sc_a&utm_medium=mail&utm_source=mail,1,1,3,1,0,2025-03-21,2025-05-20,0,0,Tid,Ikke tid,2025-09-20,0,1,0,67,6+ måneder,Power-brugeren (Mest mobil),751,0.20938748335552596,0,1,0.1877496671105193,0,0.4580559254327563,751
e8560d608abd181e5e783dd040bc7cbc,340,2025-05-24,Mand,utm_campaign=Marts25&utm_medium=Weblayer&utm_source=jp.dk,0,1,4,1,1,2025-03-20,2025-05-19,3,3,Produkt,Redaktionelt indhold / holdning,2025-06-19,0,1,1,52,6+ måneder,Mobil-nykommeren,137,0.24087591240875914,1,0,0.3357664233576642,0,0.48905109489051096,137
e858f5449697bc5909c5ed72bee136f2,155,2025-07-14,Mand,utm_campaign=Marts25&utm_content=A&utm_medium=content&utm_source=jp.dk,0,0,1,1,0,2025-03-10,2025-05-09,0,0,Andet,RVS,2025-07-13,0,1,1,28,6+ måneder,Desktop-traditionalisten,23,0.358695652173913,0.17391304347826086,0.8260869565217391,0.21739130434782608,0.043478260869565216,0.6086956521739131,23
e86c2ca04e30c7880e34bc7a6e698898,61,2025-04-07,Kvinde,utm_campaign=Marts25&utm_content=A&utm_medium=content&utm_source=jp.dk,0,0,0,0,0,2025-03-11,2025-05-10,0,0,Produkt,Anden avis/produkt,2025-05-10,1,0,0,66,6+ måneder,Mobil-nykommeren,15,0.5666666666666667,0.6,0.4,0.26666666666666666,0,0.8,15
e8c8a5888ff8ecbe509165aa9657154b,184,2025-08-18,Kvinde,utm_campaign=Marts25&utm_content=A&utm_medium=content&utm_source=jp.dk,0,0,0,0,0,2025-03-15,2025-05-14,0,0,Tid,Ikke tid,2025-09-14,0,1,0,53,6+ måneder,Mobil-nykommeren,15,0.36666666666666664,1,0,0.6666666666666666,0,0.6,15
e9153be9eb990a05b8b703b1b434a985,129,2025-06-10,Kvinde,utm_campaign=Marts25&utm_content=B&utm_medium=content&utm_source=jp.dk,0,0,1,0,1,2025-03-04,2025-05-03,0,0,Tid,Ikke tid,2025-07-03,0,1,1,45,6+ måneder,Mobil-nykommeren,14,0.5535714285714286,0.6428571428571429,0.35714285714285715,0.2857142857142857,0.14285714285714285,0.5,14
e915a228f8c7167c10d10e33535d860a,306,2025-07-24,Mand,utm_campaign=Basis_22&utm_content=HeaderButtonRaised&utm_medium=Matrice&utm_source=jp.dk,0,1,0,0,0,2025-03-21,2025-05-20,0,0,Tid,Ikke tid,2025-08-20,0,1,0,43,0-7 dage,Power-brugeren (Mest mobil),754,0.21684350132625996,0.9920424403183024,0.007957559681697613,0.2546419098143236,0,0.47877984084880637,754
e9664780fe3b0e119802e4dd1a3f0274,120,2025-04-06,Mand,utm_campaign=Marts25&utm_content=sc_b&utm_medium=mail&utm_source=mail,0,1,1,1,0,2025-03-22,2025-05-21,0,0,Produkt,Redaktionelt indhold / holdning,2025-05-21,1,0,0,57,6+ måneder,Mobil-nykommeren,61,0.3524590163934426,1,0,0.3770491803278688,0,0.6721311475409836,61
e9e13727ac2e77bab1603fe24946eacf,1364,2025-04-14,Mand,utm_campaign=Marts25&utm_content=A&utm_medium=content&utm_source=jp.dk,1,1,10,8,4,2025-03-05,2025-05-04,1,1,Andet,kunden ønsker ikke at oplyse,2025-05-04,1,0,0,66,6+ måneder,Power-brugeren (Mest mobil),487,0.3080082135523614,0.9342915811088296,0.06570841889117043,0.26899383983572894,0.008213552361396304,0.4209445585215606,487
e9f1866aeec508f598a365c94b6bc255,514,2025-04-09,Mand,utm_campaign=Marts25&utm_content=sc_a&utm_medium=mail&utm_source=mail,1,1,11,6,7,2025-03-22,2025-05-21,0,0,Andet,kunden ønsker ikke at oplyse,2025-05-21,1,0,0,77,6+ måneder,Desktop-traditionalisten,126,0.15873015873015872,0,1,0.16666666666666666,0.16666666666666666,0.49206349206349204,126
ea212521bdc1794b4dc4914a201a8bcf,245,2025-11-04,Mand,utm_campaign=Marts25&utm_content=B&utm_medium=content&utm_source=jp.dk,0,0,0,0,0,2025-03-18,2025-05-17,0,0,Tid,Ikke tid,2025-11-17,0,1,0,73,0-7 dage,Mobil-nykommeren,5,0.5,0.8,0.2,0.4,0,0.6,5
ea2607eb559fc1a29cc0985002eb4993,1804,2025-12-01,Mand,utm_campaign=Marts25&utm_content=sc_b&utm_medium=mail&utm_source=mail,1,1,1,0,0,2025-03-21,2025-05-20,0,1,Andet,Administrativt,2025-12-05,0,1,0,83,6+ måneder,Desktop-traditionalisten,33,0.75,0.30303030303030304,0.696969696969697,0.6363636363636364,0.030303030303030304,0.7272727272727273,33
ea2c555ab41e83356e30f8f0c7e3e6af,606,2025-11-04,Mand,utm_campaign=Basis_22&utm_content=HeaderButtonRaised&utm_medium=Matrice&utm_source=jp.dk,1,1,3,3,1,2025-03-11,2025-05-10,4,4,Økonomi,Pris,2025-11-10,0,1,0,83,6+ måneder,Desktop-traditionalisten,279,0.3055555555555556,0,1,0.18996415770609318,0.08243727598566308,0.34767025089605735,279
ea41bd937e3494ea25f23bd977ba0575,376,3000-01-01,Mand,utm_campaign=Marts25&utm_content=A&utm_medium=content&utm_source=jp.dk,0,0,0,0,0,2025-03-17,2025-05-16,0,0,Ingen afmelding,Ingen afmelding,3000-01-01,0,1,0,52,0-7 dage,Desktop-traditionalisten,26,0.6442307692307693,0.4230769230769231,0.5769230769230769,0.38461538461538464,0,0.46153846153846156,26
ea4ea6b03e035ecb4d9a557e6f4c6a2b,256,2025-11-10,Mand,utm_campaign=Marts25&utm_content=A&utm_medium=content&utm_source=jp.dk,0,0,0,0,0,2025-03-07,2025-05-06,4,4,Andet,RVS,2025-11-09,0,1,0,38,6+ måneder,Mobil-nykommeren,97,0.4252577319587629,0.9278350515463918,0.07216494845360824,0.27835051546391754,0,0.5670103092783505,97
ea5669d516d6701f7b7605ce36cc5040,214,2025-09-08,Kvinde,utm_campaign=Marts25&utm_content=B&utm_medium=content&utm_source=jp.dk,0,1,0,0,0,2025-03-04,2025-05-03,0,0,Produkt,Redaktionelt indhold / holdning,2025-10-03,0,1,0,54,0-7 dage,Mobil-nykommeren,278,0.2868705035971223,1,0,0.3237410071942446,0.4172661870503597,0.5287769784172662,278
eaa673792cafda1755c469aa3093b123,306,2025-12-07,Kvinde,utm_campaign=Marts25&utm_content=B&utm_medium=content&utm_source=jp.dk,0,0,0,0,0,2025-03-03,2025-05-02,3,3,Økonomi,Pris,2026-01-02,0,1,0,64,6+ måneder,Desktop-traditionalisten,116,0.6702586206896551,0,1,0.5862068965517241,0,0.5517241379310345,116
eaea348fe18e623e30344962317776f6,61,2025-05-11,Kvinde,utm_campaign=Marts25&utm_content=A&utm_medium=content&utm_source=jp.dk,0,0,0,0,0,2025-03-23,2025-05-22,0,0,Andet,kunden ønsker ikke at oplyse,2025-05-22,1,0,0,31,6+ måneder,Desktop-traditionalisten,66,0.3977272727272727,0,1,0.4696969696969697,0.16666666666666666,0.696969696969697,66
eb4e64f215700197a23a75e72f29beca,92,2025-06-03,Mand,utm_campaign=Marts25&utm_content=A&utm_medium=content&utm_source=jp.dk,0,0,0,0,0,2025-03-03,2025-05-02,1,1,Ingen afmelding,Ingen afmelding,3000-01-01,0,1,0,33,6+ måneder,Mobil-nykommeren,1,1,1,0,1,0,0,1
eb898021f24c44d7db980193a395a738,209,2025-05-02,Kvinde,utm_campaign=Marts25&utm_medium=Matrice&utm_source=jp.dk,0,1,3,1,3,2025-03-04,2025-05-03,2,2,Salg,Tidsbestemt / kampagneløb,2025-05-03,1,0,0,71,6+ måneder,Spøgelses-brugeren (Lav aktivitet),6,0,1,0,0,0,0,6
ebb39d9307cc4c5a63a7a83ab8fe9be8,410,2025-05-25,Mand,utm_campaign=Basis_22&utm_content=HeaderButtonRaised&utm_medium=Matrice&utm_source=jp.dk,0,0,9,3,1,2025-03-10,2025-05-09,0,0,Tid,Ikke tid,2025-06-09,0,1,1,54,6+ måneder,Power-brugeren (Mest mobil),257,0.39202334630350194,0.7354085603112841,0.26459143968871596,0.23735408560311283,0.0038910505836575876,0.556420233463035,257
ebeaea7e2ddca46b8c609a62d1d6a580,543,3000-01-01,Kvinde,utm_campaign=Marts25&utm_content=B&utm_medium=content&utm_source=jp.dk,0,1,1,1,0,2025-03-04,2025-05-03,0,0,Ingen afmelding,Ingen afmelding,3000-01-01,0,1,0,65,6+ måneder,Desktop-traditionalisten,120,0.3229166666666667,0.041666666666666664,0.9583333333333334,0.35833333333333334,0.025,0.625,120
ebeca48dfb318c270bfb475b68999df2,180,2025-03-20,Mand,utm_campaign=Marts25&utm_content=A&utm_medium=content&utm_source=jp.dk,0,0,0,0,0,2025-03-20,2025-05-19,0,0,Andet,kunden ønsker ikke at oplyse,2025-05-19,1,0,0,57,0-7 dage,Mobil-nykommeren,426,0.2875586854460094,1,0,0.2676056338028169,0.02112676056338028,0.4812206572769953,426
ebf5c4601d4f18fc942ea7484462e14b,61,2025-03-26,Mand,utm_campaign=Marts25&utm_content=A&utm_medium=content&utm_source=jp.dk,1,1,0,0,0,2025-03-24,2025-05-23,0,0,Produkt,Redaktionelt indhold / holdning,2025-05-23,1,0,0,54,6+ måneder,Mobil-nykommeren,6,0.4583333333333333,0.6666666666666666,0.3333333333333333,0.3333333333333333,0,0.16666666666666666,6
ecbee44ff4421f80598cd038ea794911,225,2025-06-21,Mand,utm_campaign=Marts25&utm_content=A&utm_medium=content&utm_source=jp.dk,0,1,9,2,8,2025-03-21,2025-05-20,2,2,Produkt,Redaktionelt indhold / holdning,2025-07-20,0,1,1,57,6+ måneder,Desktop-traditionalisten,237,0.31962025316455694,0.31645569620253167,0.6835443037974683,0.3037974683544304,0.004219409282700422,0.5864978902953587,237
ed29887940286545ed9f378597b0384b,184,2025-08-21,Mand,utm_campaign=Marts25&utm_content=A&utm_medium=content&utm_source=jp.dk,0,0,0,0,0,2025-03-06,2025-05-05,0,0,Andet,kunden ønsker ikke at oplyse,2025-09-05,0,1,0,50,0-7 dage,Mobil-nykommeren,186,0.34274193548387094,1,0,0.27956989247311825,0,0.5376344086021505,186
ed369bab3d4dccc70a9bf6fb7da44d9c,61,2025-05-12,Mand,utm_campaign=Basis_22&utm_content=HeaderButtonRaised&utm_medium=Matrice&utm_source=jp.dk,0,0,0,0,0,2025-03-12,2025-05-11,0,0,Andet,Ingen årsag – ingen tlf kontakt,2025-05-11,1,0,0,75,6+ måneder,Desktop-traditionalisten,255,0.396078431372549,0.20784313725490197,0.792156862745098,0.29411764705882354,0.00784313725490196,0.5137254901960784,255
ed4d4eaaf45e242a84710ec306d662a8,530,2025-12-03,Mand,utm_campaign=Basis_22&utm_content=HeaderButtonRaised&utm_medium=Matrice&utm_source=jp.dk,0,0,1,1,0,2025-03-18,2025-05-17,1,1,Økonomi,Pris,2025-12-17,0,1,0,70,1-6 måneder,Desktop-traditionalisten,25,0.56,0.4,0.48,0.6,0,0.48,25
ed5e9900ab10fa23c83b7ee66569c059,61,2025-03-14,Mand,utm_campaign=Marts25&utm_content=B&utm_medium=content&utm_source=jp.dk,1,1,0,0,0,2025-03-14,2025-05-13,0,0,Tid,Ikke tid,2025-05-13,1,0,0,27,0-7 dage,Mobil-nykommeren,2,0.5,1,0,1,0,0.5,2
ee5275a035955fff643c908c7d2b3e40,122,2025-06-26,Mand,utm_campaign=Marts25&utm_content=A&utm_medium=content&utm_source=jp.dk,0,0,0,0,0,2025-03-21,2025-05-20,0,0,Tid,Ikke tid,2025-07-20,0,1,1,43,0-7 dage,Mobil-nykommeren,99,0.44191919191919193,0.7070707070707071,0.29292929292929293,0.3434343434343434,0.030303030303030304,0.6565656565656566,99
eead3f1cb1167bf8e012bbe03a044111,1080,2025-06-11,Kvinde,utm_campaign=Basis_22&utm_content=HeaderButtonRaised&utm_medium=Matrice&utm_source=jp.dk,1,1,16,4,10,2025-03-11,2025-05-10,0,0,Ingen afmelding,Ingen afmelding,3000-01-01,0,1,0,82,6+ måneder,Veteranen (Høj historik),169,0.5029585798816568,0,1,0.3727810650887574,0.30177514792899407,0.6745562130177515,169
ef7a085d2aff92b21d620e7a0ea528b4,580,3000-01-01,Kvinde,utm_campaign=Marts25&utm_content=A&utm_medium=content&utm_source=jp.dk,0,0,3,2,1,2025-03-04,2025-05-03,1,1,Ingen afmelding,Ingen afmelding,3000-01-01,0,1,0,43,6+ måneder,Desktop-traditionalisten,90,0.4638888888888889,0.28888888888888886,0.7111111111111111,0.4666666666666667,0.23333333333333334,0.36666666666666664,90
ef8055f337f6e7440116a5bcd1297e6b,480,2025-05-22,Mand,utm_campaign=Marts25&utm_content=a&utm_medium=mail&utm_source=mail,0,1,13,7,7,2025-03-05,2025-05-04,2,2,Tid,Ikke tid,2025-06-04,0,1,1,70,6+ måneder,Veteranen (Høj historik),32,0.46875,0.8125,0.1875,0.375,0,0.25,32
ef90ea2326cba1cf3eee3776c430b624,275,2025-12-07,Mand,utm_campaign=Marts25&utm_content=B&utm_medium=content&utm_source=jp.dk,0,0,0,0,0,2025-03-15,2025-05-14,0,0,Produkt,Redaktionelt indhold / holdning,2025-12-14,0,1,0,35,6+ måneder,Mobil-nykommeren,2,0.5,1,0,0.5,0,0,2
efcbf2da9a3604e16307938ba5318f3b,858,2025-05-17,Kvinde,utm_campaign=Marts25&utm_content=B&utm_medium=content&utm_source=jp.dk,0,1,19,7,10,2025-03-05,2025-05-04,1,1,Tid,Ikke tid,2025-06-04,0,1,1,55,6+ måneder,Veteranen (Høj historik),49,0.29591836734693877,0,1,0.2653061224489796,0,0.6326530612244898,49
efe89095184e910f2b51824e8c4439c4,61,2025-04-03,Kvinde,utm_campaign=Basis_22&utm_content=HeaderButtonRaised&utm_medium=Matrice&utm_source=jp.dk,0,0,0,0,0,2025-03-03,2025-05-02,0,0,Andet,kunden ønsker ikke at oplyse,2025-05-02,1,0,0,53,0-7 dage,Mobil-nykommeren,15,0.43333333333333335,1,0,0.26666666666666666,0,0.4666666666666667,15
f02473e32720855f52586ce55297678c,376,3000-01-01,Mand,utm_campaign=Marts25&utm_content=A&utm_medium=content&utm_source=jp.dk,0,0,0,0,0,2025-03-17,2025-05-16,3,3,Ingen afmelding,Ingen afmelding,3000-01-01,0,1,0,73,6+ måneder,Power-brugeren (Mest mobil),711,0.46272855133614627,1,0,0.32489451476793246,0.4345991561181435,0.5428973277074542,705
f0987c3595b34114e5085a1c0c799fbb,153,2025-08-17,Kvinde,utm_campaign=Marts25&utm_content=A&utm_medium=content&utm_source=jp.dk,0,0,0,0,0,2025-03-21,2025-05-20,0,0,Tid,Ikke tid,2025-08-20,0,1,0,77,0-7 dage,Spøgelses-brugeren (Lav aktivitet),3,0.3333333333333333,0.6666666666666666,0.3333333333333333,0,0,0,3
f0aab63ad685e003555b7e8c0644dba3,601,2025-05-07,Mand,utm_campaign=Marts25&utm_content=b&utm_medium=mail&utm_source=mail,1,1,9,8,4,2025-03-06,2025-05-05,1,0,Tid,Ikke tid,2025-06-05,0,1,1,70,6+ måneder,Desktop-traditionalisten,84,0.21726190476190477,0,1,0.23809523809523808,0.07142857142857142,0.9166666666666666,84
f0f705e69a3153587156a90de673faee,122,2025-06-10,Mand,utm_campaign=Basis_22&utm_content=HeaderButtonRaised&utm_medium=Matrice&utm_source=jp.dk,1,1,0,0,0,2025-03-08,2025-05-07,0,0,Tid,Ikke tid,2025-07-07,0,1,1,24,1-6 måneder,Mobil-nykommeren,70,0.3464285714285714,0.5857142857142857,0.4142857142857143,0.44285714285714284,0.07142857142857142,0.5142857142857142,69
f0fa152f4037b954272eee47098ea09c,259,2025-11-07,Kvinde,utm_campaign=Marts25&utm_content=sc_b&utm_medium=mail&utm_source=mail,0,1,1,1,1,2025-03-21,2025-05-20,0,0,Produkt,Redaktionelt indhold / holdning,2025-11-20,0,1,0,63,1-6 måneder,Desktop-traditionalisten,110,0.43863636363636366,0,1,0.37272727272727274,0.39090909090909093,0.5818181818181818,110
f19cb9bef22172940b4139ddc47320c0,245,2025-11-02,Mand,utm_campaign=Marts25&utm_content=B&utm_medium=content&utm_source=jp.dk,0,0,0,0,0,2025-03-07,2025-05-06,0,0,Tid,Ikke tid,2025-11-06,0,1,0,59,6+ måneder,Desktop-traditionalisten,124,0.36088709677419356,0.1774193548387097,0.8225806451612904,0.3790322580645161,0.008064516129032258,0.8467741935483871,124
f1aa9be6e2fa120a8ce8e5ef36087e82,1068,3000-01-01,Mand,utm_campaign=Marts25&utm_content=B&utm_medium=content&utm_source=jp.dk,0,0,3,1,2,2025-03-10,2025-05-09,0,0,Ingen afmelding,Ingen afmelding,3000-01-01,0,1,0,61,6+ måneder,Power-brugeren (Mest mobil),1280,0.3421875,0.734375,0.265625,0.2765625,7.8125e-4,0.80625,1280
f1f13e18b2af733b92da4c5bca2a9ffe,383,2025-03-06,Mand,utm_campaign=Marts25&utm_content=b&utm_medium=mail&utm_source=mail,0,0,6,1,4,2025-03-06,2025-05-05,1,1,Andet,kunden ønsker ikke at oplyse,2025-05-05,1,0,0,48,6+ måneder,Desktop-traditionalisten,174,0.2025862068965517,0,1,0.2988505747126437,0,0.6609195402298851,174
f21cb19a15c316900e2e471423ad2eb2,1405,2025-03-23,Mand,utm_campaign=Marts25&utm_content=A&utm_medium=content&utm_source=jp.dk,0,1,15,6,6,2025-03-22,2025-05-21,0,0,Økonomi,Pris,2025-05-21,1,0,0,50,6+ måneder,Veteranen (Høj historik),330,0.3212121212121212,0.6727272727272727,0.32727272727272727,0.3424242424242424,0.0030303030303030303,0.6878787878787879,330
f2356a431358478feaa3f0ab52de4dfa,166,2025-03-20,Mand,utm_campaign=Marts25&utm_content=A&utm_medium=content&utm_source=jp.dk,0,1,1,1,0,2025-03-04,2025-05-03,0,0,Tid,Ikke tid,2025-05-03,1,0,0,80,1-6 måneder,Desktop-traditionalisten,198,0.44696969696969696,0,1,0.29797979797979796,0.41414141414141414,0.5303030303030303,198
f2e729572ee5d7ea093b9989e5fcd2cc,506,2025-05-07,Mand,utm_campaign=Marts25&utm_content=b&utm_medium=mail&utm_source=mail,1,1,9,7,4,2025-03-05,2025-05-04,3,4,Tid,Ikke tid,2025-06-04,0,1,1,44,6+ måneder,Veteranen (Høj historik),212,0.4988207547169811,0,1,0.37264150943396224,0,0.6226415094339622,212
f2f9a0e15da517768c7965ab94e2a5ab,184,2025-09-01,Mand,utm_campaign=Marts25&utm_content=A&utm_medium=content&utm_source=jp.dk,0,0,0,0,0,2025-03-19,2025-05-18,0,0,Økonomi,Pris,2025-09-18,0,1,0,36,0-7 dage,Mobil-nykommeren,27,0.24074074074074073,1,0,0.4074074074074074,0.037037037037037035,0.9259259259259259,27
f2fdfe2ad3800375137cff870b1a4f6f,375,2026-03-20,Mand,utm_campaign=Marts25&utm_content=B&utm_medium=content&utm_source=jp.dk,0,0,0,0,0,2025-03-10,2025-05-09,0,0,Ingen afmelding,Ingen afmelding,3000-01-01,0,1,0,71,0-7 dage,Desktop-traditionalisten,176,0.5795454545454546,0.3977272727272727,0.6022727272727273,0.5454545454545454,0,0.4943181818181818,176
f31db9e7a7c8ce01c0bb89b326001d42,1781,2025-11-21,Mand,utm_campaign=Marts25&utm_content=sc_b&utm_medium=mail&utm_source=mail,1,1,8,1,5,2025-03-21,2025-05-20,5,5,Tid,Ikke tid,2025-12-20,0,1,0,81,6+ måneder,Veteranen (Høj historik),429,0.6165501165501166,0,1,0.38461538461538464,0,0.6899766899766899,429
f32c43d378bf9c3fff05c3106dcf599f,61,2025-05-11,Kvinde,utm_campaign=Marts25&utm_content=A&utm_medium=content&utm_source=jp.dk,1,1,0,0,0,2025-03-18,2025-05-17,0,0,Produkt,Redaktionelt indhold / holdning,2025-05-17,1,0,0,53,6+ måneder,Desktop-traditionalisten,6,0.4166666666666667,0,1,0.5,0,0.3333333333333333,6
f33e5dc74fc7c613e1c5183dca828d52,218,2025-04-28,Mand,utm_campaign=Marts25&utm_content=A&utm_medium=content&utm_source=jp.dk,0,1,4,2,1,2025-03-06,2025-05-05,0,0,Produkt,Redaktionelt indhold / holdning,2025-05-05,1,0,0,47,6+ måneder,Mobil-nykommeren,344,0.29651162790697677,1,0,0.27906976744186046,0,0.4011627906976744,344
f3c0737ea6920f591f778b8b74d43cd8,636,3000-01-01,Mand,utm_campaign=Marts25&utm_content=sc_a&utm_medium=mail&utm_source=mail,1,1,1,0,0,2025-03-21,2025-05-20,0,0,Ingen afmelding,Ingen afmelding,3000-01-01,0,1,0,76,6+ måneder,Desktop-traditionalisten,80,0.515625,0,1,0.4375,0,0.65,80
f3c4fc320372b73ee410c2c9d92dee75,92,2025-05-14,Kvinde,utm_campaign=Marts25&utm_content=B&utm_medium=content&utm_source=jp.dk,0,1,0,0,0,2025-03-12,2025-05-11,0,0,Tid,Ikke tid,2025-06-11,0,1,1,41,0-7 dage,Mobil-nykommeren,8,0.46875,1,0,0.5,0.25,0.125,8
f3d6b6e45d2ac55eaaf67b8141daeaf1,1713,2025-04-29,Kvinde,utm_campaign=Marts25&utm_content=b&utm_medium=mail&utm_source=mail,0,1,1,0,0,2025-03-08,2025-05-07,0,0,Andet,kunden ønsker ikke at oplyse,2025-05-07,1,0,0,63,6+ måneder,Desktop-traditionalisten,51,0.3480392156862745,0.6078431372549019,0.39215686274509803,0.2549019607843137,0.27450980392156865,0.5294117647058824,51
f47f4dddcdc069eede98ba53df09596f,382,3000-01-01,Mand,utm_campaign=Marts25&utm_content=A&utm_medium=content&utm_source=jp.dk,0,1,0,0,0,2025-03-11,2025-05-10,0,0,Ingen afmelding,Ingen afmelding,3000-01-01,0,1,0,48,6+ måneder,Mobil-nykommeren,85,0.611764705882353,0.9647058823529412,0.03529411764705882,0.5411764705882353,0,0.17647058823529413,85
f4a021012e0379b342bd520316e25b69,82,2025-05-18,Mand,utm_campaign=Marts25&utm_content=sc_a&utm_medium=mail&utm_source=mail,1,0,0,0,0,2025-03-21,2025-05-20,0,0,Tid,Ikke tid,2025-05-20,1,0,0,87,1-6 måneder,Desktop-traditionalisten,118,0.3855932203389831,0,1,0.3474576271186441,0,0.6440677966101694,118
f4d085a4da6082467085e2eaf9e0bf5f,371,3000-01-01,Mand,utm_campaign=Basis_22&utm_content=HeaderButtonRaised&utm_medium=Matrice&utm_source=jp.dk,1,1,0,0,0,2025-03-22,2025-05-21,0,2,Ingen afmelding,Ingen afmelding,3000-01-01,0,1,0,64,0-7 dage,Mobil-nykommeren,226,0.588495575221239,1,0,0.3938053097345133,0,0.6946902654867256,226
f4ee025e8164ca80914279997ef8379e,400,3000-01-01,Mand,utm_campaign=Marts25&utm_content=a&utm_medium=mail&utm_source=mail,0,1,1,1,1,2025-03-07,2025-05-06,1,1,Ingen afmelding,Ingen afmelding,3000-01-01,0,1,0,49,6+ måneder,Desktop-traditionalisten,100,0.3675,0.43,0.57,0.4,0,0.73,100
f4f21a6db6bb6eb98f66aeddf3e6c3ea,61,2025-04-28,Mand,utm_campaign=Marts25&utm_content=A&utm_medium=content&utm_source=jp.dk,0,0,0,0,0,2025-03-04,2025-05-03,0,0,Tid,Ikke tid,2025-05-03,1,0,0,69,0-7 dage,Desktop-traditionalisten,295,0.5949152542372881,0.013559322033898305,0.9864406779661017,0.41694915254237286,0.006779661016949152,0.8711864406779661,295
f50856fc107729999e2e1d357c844649,528,2025-04-05,Mand,utm_campaign=Marts25&utm_medium=Weblayer&utm_source=jp.dk,1,1,2,2,0,2025-03-20,2025-05-19,11,9,Andet,kunden ønsker ikke at oplyse,2025-05-19,1,0,0,88,6+ måneder,Veteranen (Høj historik),43,0.7325581395348837,1,0,0.5348837209302325,0,0.4883720930232558,43
f52035d04affa1321c66d4076947afcb,153,2025-07-07,Kvinde,utm_campaign=Marts25&utm_content=A&utm_medium=content&utm_source=jp.dk,0,0,0,0,0,2025-03-04,2025-05-03,0,0,Produkt,Redaktionelt indhold / holdning,2025-08-03,0,1,0,32,0-7 dage,Mobil-nykommeren,20,0.2,1,0,0.35,0,0.4,20
f54455c4d82be9b4fbdb4d969a1d9727,1137,2025-04-28,Mand,utm_campaign=Marts25&utm_content=b&utm_medium=mail&utm_source=mail,1,1,10,4,5,2025-03-05,2025-05-04,1,1,Andet,kunden ønsker ikke at oplyse,2025-05-04,1,0,0,75,6+ måneder,Power-brugeren (Mest mobil),491,0.3182281059063136,1,0,0.24643584521384929,0.002036659877800407,0.5458248472505092,491
f54ffadf1451a7caef4cc67e01afee38,375,2025-03-22,Mand,utm_campaign=Marts25&utm_medium=topticker&utm_source=jp.dk,0,1,17,9,11,2025-03-22,2025-05-21,1,1,Økonomi,Pris,2025-05-21,1,0,0,48,6+ måneder,Veteranen (Høj historik),440,0.35170454545454544,0.9590909090909091,0.04090909090909091,0.31136363636363634,0.0022727272727272726,0.525,440
f5de57c057c6ec27e94fb8d54a176f19,103,2025-03-12,Kvinde,utm_campaign=Marts25&utm_content=B&utm_medium=content&utm_source=jp.dk,0,1,3,0,2,2025-03-09,2025-05-08,3,3,Andet,Ingen årsag – ingen tlf kontakt,2025-05-08,1,0,0,64,6+ måneder,Mobil-nykommeren,165,0.28484848484848485,1,0,0.2545454545454545,0,0.45454545454545453,165
f5e6f879f932f35a75797f0bb053c7c1,61,2025-04-14,Mand,utm_campaign=Basis_22&utm_content=HeaderButtonRaised&utm_medium=Matrice&utm_source=jp.dk,0,0,0,0,0,2025-03-05,2025-05-04,0,0,Andet,kunden ønsker ikke at oplyse,2025-05-04,1,0,0,50,0-7 dage,Mobil-nykommeren,59,0.3516949152542373,1,0,0.2542372881355932,0,0.7288135593220338,59
f5fab6cffe4587e628d9651e0607996e,275,2025-12-02,Kvinde,utm_campaign=Marts25&utm_content=B&utm_medium=content&utm_source=jp.dk,1,1,0,0,0,2025-03-22,2025-05-21,0,0,Tid,Ikke tid,2025-12-21,0,1,0,47,0-7 dage,Mobil-nykommeren,8,0.25,1,0,0.25,0,0.25,8
f73b8539516e69239dc2356d8aa67852,371,3000-01-01,Mand,utm_campaign=Marts25&utm_content=sc_b&utm_medium=mail&utm_source=mail,0,1,0,0,0,2025-03-22,2025-05-21,7,7,Ingen afmelding,Ingen afmelding,3000-01-01,0,1,0,78,6+ måneder,Desktop-traditionalisten,16,0.4375,0,1,0.375,0,0.1875,16
f77682c46f0052360c03f5b4970a2b94,272,2025-03-15,Kvinde,utm_campaign=Marts25&utm_content=A&utm_medium=content&utm_source=jp.dk,0,0,2,2,0,2025-03-15,2025-05-14,0,0,Andet,kunden ønsker ikke at oplyse,2025-05-14,1,0,0,43,6+ måneder,Power-brugeren (Mest mobil),751,0.2073901464713715,0.8588548601864181,0.1411451398135819,0.2103861517976032,0.0013315579227696406,0.3954727030625832,751
f79e1675b854d18f6f0c9a76d7941b3f,786,2025-04-30,Mand,utm_campaign=Marts25&utm_content=b&utm_medium=mail&utm_source=mail,0,1,10,5,4,2025-03-06,2025-05-05,1,0,Andet,kunden ønsker ikke at oplyse,2025-05-05,1,0,0,76,6+ måneder,Desktop-traditionalisten,208,0.38341346153846156,0,1,0.32211538461538464,0,0.5336538461538461,208
f7c658d9da4d4f824a47efac0722d303,542,2025-05-23,Ikke oplyst,utm_campaign=Marts25&utm_content=b&utm_medium=mail&utm_source=mail,1,1,6,3,4,2025-03-05,2025-05-04,1,1,Produkt,Anden avis/produkt,2025-06-04,0,1,1,77,6+ måneder,Spøgelses-brugeren (Lav aktivitet),0,0,0,0,0,0,0,0
f7e335754c1d61dce2e70ddf8b6011db,282,2025-12-02,Kvinde,utm_campaign=Marts25&utm_content=e-avis_ikkeabn&utm_medium=matrice&utm_source=jp.dk,1,1,1,1,0,2025-03-06,2025-05-05,0,0,Andet,kunden ønsker ikke at oplyse,2025-12-05,0,1,0,48,6+ måneder,Desktop-traditionalisten,1,0,0,1,0,0,1,1
f7e53b5e2d03baa335796e401e61488c,846,3000-01-01,Kvinde,utm_campaign=Marts25&utm_content=B&utm_medium=content&utm_source=jp.dk,1,0,1,0,0,2025-03-04,2025-05-03,0,0,Ingen afmelding,Ingen afmelding,3000-01-01,0,1,0,70,6+ måneder,Spøgelses-brugeren (Lav aktivitet),0,0,0,0,0,0,0,0
f7ee71f90d521575891747c68b7c21eb,384,3000-01-01,Mand,utm_campaign=Marts25&utm_content=B&utm_medium=content&utm_source=jp.dk,1,0,0,0,0,2025-03-09,2025-05-08,0,0,Ingen afmelding,Ingen afmelding,3000-01-01,0,1,0,82,6+ måneder,Spøgelses-brugeren (Lav aktivitet),0,0,0,0,0,0,0,0
f7f494fc99907da182ccd8d6722d34f7,383,3000-01-01,Mand,utm_campaign=Marts25&utm_content=A&utm_medium=content&utm_source=jp.dk,0,0,0,0,0,2025-03-10,2025-05-09,7,7,Ingen afmelding,Ingen afmelding,3000-01-01,0,1,0,49,6+ måneder,Mobil-nykommeren,4,0.5,1,0,0,0,0.5,4
f87ca85b587609d9510f97269789c02c,1147,3000-01-01,Mand,utm_campaign=Marts25&utm_content=A&utm_medium=content&utm_source=jp.dk,1,1,15,12,4,2025-03-06,2025-05-05,2,1,Ingen afmelding,Ingen afmelding,3000-01-01,0,1,0,70,6+ måneder,Veteranen (Høj historik),882,0.31179138321995464,0.0022675736961451248,0.9977324263038548,0.2562358276643991,0.003401360544217687,0.9727891156462585,882
f8a31b28770a75fe299ad45b0bc9ee65,92,2025-05-15,Mand,utm_campaign=Marts25&utm_content=B&utm_medium=content&utm_source=jp.dk,0,0,0,0,0,2025-03-15,2025-05-14,0,0,Økonomi,Pris,2025-06-14,0,1,1,20,0-7 dage,Desktop-traditionalisten,4,0.875,0,1,0.25,0.25,0,4
f8aaf2658148a3cff3785804aac976d2,142,2025-04-11,Mand,utm_campaign=Marts25&utm_content=A&utm_medium=content&utm_source=jp.dk,0,0,0,0,0,2025-03-08,2025-05-07,0,0,Produkt,Redaktionelt indhold / holdning,2025-05-07,1,0,0,57,0-7 dage,Desktop-traditionalisten,378,0.2810846560846561,0.12433862433862433,0.8756613756613757,0.29365079365079366,0,0.6640211640211641,378
f8b94f20bd0c0d13361f4ca2f2d3dffa,682,2025-03-23,Mand,utm_campaign=Marts25&utm_content=sc_b&utm_medium=mail&utm_source=mail,0,1,8,7,2,2025-03-23,2025-05-22,0,0,Andet,kunden ønsker ikke at oplyse,2025-05-22,1,0,0,53,6+ måneder,Power-brugeren (Mest mobil),502,0.4048804780876494,0.549800796812749,0.450199203187251,0.26294820717131473,0,0.7788844621513944,501
f8ca4217d40e82b809f2ecd679606f05,443,2025-08-17,Mand,utm_campaign=Marts25&utm_content=a&utm_medium=mail&utm_source=mail,1,1,2,2,0,2025-03-05,2025-05-04,3,3,Tid,Ikke tid,2025-09-04,0,1,0,86,6+ måneder,Desktop-traditionalisten,62,0.5967741935483871,0,0.9516129032258065,0.45161290322580644,0.016129032258064516,0.24193548387096775,62
f8dbf69f8f5b39e061c284b48a7fa538,921,3000-01-01,Mand,utm_campaign=Marts25&utm_content=B&utm_medium=content&utm_source=jp.dk,0,0,2,2,0,2025-03-20,2025-05-19,0,0,Ingen afmelding,Ingen afmelding,3000-01-01,0,1,0,55,6+ måneder,Power-brugeren (Mest mobil),307,0.21986970684039087,0.5407166123778502,0.4592833876221498,0.2247557003257329,0,0.39087947882736157,307
f900fad4ac42e8268816ff7a5971bdde,259,2025-09-19,Kvinde,utm_campaign=Basis_22&utm_content=HeaderButtonRaised&utm_medium=Matrice&utm_source=jp.dk,0,0,1,1,0,2025-03-13,2025-05-12,0,0,Tid,Ikke tid,2025-10-12,0,1,0,59,6+ måneder,Mobil-nykommeren,24,0.6458333333333334,1,0,0.5,0,0,24
f9200c31a456ddcf5b2de3ee5667e0b7,61,2025-04-04,Kvinde,utm_campaign=Marts25&utm_content=B&utm_medium=content&utm_source=jp.dk,0,0,0,0,0,2025-03-15,2025-05-14,0,0,Produkt,Redaktionelt indhold / holdning,2025-05-14,1,0,0,50,6+ måneder,Mobil-nykommeren,108,0.6226851851851852,1,0,0.4166666666666667,0.10185185185185185,0.7314814814814815,108
f944be29c5c1e04626d86a1df02749b0,120,2025-05-14,Mand,utm_campaign=Basis_22&utm_content=HeaderButtonRaised&utm_medium=Matrice&utm_source=jp.dk,1,1,0,0,0,2025-03-05,2025-05-04,3,3,Andet,kunden ønsker ikke at oplyse,2025-06-04,0,1,1,66,6+ måneder,Power-brugeren (Mest mobil),674,0.4250741839762611,0.6350148367952523,0.3649851632047478,0.3249258160237389,0.002967359050445104,0.5237388724035609,673
f94f533557001f0619f148540fc318ff,375,3000-01-01,Mand,utm_campaign=Marts25&utm_content=6657291290052&utm_medium=fb_matrice&utm_source=some&utm_term=6657291290252,1,1,0,0,0,2025-03-18,2025-05-17,0,0,Ingen afmelding,Ingen afmelding,3000-01-01,0,1,0,73,0-7 dage,Desktop-traditionalisten,136,0.29044117647058826,0,1,0.27205882352941174,0,0.4338235294117647,136
f99d1964208a3c9cade172c296fb9855,667,2025-04-27,Mand,utm_campaign=Marts25&utm_medium=topticker&utm_source=jp.dk,0,0,8,4,3,2025-03-11,2025-05-10,0,0,Andet,kunden ønsker ikke at oplyse,2025-05-10,1,0,0,65,6+ måneder,Mobil-nykommeren,10,0.425,0.7,0.3,0.7,0,0.2,10
f99eb2b8f4228ffe0057dd3fdfc73776,1053,3000-01-01,Mand,utm_campaign=Marts25&utm_content=A&utm_medium=content&utm_source=jp.dk,0,0,1,1,0,2025-03-10,2025-05-09,0,0,Ingen afmelding,Ingen afmelding,3000-01-01,0,1,0,54,6+ måneder,Desktop-traditionalisten,8,0.5,0,1,0.375,0.125,0.75,8
f9f741851c7ff91176b0b5fa4d36f930,153,2025-05-03,Kvinde,utm_campaign=Basis_22&utm_content=App_android&utm_medium=Matrice&utm_source=App,0,1,1,0,0,2025-03-20,2025-05-19,0,0,Andet,kunden ønsker ikke at oplyse,2025-05-19,1,0,0,59,6+ måneder,Mobil-nykommeren,143,0.27797202797202797,1,0,0.2867132867132867,0,0.45454545454545453,143
fa5774c02510a61b6b305ffb50b98b01,846,2026-03-24,Mand,utm_campaign=Marts25&utm_content=sc_a&utm_medium=mail&utm_source=mail,0,0,2,2,0,2025-03-21,2025-05-20,0,0,Ingen afmelding,Ingen afmelding,3000-01-01,0,1,0,64,6+ måneder,Mobil-nykommeren,212,0.3384433962264151,0.6981132075471698,0.3018867924528302,0.2783018867924528,0.04245283018867924,0.5424528301886793,212
fa62a81c78ca82cf81fe9adf7e4611e1,370,3000-01-01,Kvinde,utm_campaign=Marts25&utm_content=A&utm_medium=content&utm_source=jp.dk,0,0,0,0,0,2025-03-23,2025-05-22,0,0,Ingen afmelding,Ingen afmelding,3000-01-01,0,1,0,62,0-7 dage,Mobil-nykommeren,309,0.3470873786407767,0.9741100323624595,0.025889967637540454,0.3300970873786408,0,0.5663430420711975,309
fa71593f4cefdc83dfb80bc4c89c7fcc,398,2025-03-17,Mand,utm_campaign=Marts25&utm_content=b&utm_medium=mail&utm_source=mail,0,1,1,1,0,2025-03-05,2025-05-04,0,0,Andet,kunden ønsker ikke at oplyse,2025-05-04,1,0,0,58,6+ måneder,Desktop-traditionalisten,439,0.3940774487471526,0.2437357630979499,0.7562642369020501,0.3325740318906606,0.12300683371298406,0.7220956719817767,439
fa7231abd207f4ad047f08020bb3bcaf,563,3000-01-01,Ikke oplyst,utm_campaign=Basis_22&utm_content=HeaderButtonRaised&utm_medium=Matrice&utm_source=jp.dk,0,1,2,2,0,2025-03-11,2025-05-10,0,0,Ingen afmelding,Ingen afmelding,3000-01-01,0,1,0,50,6+ måneder,Power-brugeren (Mest mobil),284,0.24295774647887325,0.9014084507042254,0.09859154929577464,0.30633802816901406,0.16901408450704225,0.7359154929577465,284
fa91b4e6754bdd62e07cf4bbf326e05b,122,2025-06-24,Mand,utm_campaign=Marts25&utm_content=A&utm_medium=content&utm_source=jp.dk,0,0,0,0,0,2025-03-23,2025-05-22,0,0,Produkt,Redaktionelt indhold / holdning,2025-07-22,0,1,1,56,6+ måneder,Spøgelses-brugeren (Lav aktivitet),2,0,1,0,0,0,0,2
faa5fa17d662699ba69d3b79387dec5e,235,2025-05-21,Kvinde,utm_campaign=Marts25&utm_content=sc_b&utm_medium=mail&utm_source=mail,1,0,3,2,2,2025-03-22,2025-05-21,0,0,Andet,Ingen årsag – ingen tlf kontakt,2025-05-21,1,0,0,70,6+ måneder,Mobil-nykommeren,194,0.25773195876288657,0.9690721649484536,0.030927835051546393,0.3917525773195876,0.03608247422680412,0.5515463917525774,194
fabb0fa73bfeceecdf161da3389b6caa,122,2025-06-26,Mand,utm_campaign=Marts25&utm_content=A&utm_medium=content&utm_source=jp.dk,0,0,0,0,0,2025-03-13,2025-05-12,0,0,Tid,Ikke tid,2025-07-12,0,1,1,76,0-7 dage,Mobil-nykommeren,36,0.5694444444444444,0.6944444444444444,0.3055555555555556,0.4444444444444444,0,0.75,36
fb399d68e1c8af128a388d804d698c5a,905,2025-07-23,Mand,utm_campaign=Basis_22&utm_content=HeaderButtonRaised&utm_medium=Matrice&utm_source=jp.dk,0,0,4,4,0,2025-03-13,2025-05-12,0,0,Produkt,Redaktionelt indhold / holdning,2025-11-12,0,1,0,57,6+ måneder,Power-brugeren (Mest mobil),521,0.2826295585412668,0.8541266794625719,0.028790786948176585,0.2783109404990403,0,0.4894433781190019,521
fba1db33923003177babc40f0a3cfe8d,61,2025-04-16,Kvinde,utm_campaign=Marts25&utm_content=B&utm_medium=content&utm_source=jp.dk,0,0,0,0,0,2025-03-06,2025-05-05,0,0,Produkt,Redaktionelt indhold / holdning,2025-05-05,1,0,0,61,0-7 dage,Desktop-traditionalisten,11,0.5454545454545454,0,1,0.09090909090909091,0,0.8181818181818182,11
fbdfb1d45b4477cf1f0ccbb98868f70a,61,2025-04-01,Mand,utm_campaign=Basis_22&utm_content=HeaderButtonRaised&utm_medium=Matrice&utm_source=jp.dk,1,1,0,0,0,2025-03-11,2025-05-10,0,0,Tid,Ikke tid,2025-05-10,1,0,0,62,0-7 dage,Desktop-traditionalisten,43,0.31976744186046513,0,1,0.23255813953488372,0.11627906976744186,0.6511627906976745,43
fc21356db5d9032949d7d27f4ad6a4f7,480,2025-04-07,Mand,utm_campaign=Marts25&utm_content=a&utm_medium=mail&utm_source=mail,1,1,11,8,4,2025-03-07,2025-05-06,0,0,Andet,kunden ønsker ikke at oplyse,2025-05-06,1,0,0,72,6+ måneder,Veteranen (Høj historik),27,0.32407407407407407,0.8148148148148148,0,0.37037037037037035,0,0.6296296296296297,27
fc58cfb884d82f8ff7398450731734d8,625,2025-05-20,Kvinde,utm_campaign=Marts25&utm_content=A&utm_medium=content&utm_source=jp.dk,1,1,3,2,0,2025-03-08,2025-05-07,0,0,Produkt,Redaktionelt indhold / holdning,2025-06-07,0,1,1,73,6+ måneder,Mobil-nykommeren,8,0.6875,0.5,0,0.75,0,0.125,8
fc860489591750d23f909bcc9450b0ef,559,3000-01-01,Mand,utm_campaign=Marts25&utm_content=sc_b&utm_medium=mail&utm_source=mail,1,1,6,3,3,2025-03-21,2025-05-20,6,6,Ingen afmelding,Ingen afmelding,3000-01-01,0,1,0,66,6+ måneder,Veteranen (Høj historik),209,0.32057416267942584,1,0,0.23444976076555024,0.48325358851674644,0.46411483253588515,209
fcfd45344b1647471f5ec6194c220c3e,375,2025-05-07,Mand,utm_campaign=Marts25&utm_content=A&utm_medium=content&utm_source=jp.dk,0,1,2,1,1,2025-03-07,2025-05-06,0,0,Andet,kunden ønsker ikke at oplyse,2025-06-06,0,1,1,72,6+ måneder,Power-brugeren (Mest mobil),431,0.2273781902552204,1,0,0.2737819025522042,0.5127610208816705,0.48259860788863107,431
fcff08f9900492e80d3bc88cd2816a0b,122,2025-06-27,Kvinde,utm_campaign=Marts25&utm_content=A&utm_medium=content&utm_source=jp.dk,0,0,0,0,0,2025-03-16,2025-05-15,1,1,Tid,Ikke tid,2025-07-15,0,1,1,65,6+ måneder,Mobil-nykommeren,19,0.5131578947368421,1,0,0.631578947368421,0,0.47368421052631576,19
fd4b17098faf5af31d4bbf9088565549,200,2025-06-24,Kvinde,utm_campaign=Marts25&utm_content=B&utm_medium=content&utm_source=jp.dk,1,1,1,1,0,2025-03-21,2025-05-20,0,0,Andet,RVS,2025-06-23,0,1,1,43,6+ måneder,Mobil-nykommeren,3,0.3333333333333333,1,0,0,0,0.6666666666666666,3
fd7c61d9b6e9f8be434088054b064ea1,1173,2025-09-14,Mand,utm_campaign=Marts25&utm_content=a&utm_medium=mail&utm_source=mail,0,1,6,2,2,2025-03-22,2025-05-21,0,0,Andet,kunden ønsker ikke at oplyse,2025-11-21,0,1,0,97,6+ måneder,Desktop-traditionalisten,141,0.5124113475177305,0,1,0.2907801418439716,0,0.6028368794326241,141
fdbd1dcf2c76001047b287ddcc44b101,380,3000-01-01,Mand,utm_campaign=Marts25&utm_content=B&utm_medium=content&utm_source=jp.dk,0,0,0,0,0,2025-03-13,2025-05-12,0,0,Ingen afmelding,Ingen afmelding,3000-01-01,0,1,0,70,6+ måneder,Mobil-nykommeren,274,0.28375912408759124,0.5437956204379562,0.4562043795620438,0.27007299270072993,0,0.5,273
fe3c45af45c15c51b4552c23672cf422,734,2025-07-12,Mand,utm_campaign=Marts25&utm_content=A&utm_medium=content&utm_source=jp.dk,0,0,2,2,0,2025-03-20,2025-05-19,2,2,Økonomi,Pris,2025-07-19,0,1,1,58,6+ måneder,Mobil-nykommeren,160,0.309375,0.76875,0.23125,0.30625,0,0.60625,160
fe66884f8c46b3489932b6d3c18e501e,383,3000-01-01,Kvinde,utm_campaign=Marts25&utm_content=A&utm_medium=content&utm_source=jp.dk,1,1,0,0,0,2025-03-10,2025-05-09,5,5,Ingen afmelding,Ingen afmelding,3000-01-01,0,1,0,73,6+ måneder,Mobil-nykommeren,93,0.47043010752688175,0.6451612903225806,0,0.5806451612903226,0,0.23655913978494625,93
fe93224d8d68377945c02f1116cda92a,389,2025-05-12,Mand,utm_campaign=Marts25&utm_content=A&utm_medium=content&utm_source=jp.dk,0,0,4,1,2,2025-03-03,2025-05-02,0,0,Produkt,Anden avis/produkt,2025-06-02,0,1,1,61,6+ måneder,Power-brugeren (Mest mobil),835,0.25359281437125747,0.9389221556886228,0.06107784431137724,0.3077844311377245,0,0.5664670658682635,835
ff7c3d8147aca626a7efaa9120e040eb,454,2025-03-10,Kvinde,utm_campaign=Marts25&utm_content=A&utm_medium=content&utm_source=jp.dk,1,1,5,3,2,2025-03-10,2025-05-09,1,1,Produkt,Redaktionelt indhold / holdning,2025-05-09,1,0,0,58,6+ måneder,Mobil-nykommeren,46,0.3858695652173913,1,0,0.2608695652173913,0,0.5217391304347826,46
ff81f902de50b4df3d8f54c395bbdea4,70,2025-05-18,Mand,,0,0,0,0,0,2025-03-20,2025-05-19,0,0,Tid,Ikke tid,2025-05-19,1,0,0,53,0-7 dage,Desktop-traditionalisten,55,0.6909090909090909,0.2727272727272727,0.7272727272727273,0.4727272727272727,0,0.8727272727272727,55
ff8d95402a130dc888f8158e5601101c,1354,2025-04-25,Mand,utm_campaign=Marts25&utm_medium=Matrice&utm_source=jp.dk,0,1,3,3,0,2025-03-14,2025-05-13,0,0,Økonomi,Pris,2025-05-13,1,0,0,49,6+ måneder,Power-brugeren (Mest mobil),1269,0.2718676122931442,0.48699763593380613,0.23246650906225375,0.26556343577620173,0.0015760441292356187,0.6020488573680063,1267
