account_active_days,subscription_cancel_date,koen,order_trackertag,permission_given_order,permission_given_today,previous_subscriptions,previous_campaigns,previous_trials,first_campaign_day,last_campaign_day,newsletters_before_order,newsletters_after_order,type,reason,expiration_date,churn,continued_subscription,early_churn,age,kundetid_gruppe
61,2025-03-28,Kvinde,utm_campaign=Marts25&utm_content=A&utm_medium=content&utm_source=jp.dk,1,1,0,0,0,2025-03-22,2025-05-21,0,0,Økonomi,Pris,2025-05-21,1,0,0,69.83013698630137,0-7 dage
377,3000-01-01,Mand,utm_campaign=Marts25&utm_content=A&utm_medium=content&utm_source=jp.dk,0,0,0,0,0,2025-03-16,2025-05-15,0,0,Ingen afmelding,Ingen afmelding,3000-01-01,0,1,0,49.87945205479452,0-7 dage
1346,2025-05-02,Mand,utm_campaign=Marts25&utm_content=b&utm_medium=mail&utm_source=mail,0,1,6,1,2,2025-03-05,2025-05-04,3,3,Andet,Ingen årsag – ingen tlf kontakt,2025-05-04,1,0,0,69.04383561643836,6+ måneder
151,2025-03-14,Mand,utm_campaign=Basis_22&utm_content=HeaderButtonRaised&utm_medium=Matrice&utm_source=jp.dk,0,0,1,1,0,2025-03-14,2025-05-13,0,0,Andet,kunden ønsker ikke at oplyse,2025-05-13,1,0,0,45.586301369863016,1-6 måneder
243,2025-07-16,Kvinde,utm_campaign=Marts25&utm_content=A&utm_medium=content&utm_source=jp.dk,0,1,1,0,1,2025-03-06,2025-05-05,0,0,Tid,Ikke tid,2025-08-05,0,1,0,78.86575342465754,6+ måneder
690,3000-01-01,Mand,utm_campaign=Marts25&utm_content=sc_a&utm_medium=mail&utm_source=mail,1,1,3,1,2,2025-03-21,2025-05-20,3,3,Ingen afmelding,Ingen afmelding,3000-01-01,0,1,0,86.75342465753425,6+ måneder
545,2025-04-18,Kvinde,utm_campaign=Marts25&utm_content=B&utm_medium=content&utm_source=jp.dk,1,1,4,1,1,2025-03-19,2025-05-18,0,0,Tid,Ikke tid,2025-05-18,1,0,0,54.72054794520548,6+ måneder
373,3000-01-01,Mand,utm_campaign=Marts25&utm_content=B&utm_medium=content&utm_source=jp.dk,0,1,0,0,0,2025-03-20,2025-05-19,0,0,Ingen afmelding,Ingen afmelding,3000-01-01,0,1,0,49.76438356164383,6+ måneder
284,2025-05-21,Mand,utm_campaign=Marts25&utm_content=a&utm_medium=mail&utm_source=mail,0,1,1,1,1,2025-03-17,2025-05-16,0,0,Andet,Ingen årsag – ingen tlf kontakt,2025-06-16,0,1,0,68.8958904109589,6+ måneder
462,2025-05-17,Mand,utm_campaign=Marts25&utm_medium=topticker&utm_source=jp.dk,0,0,1,1,0,2025-03-22,2025-05-21,0,0,Andet,kunden ønsker ikke at oplyse,2025-05-21,1,0,0,72.0986301369863,6+ måneder
80,2025-05-28,Kvinde,utm_campaign=Marts25&utm_content=A&utm_medium=content&utm_source=jp.dk,0,0,0,0,0,2025-03-10,2025-05-09,0,0,Produkt,Redaktionelt indhold / holdning,2025-06-09,0,1,0,25.26027397260274,6+ måneder
337,2026-01-22,Kvinde,utm_campaign=Marts25&utm_content=A&utm_medium=content&utm_source=jp.dk,1,1,0,0,0,2025-03-15,2025-05-14,0,0,Økonomi,Pris,2026-02-14,0,1,0,60.68493150684932,0-7 dage
480,2025-05-22,Mand,utm_campaign=Marts25&utm_content=a&utm_medium=mail&utm_source=mail,0,1,13,7,7,2025-03-05,2025-05-04,2,2,Tid,Ikke tid,2025-06-04,0,1,0,69.81095890410958,6+ måneder
275,2025-12-11,,utm_campaign=Marts25&utm_content=A&utm_medium=content&utm_source=jp.dk,1,1,0,0,0,2025-03-23,2025-05-22,0,0,Andet,kunden ønsker ikke at oplyse,2025-12-22,0,1,0,58.12328767123287,6+ måneder
376,3000-01-01,Mand,utm_campaign=Marts25&utm_content=A&utm_medium=content&utm_source=jp.dk,0,0,0,0,0,2025-03-17,2025-05-16,0,0,Ingen afmelding,Ingen afmelding,3000-01-01,0,1,0,54.87671232876713,0-7 dage
124,2025-03-06,Mand,utm_campaign=Biler&utm_content=2025-03-05&utm_medium=email&utm_source=jp,0,1,1,1,1,2025-03-05,2025-05-04,6,6,Økonomi,Pris,2025-05-04,1,0,0,71.18630136986302,6+ måneder
275,2025-11-10,Mand,utm_campaign=Marts25&utm_content=A&utm_medium=content&utm_source=jp.dk,0,0,0,0,0,2025-03-10,2025-05-09,0,0,Økonomi,Pris,2025-12-09,0,1,0,29.15890410958904,0-7 dage
61,2025-04-07,Mand,utm_campaign=Marts25&utm_content=A&utm_medium=content&utm_source=jp.dk,0,0,0,0,0,2025-03-07,2025-05-06,0,0,Produkt,Redaktionelt indhold / holdning,2025-05-06,1,0,0,34.83013698630137,6+ måneder
95,2025-06-23,Mand,utm_campaign=Marts25&utm_content=sc_a&utm_medium=mail&utm_source=mail,0,1,0,0,0,2025-03-21,2025-05-20,0,0,Andet,Ingen årsag – ingen tlf kontakt,2025-06-23,0,1,0,51.21643835616438,0-7 dage
811,3000-01-01,Mand,utm_campaign=Marts25&utm_content=A&utm_medium=content&utm_source=jp.dk,0,1,2,2,0,2025-03-09,2025-05-08,0,0,Ingen afmelding,Ingen afmelding,3000-01-01,0,1,0,52.56986301369863,6+ måneder
899,3000-01-01,Mand,utm_campaign=Marts25&utm_content=B&utm_medium=content&utm_source=jp.dk,0,1,5,2,3,2025-03-08,2025-05-07,3,3,Ingen afmelding,Ingen afmelding,3000-01-01,0,1,0,56.74520547945205,6+ måneder
306,2026-01-20,Mand,utm_campaign=Basis_22&utm_content=App_android&utm_medium=Matrice&utm_source=App,1,1,0,0,0,2025-03-23,2025-05-22,0,0,Økonomi,Pris,2026-01-22,0,1,0,59.12876712328767,0-7 dage
470,2025-04-29,Mand,utm_campaign=Marts25&utm_content=b&utm_medium=mail&utm_source=mail,1,1,6,3,2,2025-03-06,2025-05-05,0,0,Tid,Ikke tid,2025-05-05,1,0,0,74.94246575342466,6+ måneder
159,2025-03-17,Kvinde,utm_campaign=Marts25&utm_content=A&utm_medium=content&utm_source=jp.dk,1,1,2,2,1,2025-03-09,2025-05-08,0,0,Produkt,Redaktionelt indhold / holdning,2025-05-08,1,0,0,55.93150684931507,6+ måneder
61,2025-03-13,Kvinde,utm_campaign=Marts25&utm_content=A&utm_medium=content&utm_source=jp.dk,0,0,0,0,0,2025-03-06,2025-05-05,0,0,Produkt,Redaktionelt indhold / holdning,2025-05-05,1,0,0,55.95068493150685,6+ måneder
372,3000-01-01,Mand,utm_campaign=Marts25&utm_medium=Weblayer&utm_source=jp.dk,0,0,0,0,0,2025-03-21,2025-05-20,4,5,Ingen afmelding,Ingen afmelding,3000-01-01,0,1,0,60.15068493150685,6+ måneder
634,2025-10-13,Mand,utm_campaign=Marts25&utm_content=b&utm_medium=mail&utm_source=mail,1,1,1,1,0,2025-03-05,2025-05-04,0,0,Tid,Ikke tid,2025-11-04,0,1,0,77.30958904109589,6+ måneder
337,2026-02-02,,utm_campaign=Marts25&utm_content=A&utm_medium=content&utm_source=jp.dk,0,0,0,0,0,2025-03-16,2025-05-15,0,0,Tid,Ikke tid,2026-02-15,0,1,0,35.2,0-7 dage
619,2025-05-27,Mand,utm_campaign=Marts25&utm_medium=Matrice&utm_source=jp.dk,0,1,3,2,0,2025-03-09,2025-05-08,0,0,Andet,Ingen årsag – ingen tlf kontakt,2025-05-26,0,1,1,60.92328767123288,6+ måneder
149,2025-08-13,Kvinde,utm_campaign=Basis_22&utm_content=HeaderButtonRaised&utm_medium=Matrice&utm_source=jp.dk,0,0,0,0,0,2025-03-17,2025-05-16,0,0,Andet,Administrativt,2025-08-12,0,1,0,71.06027397260274,0-7 dage
17,2025-03-21,Mand,utm_campaign=Basis_22&utm_content=HeaderButtonRaised&utm_medium=Matrice&utm_source=jp.dk,1,1,0,0,0,2025-03-11,2025-03-20,0,0,Digitalt,Tekniske problemer (kunde),2025-03-20,1,0,0,70.96164383561644,6+ måneder
501,2026-02-10,Kvinde,utm_campaign=Marts25&utm_content=b&utm_medium=mail&utm_source=mail,0,1,1,1,0,2025-03-05,2025-05-04,0,0,Økonomi,Pris,2026-03-04,0,1,0,54.57808219178082,6+ måneder
1145,2025-11-25,Mand,utm_campaign=Marts25&utm_content=B&utm_medium=content&utm_source=jp.dk,1,1,7,6,1,2025-03-04,2025-05-03,2,2,Tid,Ikke tid,2025-12-03,0,1,0,56.19178082191781,6+ måneder
153,2025-08-12,Kvinde,utm_campaign=Basis_22&utm_content=MegaMenu&utm_medium=Matrice&utm_source=jp.dk,1,1,0,0,0,2025-03-16,2025-05-15,0,0,Tid,Ikke tid,2025-08-15,0,1,0,69.17260273972603,6+ måneder
1091,3000-01-01,Mand,utm_campaign=Marts25&utm_content=a&utm_medium=mail&utm_source=mail,0,1,11,6,4,2025-03-05,2025-05-04,1,1,Ingen afmelding,Ingen afmelding,3000-01-01,0,1,0,69.99178082191781,6+ måneder
61,2025-04-02,Kvinde,utm_campaign=Marts25&utm_content=A&utm_medium=content&utm_source=jp.dk,0,1,0,0,0,2025-03-18,2025-05-17,0,0,Andet,kunden ønsker ikke at oplyse,2025-05-17,1,0,0,39.895890410958906,6+ måneder
275,2025-12-02,Kvinde,utm_campaign=Basis_22&utm_content=HeaderButtonRaised&utm_medium=Matrice&utm_source=jp.dk,0,0,0,0,0,2025-03-04,2025-05-03,0,0,Tid,Ikke tid,2025-12-03,0,1,0,59.534246575342465,6+ måneder
372,2025-06-23,Mand,utm_campaign=Marts25&utm_content=sc_a&utm_medium=mail&utm_source=mail,1,1,3,1,2,2025-03-21,2025-05-20,0,0,Tid,Ikke tid,2025-06-22,0,1,0,89.5013698630137,6+ måneder
507,2025-05-19,Mand,utm_campaign=Marts25&utm_content=sc_a&utm_medium=mail&utm_source=mail,0,1,14,7,9,2025-03-22,2025-05-21,0,0,Tid,Ikke tid,2025-05-21,1,0,0,82.09041095890412,6+ måneder
61,2025-03-18,Kvinde,utm_campaign=Basis_22&utm_content=HeaderButtonRaised&utm_medium=Matrice&utm_source=jp.dk,1,1,0,0,0,2025-03-09,2025-05-08,0,0,Tid,Ikke tid,2025-05-08,1,0,0,62.26575342465753,6+ måneder
344,2026-02-15,Kvinde,utm_campaign=Marts25&utm_content=A&utm_medium=content&utm_source=jp.dk,0,0,1,0,1,2025-03-21,2025-05-20,0,0,Tid,Ikke tid,2026-02-20,0,1,0,59.106849315068494,6+ måneder
427,2025-05-09,Mand,utm_campaign=Marts25&utm_content=sc_a&utm_medium=mail&utm_source=mail,0,1,4,2,2,2025-03-21,2025-05-20,0,0,Produkt,Anden avis/produkt,2025-05-20,1,0,0,63.446575342465756,6+ måneder
399,2025-05-14,Kvinde,utm_campaign=Nyhedsoverblik+11.00&utm_content=2025-03-18&utm_medium=email&utm_source=jp,1,1,4,3,2,2025-03-18,2025-05-17,1,1,Tid,Ikke tid,2025-05-17,1,0,0,66.98904109589041,6+ måneder
122,2025-05-05,Kvinde,utm_campaign=Marts25&utm_content=A&utm_medium=content&utm_source=jp.dk,0,0,0,0,0,2025-03-16,2025-05-15,1,1,Tid,Ikke tid,2025-07-15,0,1,0,64.71232876712328,6+ måneder
1523,3000-01-01,Kvinde,utm_campaign=Marts25&utm_content=A&utm_medium=content&utm_source=jp.dk,1,1,9,3,5,2025-03-12,2025-05-11,5,5,Ingen afmelding,Ingen afmelding,3000-01-01,0,1,0,53.364383561643834,6+ måneder
61,2025-05-14,Kvinde,utm_campaign=Marts25&utm_content=A&utm_medium=content&utm_source=jp.dk,0,0,0,0,0,2025-03-17,2025-05-16,0,0,Produkt,Redaktionelt indhold / holdning,2025-05-16,1,0,0,35.35342465753425,0-7 dage
378,2025-10-31,Mand,utm_campaign=Basis_22&utm_content=HeaderButtonRaised&utm_medium=Matrice&utm_source=jp.dk,1,1,1,1,0,2025-03-11,2025-05-10,0,2,Produkt,Redaktionelt indhold / holdning,2025-11-10,0,1,0,70.3890410958904,1-6 måneder
218,2025-04-28,Mand,utm_campaign=Marts25&utm_content=A&utm_medium=content&utm_source=jp.dk,0,1,4,2,1,2025-03-06,2025-05-05,0,0,Produkt,Redaktionelt indhold / holdning,2025-05-05,1,0,0,46.87945205479452,6+ måneder
245,2025-08-20,Mand,utm_campaign=tilmeld_knap&utm_medium=FB_side&utm_source=FB,1,0,0,0,0,2025-03-06,2025-05-05,0,0,Andet,kunden ønsker ikke at oplyse,2025-11-05,0,1,0,67.30958904109589,0-7 dage
177,2025-03-11,Mand,utm_campaign=Marts25&utm_content=B&utm_medium=content&utm_source=jp.dk,0,1,4,1,2,2025-03-11,2025-05-10,0,0,Produkt,Redaktionelt indhold / holdning,2025-05-10,1,0,0,74.85753424657534,6+ måneder
1171,2025-06-22,Kvinde,utm_campaign=Marts25&utm_medium=topticker&utm_source=jp.dk,0,1,15,9,5,2025-03-11,2025-05-10,0,0,Økonomi,Pris,2025-07-10,0,1,0,57.0027397260274,6+ måneder
153,2025-03-15,Kvinde,utm_campaign=Basis_22&utm_content=HeaderButtonRaised&utm_medium=Matrice&utm_source=jp.dk,0,0,0,0,0,2025-03-15,2025-05-14,0,0,Produkt,Redaktionelt indhold / holdning,2025-05-14,1,0,0,42.42191780821918,0-7 dage
61,2025-03-04,Kvinde,utm_campaign=Marts25&utm_content=A&utm_medium=content&utm_source=jp.dk,0,0,0,0,0,2025-03-04,2025-05-03,0,0,Andet,kunden ønsker ikke at oplyse,2025-05-03,1,0,0,33.11232876712329,6+ måneder
280,2025-08-01,Kvinde,utm_campaign=Marts25&utm_content=a&utm_medium=mail&utm_source=mail,1,1,1,0,0,2025-03-05,2025-05-04,0,0,Tid,Ikke tid,2025-08-04,0,1,0,75.7972602739726,6+ måneder
798,2025-06-01,Mand,utm_campaign=Marts25&utm_content=sc_b&utm_medium=mail&utm_source=mail,1,1,7,4,3,2025-03-21,2025-05-20,0,0,Tid,Ikke tid,2025-06-20,0,1,0,68.92054794520548,6+ måneder
615,2025-05-26,Mand,utm_campaign=Marts25&utm_content=sc_a&utm_medium=mail&utm_source=mail,0,1,11,8,5,2025-03-21,2025-05-20,0,1,Tid,Ikke tid,2025-06-20,0,1,0,57.4986301369863,6+ måneder
1216,3000-01-01,Mand,utm_campaign=Marts25&utm_content=sc_a&utm_medium=mail&utm_source=mail,0,1,9,3,6,2025-03-23,2025-05-22,0,0,Ingen afmelding,Ingen afmelding,3000-01-01,0,1,0,43.772602739726025,6+ måneder
370,3000-01-01,Mand,utm_campaign=Marts25&utm_content=B&utm_medium=content&utm_source=jp.dk,0,0,0,0,0,2025-03-23,2025-05-22,0,0,Ingen afmelding,Ingen afmelding,3000-01-01,0,1,0,38.397260273972606,0-7 dage
61,2025-04-12,Kvinde,utm_campaign=Marts25&utm_content=A&utm_medium=content&utm_source=jp.dk,0,0,0,0,0,2025-03-22,2025-05-21,0,0,Produkt,Redaktionelt indhold / holdning,2025-05-21,1,0,0,63.87123287671233,0-7 dage
219,2025-10-27,Mand,utm_campaign=Marts25&utm_content=sc_a&utm_medium=mail&utm_source=mail,1,1,0,0,0,2025-03-22,2025-05-21,4,4,Tid,Ikke tid,2025-10-26,0,1,0,72.83013698630137,6+ måneder
61,2025-03-11,Kvinde,utm_campaign=Marts25&utm_content=A&utm_medium=content&utm_source=jp.dk,0,0,0,0,0,2025-03-10,2025-05-09,0,0,Tid,Ikke tid,2025-05-09,1,0,0,20.49041095890411,0-7 dage
61,2025-04-02,Mand,utm_campaign=Marts25&utm_content=A&utm_medium=content&utm_source=jp.dk,0,0,0,0,0,2025-03-16,2025-05-15,0,0,Produkt,Redaktionelt indhold / holdning,2025-05-15,1,0,0,20.55068493150685,0-7 dage
1424,2025-03-17,Mand,utm_campaign=Marts25&utm_content=A&utm_medium=content&utm_source=jp.dk,0,0,20,11,2,2025-03-17,2025-05-16,0,0,Andet,kunden ønsker ikke at oplyse,2025-05-16,1,0,0,33.66575342465753,6+ måneder
306,2026-01-04,,utm_campaign=Basis_22&utm_content=HeaderButtonRaised&utm_medium=Matrice&utm_source=jp.dk,1,1,0,0,0,2025-03-10,2025-05-09,0,0,Andet,kunden ønsker ikke at oplyse,2026-01-09,0,1,0,40.76986301369863,0-7 dage
591,2025-04-20,Mand,utm_campaign=&utm_content=genbesog_JP_digital&utm_medium=ppc&utm_source=adwords&utm_term=jp+abonnement+tilbud,1,1,3,3,0,2025-03-15,2025-05-14,3,4,Produkt,Redaktionelt indhold / holdning,2025-05-14,1,0,0,68.96712328767123,6+ måneder
1521,2025-03-27,Mand,utm_campaign=Marts25&utm_content=sc_a&utm_medium=mail&utm_source=mail,0,1,3,2,0,2025-03-22,2025-03-26,3,3,Salg,Annulleret køb,2025-03-26,1,0,0,81.81643835616438,6+ måneder
1818,3000-01-01,Mand,utm_campaign=Marts25&utm_content=sc_a&utm_medium=mail&utm_source=mail,1,1,24,7,13,2025-03-21,2025-05-20,4,4,Ingen afmelding,Ingen afmelding,3000-01-01,0,1,0,76.77534246575343,6+ måneder
61,2025-03-11,Kvinde,utm_campaign=Marts25&utm_content=A&utm_medium=content&utm_source=jp.dk,0,0,0,0,0,2025-03-09,2025-05-08,0,0,Andet,Ingen årsag – ingen tlf kontakt,2025-05-08,1,0,0,52.66027397260274,6+ måneder
61,2025-03-23,Kvinde,utm_campaign=Marts25&utm_content=A&utm_medium=content&utm_source=jp.dk,0,0,0,0,0,2025-03-22,2025-05-21,0,0,Produkt,Redaktionelt indhold / holdning,2025-05-21,1,0,0,48.463013698630135,0-7 dage
382,3000-01-01,Mand,utm_campaign=Marts25&utm_content=A&utm_medium=content&utm_source=jp.dk,0,0,0,0,0,2025-03-11,2025-05-10,0,0,Ingen afmelding,Ingen afmelding,3000-01-01,0,1,0,61.62739726027397,0-7 dage
65,2025-03-17,Kvinde,utm_campaign=Marts25&utm_content=b&utm_medium=mail&utm_source=mail,1,0,0,0,0,2025-03-07,2025-05-06,0,0,Tid,Ikke tid,2025-05-06,1,0,0,77.98904109589041,6+ måneder
387,2025-04-02,Kvinde,utm_campaign=Marts25&utm_content=sc_a&utm_medium=mail&utm_source=mail,1,0,4,2,2,2025-03-21,2025-05-20,0,0,Andet,Ingen årsag – ingen tlf kontakt,2025-05-20,1,0,0,62.64657534246575,6+ måneder
120,2025-05-17,Kvinde,utm_campaign=Marts25&utm_content=A&utm_medium=content&utm_source=jp.dk,0,1,0,0,0,2025-03-11,2025-05-10,0,0,Tid,Ikke tid,2025-06-10,0,1,0,62.76712328767123,6+ måneder
471,2025-08-25,Mand,utm_campaign=Marts25&utm_content=sc_a&utm_medium=mail&utm_source=mail,1,1,3,1,0,2025-03-21,2025-05-20,0,0,Tid,Ikke tid,2025-09-20,0,1,0,67.23561643835616,6+ måneder
82,2025-05-19,,utm_campaign=Marts25&utm_content=B&utm_medium=content&utm_source=jp.dk,0,0,1,0,1,2025-03-22,2025-05-21,0,0,Andet,Ingen årsag – ingen tlf kontakt,2025-05-21,1,0,0,53.38082191780822,6+ måneder
707,2025-03-18,Kvinde,utm_campaign=Marts25&utm_content=A&utm_medium=content&utm_source=jp.dk,0,0,11,9,3,2025-03-18,2025-05-17,0,0,Andet,kunden ønsker ikke at oplyse,2025-05-17,1,0,0,46.83561643835616,6+ måneder
61,2025-03-25,Mand,utm_campaign=Marts25&utm_content=A&utm_medium=content&utm_source=jp.dk,0,0,0,0,0,2025-03-10,2025-05-09,0,0,Tid,Ikke tid,2025-05-09,1,0,0,47.18356164383562,6+ måneder
245,2025-11-07,Kvinde,utm_campaign=Marts25&utm_content=B&utm_medium=content&utm_source=jp.dk,1,1,0,0,0,2025-03-10,2025-05-09,0,0,Tid,Ikke tid,2025-11-09,0,1,0,62.983561643835614,0-7 dage
344,2025-06-28,Kvinde,utm_campaign=Marts25&utm_content=b&utm_medium=mail&utm_source=mail,1,1,3,2,1,2025-03-05,2025-05-04,0,0,Tid,Ikke tid,2025-07-04,0,1,0,71.01095890410959,6+ måneder
61,2025-04-22,Mand,utm_campaign=Basis_22&utm_content=HeaderButtonRaised&utm_medium=Matrice&utm_source=jp.dk,0,0,0,0,0,2025-03-11,2025-05-10,0,0,Produkt,Anden avis/produkt,2025-05-10,1,0,0,59.276712328767125,0-7 dage
373,2025-12-27,Mand,utm_campaign=Marts25&utm_medium=Weblayer&utm_source=jp.dk,0,0,0,0,0,2025-03-20,2025-05-19,0,0,Økonomi,Pris,2026-01-19,0,1,0,56.54246575342466,0-7 dage
245,2025-06-11,Mand,utm_campaign=Basis_22&utm_content=HeaderButtonRaised&utm_medium=Matrice&utm_source=jp.dk,1,0,0,0,0,2025-03-21,2025-05-20,0,0,Tid,Ikke tid,2025-11-20,0,1,0,55.28219178082192,0-7 dage
589,2026-02-10,Mand,utm_campaign=Marts25&utm_content=b&utm_medium=mail&utm_source=mail,0,1,4,3,2,2025-03-07,2025-05-06,0,0,Økonomi,Pris,2026-08-06,0,1,0,70.90958904109588,6+ måneder
278,2025-09-24,Mand,utm_campaign=Marts25&utm_content=sc_a&utm_medium=mail&utm_source=mail,1,1,1,1,0,2025-03-21,2025-05-20,6,7,Andet,RVS,2025-09-23,0,1,0,69.38082191780822,6+ måneder
230,2025-04-28,Kvinde,utm_campaign=Marts25&utm_content=B&utm_medium=content&utm_source=jp.dk,0,0,0,0,0,2025-03-13,2025-05-12,0,0,Tid,Ikke tid,2025-05-12,1,0,0,55.56438356164384,6+ måneder
61,2025-04-14,Mand,utm_campaign=Basis_22&utm_content=HeaderButtonRaised&utm_medium=Matrice&utm_source=jp.dk,0,0,0,0,0,2025-03-05,2025-05-04,0,0,Andet,kunden ønsker ikke at oplyse,2025-05-04,1,0,0,50.47123287671233,0-7 dage
362,2026-03-16,Mand,utm_campaign=Basis_22&utm_content=HeaderButtonRaised&utm_medium=Matrice&utm_source=jp.dk,1,1,0,0,0,2025-03-19,2025-05-18,0,0,Ingen afmelding,Ingen afmelding,3000-01-01,0,1,0,69.17808219178082,6+ måneder
92,2025-06-10,Mand,utm_campaign=Marts25&utm_content=B&utm_medium=content&utm_source=jp.dk,1,1,0,0,0,2025-03-10,2025-05-09,0,0,Andet,Ingen årsag – ingen tlf kontakt,2025-06-09,0,1,0,41.701369863013696,0-7 dage
258,2025-04-12,Mand,utm_campaign=Basis_22&utm_content=HeaderButtonRaised&utm_medium=Matrice&utm_source=jp.dk,1,0,2,2,0,2025-03-11,2025-05-10,0,2,Økonomi,Pris,2025-05-10,1,0,0,81.7013698630137,6+ måneder
271,2025-05-28,Mand,utm_campaign=Marts25&utm_content=A&utm_medium=content&utm_source=jp.dk,0,1,0,0,0,2025-03-23,2025-05-22,3,3,Tid,Ikke tid,2025-06-22,0,1,0,71.74246575342465,6+ måneder
1580,2025-09-11,Mand,utm_campaign=Basis_22&utm_content=HeaderButtonRaised&utm_medium=Matrice&utm_source=jp.dk,1,1,5,2,0,2025-03-11,2025-05-10,0,0,Tid,Ikke tid,2025-11-10,0,1,0,42.02191780821918,6+ måneder
684,2025-11-12,Mand,utm_campaign=Marts25&utm_content=A&utm_medium=content&utm_source=jp.dk,0,0,3,3,0,2025-03-09,2025-05-08,0,0,Tid,Ikke tid,2025-12-08,0,1,0,52.24109589041096,6+ måneder
374,2025-10-29,Mand,utm_campaign=Marts25&utm_content=b&utm_medium=mail&utm_source=mail,1,1,3,1,2,2025-03-05,2025-05-04,2,2,Tid,Ikke tid,2025-11-04,0,1,0,56.74794520547945,6+ måneder
1013,3000-01-01,Mand,utm_campaign=Marts25&utm_content=B&utm_medium=content&utm_source=jp.dk,0,0,4,3,0,2025-03-20,2025-05-19,0,0,Ingen afmelding,Ingen afmelding,3000-01-01,0,1,0,67.35068493150685,6+ måneder
618,3000-01-01,Mand,utm_campaign=Marts25&utm_medium=Matrice&utm_source=jp.dk,0,0,2,2,0,2025-03-18,2025-05-17,0,0,Ingen afmelding,Ingen afmelding,3000-01-01,0,1,0,48.153424657534245,6+ måneder
382,2026-03-24,Mand,utm_campaign=Marts25&utm_content=A&utm_medium=content&utm_source=jp.dk,1,1,0,0,0,2025-03-11,2025-05-10,0,0,Ingen afmelding,Ingen afmelding,3000-01-01,0,1,0,48.81095890410959,0-7 dage
61,2025-04-02,Kvinde,utm_campaign=Marts25&utm_content=B&utm_medium=content&utm_source=jp.dk,0,0,0,0,0,2025-03-13,2025-05-12,0,0,Tid,Ikke tid,2025-05-12,1,0,0,65.59452054794521,0-7 dage
1210,2025-03-14,Mand,utm_campaign=Basis_22&utm_content=HeaderButtonRaised&utm_medium=Matrice&utm_source=jp.dk,0,0,3,1,1,2025-03-05,2025-05-04,1,1,Tid,Ikke tid,2025-05-04,1,0,0,62.224657534246575,6+ måneder
488,2025-04-08,Mand,utm_campaign=Basis_22&utm_content=HeaderButtonRaised&utm_medium=Matrice&utm_source=jp.dk,0,1,6,2,4,2025-03-21,2025-05-20,0,0,Tid,Ikke tid,2025-05-20,1,0,0,74.66027397260274,6+ måneder
1193,2025-03-24,Mand,utm_campaign=Marts25&utm_content=sc_a&utm_medium=mail&utm_source=mail,1,1,3,2,1,2025-03-21,2025-05-20,0,0,Andet,Administrativt,2025-05-20,1,0,0,77.67671232876712,6+ måneder
61,2025-03-15,Kvinde,utm_campaign=Marts25&utm_content=A&utm_medium=content&utm_source=jp.dk,0,0,0,0,0,2025-03-15,2025-05-14,0,0,Produkt,Redaktionelt indhold / holdning,2025-05-14,1,0,0,47.02191780821918,0-7 dage
373,3000-01-01,Mand,utm_campaign=Marts25&utm_medium=Weblayer&utm_source=jp.dk,1,1,0,0,0,2025-03-20,2025-05-19,0,0,Ingen afmelding,Ingen afmelding,3000-01-01,0,1,0,50.673972602739724,6+ måneder
186,2025-05-26,Mand,utm_campaign=Marts25&utm_content=sc_b&utm_medium=mail&utm_source=mail,0,1,6,2,6,2025-03-23,2025-05-22,2,4,Tid,Ikke tid,2025-05-26,0,1,1,76.08219178082192,6+ måneder
454,2025-03-10,Kvinde,utm_campaign=Marts25&utm_content=A&utm_medium=content&utm_source=jp.dk,1,1,5,3,2,2025-03-10,2025-05-09,1,1,Produkt,Redaktionelt indhold / holdning,2025-05-09,1,0,0,58.37808219178082,6+ måneder
276,2025-06-26,Mand,utm_campaign=Marts25&utm_content=A&utm_medium=content&utm_source=jp.dk,0,0,1,1,0,2025-03-19,2025-05-18,0,0,Andet,kunden ønsker ikke at oplyse,2025-07-18,0,1,0,51.23561643835617,6+ måneder
530,2025-05-02,Mand,utm_campaign=Marts25&utm_content=a&utm_medium=mail&utm_source=mail,0,1,3,3,0,2025-03-05,2025-05-04,0,0,Tid,Ikke tid,2025-05-04,1,0,0,75.31232876712329,6+ måneder
371,3000-01-01,Mand,utm_campaign=Marts25&utm_medium=topticker&utm_source=jp.dk,0,0,0,0,0,2025-03-22,2025-05-21,0,0,Ingen afmelding,Ingen afmelding,3000-01-01,0,1,0,52.53972602739726,0-7 dage
774,2025-04-22,Mand,utm_campaign=Marts25&utm_content=sc_b&utm_medium=mail&utm_source=mail,0,1,4,2,1,2025-03-22,2025-05-21,0,0,Tid,Ikke tid,2025-05-21,1,0,0,65.86301369863014,6+ måneder
341,2025-06-08,Mand,utm_campaign=Marts25&utm_content=B&utm_medium=content&utm_source=jp.dk,0,1,3,2,0,2025-03-08,2025-05-07,6,6,Produkt,Anden avis/produkt,2025-07-07,0,1,0,59.47397260273973,6+ måneder
758,2025-03-07,Kvinde,utm_campaign=Marts25&utm_content=b&utm_medium=mail&utm_source=mail,0,1,9,5,4,2025-03-06,2025-05-05,0,0,Andet,Ingen årsag – ingen tlf kontakt,2025-05-05,1,0,0,53.00547945205479,0-7 dage
373,3000-01-01,Mand,utm_campaign=Basis_22&utm_content=HeaderButtonRaised&utm_medium=Matrice&utm_source=jp.dk,0,1,0,0,0,2025-03-20,2025-05-19,0,0,Ingen afmelding,Ingen afmelding,3000-01-01,0,1,0,26.172602739726027,0-7 dage
61,2025-05-12,Mand,utm_campaign=Basis_22&utm_content=HeaderButtonRaised&utm_medium=Matrice&utm_source=jp.dk,1,1,0,0,0,2025-03-14,2025-05-13,0,0,Tid,Ikke tid,2025-05-13,1,0,0,59.78630136986301,0-7 dage
394,3000-01-01,Mand,utm_campaign=Marts25&utm_content=B&utm_medium=content&utm_source=jp.dk,0,0,1,0,1,2025-03-13,2025-05-12,0,0,Ingen afmelding,Ingen afmelding,3000-01-01,0,1,0,60.11780821917808,6+ måneder
788,2025-09-03,Mand,utm_campaign=Marts25&utm_content=sc_a&utm_medium=mail&utm_source=mail,1,1,9,7,3,2025-03-21,2025-05-20,3,3,Tid,Ikke tid,2025-09-20,0,1,0,69.16164383561645,6+ måneder
598,2025-12-13,Mand,utm_campaign=Marts25&utm_content=b&utm_medium=mail&utm_source=mail,0,1,3,3,1,2025-03-05,2025-05-04,8,8,Økonomi,Pris,2026-01-05,0,1,0,70.40273972602739,6+ måneder
122,2025-06-23,Mand,utm_campaign=Marts25&utm_content=A&utm_medium=content&utm_source=jp.dk,1,1,0,0,0,2025-03-05,2025-05-04,0,0,Produkt,Redaktionelt indhold / holdning,2025-07-04,0,1,0,21.942465753424656,0-7 dage
333,2025-12-15,Mand,utm_campaign=&utm_content=genbesog_JP_digital&utm_medium=ppc&utm_source=adwords&utm_term=abonnement+jyllands-posten,1,1,0,0,0,2025-03-08,2025-05-07,2,2,Økonomi,Pris,2026-01-07,0,1,0,74.77534246575343,6+ måneder
92,2025-05-09,Mand,utm_campaign=Basis_22&utm_content=HeaderButtonRaised&utm_medium=Matrice&utm_source=jp.dk,0,0,0,0,0,2025-03-07,2025-05-06,0,0,Tid,Ikke tid,2025-06-06,0,1,0,55.92602739726028,0-7 dage
667,2025-04-27,Mand,utm_campaign=Marts25&utm_medium=topticker&utm_source=jp.dk,0,0,8,4,3,2025-03-11,2025-05-10,0,0,Andet,kunden ønsker ikke at oplyse,2025-05-10,1,0,0,64.97260273972603,6+ måneder
61,2025-03-12,Mand,utm_campaign=Marts25&utm_content=B&utm_medium=content&utm_source=jp.dk,0,0,0,0,0,2025-03-11,2025-05-10,0,0,Økonomi,Pris,2025-05-10,1,0,0,56.73424657534247,0-7 dage
918,2025-05-09,Kvinde,utm_campaign=Marts25&utm_content=B&utm_medium=content&utm_source=jp.dk,0,1,2,2,1,2025-03-21,2025-05-20,0,0,Tid,Ikke tid,2025-05-20,1,0,0,55.58904109589041,6+ måneder
373,3000-01-01,Mand,utm_campaign=Marts25&utm_content=A&utm_medium=content&utm_source=jp.dk,1,1,0,0,0,2025-03-20,2025-05-19,0,0,Ingen afmelding,Ingen afmelding,3000-01-01,0,1,0,68.76712328767124,0-7 dage
375,3000-01-01,Mand,utm_campaign=6633873029252&utm_content=6633873029452&utm_medium=paid&utm_source=fb_paid&utm_term=hommelhoff_reel,1,1,0,0,0,2025-03-18,2025-05-17,0,0,Ingen afmelding,Ingen afmelding,3000-01-01,0,1,0,60.52328767123288,6+ måneder
622,2025-06-02,Mand,utm_campaign=Marts25&utm_content=B&utm_medium=content&utm_source=jp.dk,0,1,1,1,0,2025-03-14,2025-05-13,0,0,Andet,kunden ønsker ikke at oplyse,2025-06-13,0,1,0,70.86575342465754,6+ måneder
1083,2025-09-26,Mand,utm_campaign=Marts25&utm_content=sc_a&utm_medium=mail&utm_source=mail,0,1,6,6,1,2025-03-21,2025-05-20,0,2,Tid,Ikke tid,2025-10-20,0,1,0,72.95342465753424,6+ måneder
567,2025-07-19,Mand,utm_campaign=Marts25&utm_content=sc_b&utm_medium=mail&utm_source=mail,0,1,5,5,1,2025-03-21,2025-05-20,6,6,Andet,kunden ønsker ikke at oplyse,2025-07-20,0,1,0,77.00821917808219,6+ måneder
277,2025-12-10,Mand,utm_campaign=Marts25&utm_content=A&utm_medium=content&utm_source=jp.dk,0,0,0,0,0,2025-03-08,2025-05-07,0,0,Andet,RVS,2025-12-09,0,1,0,58.24383561643835,6+ måneder
89,2025-03-10,Kvinde,utm_campaign=Marts25&utm_content=B&utm_medium=content&utm_source=jp.dk,0,1,0,0,0,2025-03-10,2025-05-09,0,0,Produkt,Redaktionelt indhold / holdning,2025-05-09,1,0,0,31.493150684931507,0-7 dage
411,2025-12-18,Mand,utm_campaign=Marts25&utm_content=b&utm_medium=mail&utm_source=mail,0,1,1,1,0,2025-03-06,2025-05-05,0,0,Økonomi,Pris,2026-01-05,0,1,0,43.397260273972606,6+ måneder
384,3000-01-01,Mand,utm_campaign=Marts25&utm_content=B&utm_medium=content&utm_source=jp.dk,1,0,0,0,0,2025-03-09,2025-05-08,0,0,Ingen afmelding,Ingen afmelding,3000-01-01,0,1,0,82.47123287671234,6+ måneder
693,2025-05-20,Mand,utm_campaign=Marts25&utm_content=A&utm_medium=content&utm_source=jp.dk,1,1,4,3,1,2025-03-21,2025-05-20,0,0,Andet,Ingen årsag – ingen tlf kontakt,2025-05-20,1,0,0,70.03561643835616,6+ måneder
968,2025-12-09,Mand,utm_campaign=Marts25&utm_content=a&utm_medium=mail&utm_source=mail,1,1,2,1,0,2025-03-05,2025-05-04,0,0,Tid,Ikke tid,2026-01-04,0,1,0,73.27945205479452,6+ måneder
2208,3000-01-01,Mand,utm_campaign=Marts25&utm_content=A&utm_medium=content&utm_source=jp.dk,0,1,13,4,3,2025-03-04,2025-05-03,15,16,Ingen afmelding,Ingen afmelding,3000-01-01,0,1,0,70.56712328767124,6+ måneder
389,3000-01-01,Mand,utm_campaign=Marts25&utm_content=B&utm_medium=content&utm_source=jp.dk,0,0,0,0,0,2025-03-04,2025-05-03,2,2,Ingen afmelding,Ingen afmelding,3000-01-01,0,1,0,71.92328767123287,6+ måneder
809,2025-04-12,Mand,utm_campaign=Marts25&utm_medium=topticker&utm_source=jp.dk,0,1,5,3,1,2025-03-11,2025-05-10,1,1,Tid,Ikke tid,2025-05-10,1,0,0,53.12328767123287,6+ måneder
61,2025-05-12,Mand,utm_campaign=Marts25&utm_content=B&utm_medium=content&utm_source=jp.dk,0,0,0,0,0,2025-03-21,2025-05-20,0,0,Produkt,Redaktionelt indhold / holdning,2025-05-20,1,0,0,48.57808219178082,6+ måneder
372,3000-01-01,Kvinde,utm_campaign=Marts25&utm_content=B&utm_medium=content&utm_source=jp.dk,0,1,0,0,0,2025-03-21,2025-05-20,0,2,Ingen afmelding,Ingen afmelding,3000-01-01,0,1,0,64.33150684931506,1-6 måneder
92,2025-06-01,Mand,utm_campaign=Marts25&utm_medium=topticker&utm_source=jp.dk,0,1,0,0,0,2025-03-23,2025-05-22,0,0,Produkt,Anden avis/produkt,2025-06-22,0,1,0,65.81369863013698,6+ måneder
359,2025-05-08,Mand,utm_campaign=Marts25&utm_content=b&utm_medium=mail&utm_source=mail,1,1,2,2,0,2025-03-16,2025-05-15,0,0,Produkt,Redaktionelt indhold / holdning,2025-05-15,1,0,0,82.94246575342466,6+ måneder
61,2025-03-22,Kvinde,utm_campaign=Marts25&utm_content=A&utm_medium=content&utm_source=jp.dk,0,0,0,0,0,2025-03-21,2025-05-20,0,0,Andet,kunden ønsker ikke at oplyse,2025-05-20,1,0,0,33.46849315068493,6+ måneder
720,3000-01-01,Mand,utm_campaign=Marts25&utm_content=A&utm_medium=content&utm_source=jp.dk,0,1,1,1,0,2025-03-10,2025-05-09,0,0,Ingen afmelding,Ingen afmelding,3000-01-01,0,1,0,62.74246575342466,6+ måneder
921,2025-06-05,Mand,utm_campaign=Marts25&utm_medium=Weblayer&utm_source=jp.dk,0,0,9,5,3,2025-03-21,2025-05-20,0,0,Økonomi,Pris,2025-06-20,0,1,0,26.293150684931508,6+ måneder
61,2025-03-15,Mand,utm_campaign=Marts25&utm_content=A&utm_medium=content&utm_source=jp.dk,0,0,0,0,0,2025-03-15,2025-05-14,0,0,Produkt,Redaktionelt indhold / holdning,2025-05-14,1,0,0,50.57534246575342,6+ måneder
432,2026-02-10,Mand,utm_campaign=Marts25&utm_content=A&utm_medium=content&utm_source=jp.dk,0,1,2,0,1,2025-03-10,2025-05-09,0,0,Økonomi,Pris,2026-03-09,0,1,0,54.778082191780825,6+ måneder
61,2025-03-20,Kvinde,utm_campaign=Basis_22&utm_content=HeaderButtonRaised&utm_medium=Matrice&utm_source=jp.dk,0,0,0,0,0,2025-03-19,2025-05-18,0,0,Økonomi,Pris,2025-05-18,1,0,0,63.3041095890411,6+ måneder
790,2025-05-09,Mand,utm_campaign=Marts25&utm_content=sc_a&utm_medium=mail&utm_source=mail,0,1,4,4,1,2025-03-23,2025-05-22,0,0,Andet,kunden ønsker ikke at oplyse,2025-05-22,1,0,0,59.69315068493151,6+ måneder
1539,2025-12-02,Mand,utm_campaign=Marts25&utm_content=a&utm_medium=mail&utm_source=mail,0,1,17,9,8,2025-03-05,2025-05-04,0,0,Andet,kunden ønsker ikke at oplyse,2025-12-04,0,1,0,72.52054794520548,6+ måneder
331,2025-12-05,Kvinde,utm_campaign=Marts25&utm_content=A&utm_medium=content&utm_source=jp.dk,0,1,4,0,3,2025-03-07,2025-05-06,0,0,Økonomi,Pris,2025-12-06,0,1,0,40.87945205479452,6+ måneder
122,2025-06-11,Mand,utm_campaign=Basis_22&utm_content=HeaderButtonRaised&utm_medium=Matrice&utm_source=jp.dk,0,0,0,0,0,2025-03-09,2025-05-08,0,0,Tid,Ikke tid,2025-07-08,0,1,0,49.673972602739724,0-7 dage
276,2025-06-17,Kvinde,utm_campaign=Basis_22&utm_content=HeaderButtonRaised&utm_medium=Matrice&utm_source=jp.dk,0,1,1,1,0,2025-03-15,2025-05-14,0,0,Andet,kunden ønsker ikke at oplyse,2025-07-14,0,1,0,26.53150684931507,6+ måneder
256,2025-11-10,Mand,utm_campaign=Marts25&utm_content=A&utm_medium=content&utm_source=jp.dk,0,0,0,0,0,2025-03-07,2025-05-06,4,4,Andet,RVS,2025-11-09,0,1,0,37.8,6+ måneder
320,2025-06-12,Mand,utm_campaign=Marts25&utm_content=b&utm_medium=mail&utm_source=mail,1,1,3,1,2,2025-03-05,2025-05-04,3,3,Andet,Ingen årsag – ingen tlf kontakt,2025-07-04,0,1,0,81.32602739726028,6+ måneder
380,3000-01-01,Kvinde,utm_campaign=Marts25&utm_content=B&utm_medium=content&utm_source=jp.dk,1,1,0,0,0,2025-03-13,2025-05-12,0,0,Ingen afmelding,Ingen afmelding,3000-01-01,0,1,0,33.66027397260274,0-7 dage
580,2025-05-07,Mand,utm_campaign=Marts25&utm_content=sc_a&utm_medium=mail&utm_source=mail,0,1,4,3,2,2025-03-21,2025-05-06,0,1,Andet,Administrativt,2025-05-06,1,0,0,76.57260273972602,6+ måneder
61,2025-04-21,Mand,utm_campaign=Marts25&utm_content=sc_a&utm_medium=mail&utm_source=mail,0,1,0,0,0,2025-03-22,2025-05-21,0,0,Tid,Ikke tid,2025-05-21,1,0,0,64.85479452054794,6+ måneder
348,2025-04-14,Mand,utm_campaign=Marts25&utm_content=sc_a&utm_medium=mail&utm_source=mail,0,1,2,2,0,2025-03-22,2025-05-21,0,0,Tid,Ikke tid,2025-05-21,1,0,0,81.31232876712329,6+ måneder
214,2025-09-08,Mand,utm_campaign=Marts25&utm_content=e-avis_ikkeabn&utm_medium=matrice&utm_source=jp.dk,0,0,0,0,0,2025-03-08,2025-05-07,0,0,Andet,kunden ønsker ikke at oplyse,2025-10-07,0,1,0,51.010958904109586,0-7 dage
1353,2025-03-25,Kvinde,utm_campaign=Marts25&utm_content=sc_b&utm_medium=mail&utm_source=mail,0,0,3,2,0,2025-03-23,2025-05-22,0,0,Andet,kunden ønsker ikke at oplyse,2025-05-22,1,0,0,59.63835616438356,6+ måneder
316,2025-05-22,Kvinde,utm_campaign=Basis_22&utm_content=HeaderButtonRaised&utm_medium=Matrice&utm_source=jp.dk,0,1,0,0,0,2025-03-14,2025-05-13,0,0,Andet,kunden ønsker ikke at oplyse,2025-06-13,0,1,0,58.69315068493151,6+ måneder
846,3000-01-01,Kvinde,utm_campaign=Marts25&utm_content=B&utm_medium=content&utm_source=jp.dk,1,0,1,0,0,2025-03-04,2025-05-03,0,0,Ingen afmelding,Ingen afmelding,3000-01-01,0,1,0,69.65205479452055,6+ måneder
68,2025-04-01,Mand,utm_campaign=Basis_22&utm_content=GiveArticlePopup&utm_medium=Matrice&utm_source=jp.dk,0,0,1,0,1,2025-03-10,2025-05-09,0,0,Tid,Ikke tid,2025-05-09,1,0,0,66.01095890410959,6+ måneder
258,2025-03-05,Kvinde,utm_campaign=Basis_22&utm_content=HeaderButtonRaised&utm_medium=Matrice&utm_source=jp.dk,1,1,0,0,0,2025-03-05,2025-05-04,0,0,Produkt,Redaktionelt indhold / holdning,2025-05-04,1,0,0,53.487671232876714,0-7 dage
386,2025-03-21,Mand,utm_campaign=Marts25&utm_content=B&utm_medium=content&utm_source=jp.dk,0,0,6,3,2,2025-03-21,2025-05-20,0,0,Produkt,Redaktionelt indhold / holdning,2025-05-20,1,0,0,56.4027397260274,6+ måneder
61,2025-04-15,Kvinde,utm_campaign=Marts25&utm_content=A&utm_medium=content&utm_source=jp.dk,0,0,0,0,0,2025-03-17,2025-05-16,0,0,Tid,Ikke tid,2025-05-16,1,0,0,47.43835616438356,0-7 dage
61,2025-04-23,Kvinde,utm_campaign=Marts25&utm_content=A&utm_medium=content&utm_source=jp.dk,0,0,0,0,0,2025-03-15,2025-05-14,0,0,Produkt,Bestemt indhold,2025-05-14,1,0,0,50.72054794520548,0-7 dage
1713,2025-04-29,Kvinde,utm_campaign=Marts25&utm_content=b&utm_medium=mail&utm_source=mail,0,1,1,0,0,2025-03-08,2025-05-07,0,0,Andet,kunden ønsker ikke at oplyse,2025-05-07,1,0,0,63.16712328767123,6+ måneder
1777,2025-04-25,Mand,utm_campaign=Marts25&utm_content=a&utm_medium=mail&utm_source=mail,0,1,11,4,7,2025-03-08,2025-05-07,1,1,Økonomi,Pris,2025-05-07,1,0,0,57.72054794520548,6+ måneder
1168,2025-03-20,Mand,utm_campaign=Marts25&utm_content=A&utm_medium=content&utm_source=jp.dk,0,1,15,10,5,2025-03-19,2025-05-18,0,0,Andet,kunden ønsker ikke at oplyse,2025-05-18,1,0,0,59.69041095890411,6+ måneder
61,2025-03-14,Mand,utm_campaign=Marts25&utm_content=B&utm_medium=content&utm_source=jp.dk,1,1,0,0,0,2025-03-14,2025-05-13,0,0,Tid,Ikke tid,2025-05-13,1,0,0,26.723287671232878,0-7 dage
306,2025-12-22,Kvinde,utm_campaign=Marts25&utm_content=A&utm_medium=content&utm_source=jp.dk,0,0,0,0,0,2025-03-10,2025-05-09,0,0,Produkt,Redaktionelt indhold / holdning,2026-01-09,0,1,0,35.98082191780822,6+ måneder
824,3000-01-01,Mand,utm_campaign=Marts25&utm_content=sc_b&utm_medium=mail&utm_source=mail,0,1,5,5,3,2025-03-21,2025-05-20,0,0,Ingen afmelding,Ingen afmelding,3000-01-01,0,1,0,58.33972602739726,6+ måneder
779,2025-05-20,Mand,utm_campaign=Marts25&utm_medium=topticker&utm_source=jp.dk,0,1,3,3,0,2025-03-22,2025-05-21,0,0,Tid,Ikke tid,2025-05-21,1,0,0,60.61095890410959,6+ måneder
61,2025-04-03,Mand,utm_campaign=Marts25&utm_content=A&utm_medium=content&utm_source=jp.dk,1,1,0,0,0,2025-03-22,2025-05-21,0,0,Andet,Ingen årsag – ingen tlf kontakt,2025-05-21,1,0,0,65.92328767123287,6+ måneder
441,2025-05-13,Kvinde,utm_campaign=Marts25&utm_content=sc_a&utm_medium=mail&utm_source=mail,0,1,10,3,8,2025-03-23,2025-05-22,1,1,Andet,kunden ønsker ikke at oplyse,2025-05-22,1,0,0,77.93424657534247,6+ måneder
61,2025-03-31,Kvinde,utm_campaign=Marts25&utm_content=B&utm_medium=content&utm_source=jp.dk,0,0,0,0,0,2025-03-04,2025-05-03,0,0,Tid,Ikke tid,2025-05-03,1,0,0,63.463013698630135,0-7 dage
92,2025-06-03,Mand,utm_campaign=Marts25&utm_content=A&utm_medium=content&utm_source=jp.dk,0,0,0,0,0,2025-03-03,2025-05-02,1,1,Ingen afmelding,Ingen afmelding,3000-01-01,0,1,0,33.35890410958904,6+ måneder
61,2025-04-08,Kvinde,utm_campaign=Marts25&utm_content=A&utm_medium=content&utm_source=jp.dk,0,0,0,0,0,2025-03-12,2025-05-11,0,0,Produkt,Bestemt indhold,2025-05-11,1,0,0,53.36164383561644,6+ måneder
61,2025-04-22,Mand,utm_campaign=Marts25&utm_content=B&utm_medium=content&utm_source=jp.dk,1,1,0,0,0,2025-03-23,2025-05-22,0,0,Produkt,Redaktionelt indhold / holdning,2025-05-22,1,0,0,77.96986301369863,0-7 dage
61,2025-03-20,Kvinde,utm_campaign=Basis_22&utm_content=MegaMenu&utm_medium=Matrice&utm_source=jp.dk,0,0,0,0,0,2025-03-04,2025-05-03,0,0,Produkt,Redaktionelt indhold / holdning,2025-05-03,1,0,0,25.997260273972604,6+ måneder
370,3000-01-01,Mand,utm_campaign=Marts25&utm_content=sc_a&utm_medium=mail&utm_source=mail,0,1,0,0,0,2025-03-23,2025-05-22,3,3,Ingen afmelding,Ingen afmelding,3000-01-01,0,1,0,74.04109589041096,0-7 dage
525,3000-01-01,Mand,utm_campaign=Marts25&utm_content=A&utm_medium=content&utm_source=jp.dk,0,1,8,3,6,2025-03-07,2025-05-06,0,0,Ingen afmelding,Ingen afmelding,3000-01-01,0,1,0,65.43561643835616,6+ måneder
1872,2025-05-07,Mand,utm_campaign=Marts25&utm_content=sc_a&utm_medium=mail&utm_source=mail,1,1,17,8,9,2025-03-21,2025-05-06,6,6,Andet,Administrativt,2025-05-06,1,0,0,69.07671232876713,6+ måneder
369,3000-01-01,Kvinde,utm_campaign=Basis_22&utm_content=HeaderButtonRaised&utm_medium=Matrice&utm_source=jp.dk,1,1,0,0,0,2025-03-24,2025-05-23,0,0,Ingen afmelding,Ingen afmelding,3000-01-01,0,1,0,74.90958904109588,6+ måneder
389,3000-01-01,Mand,utm_campaign=Marts25&utm_content=A&utm_medium=content&utm_source=jp.dk,0,0,0,0,0,2025-03-04,2025-05-03,0,0,Ingen afmelding,Ingen afmelding,3000-01-01,0,1,0,86.17260273972603,6+ måneder
492,3000-01-01,Mand,utm_campaign=Marts25&utm_content=A&utm_medium=content&utm_source=jp.dk,1,1,2,1,1,2025-03-03,2025-05-02,0,0,Ingen afmelding,Ingen afmelding,3000-01-01,0,1,0,38.05205479452055,6+ måneder
1318,3000-01-01,Mand,utm_campaign=Basis_22&utm_content=HeaderButtonRaised&utm_medium=Matrice&utm_source=jp.dk,0,1,2,0,0,2025-03-11,2025-05-10,5,6,Ingen afmelding,Ingen afmelding,3000-01-01,0,1,0,76.44109589041096,6+ måneder
122,2025-06-18,Mand,utm_campaign=Marts25&utm_content=A&utm_medium=content&utm_source=jp.dk,0,0,0,0,0,2025-03-14,2025-05-13,0,0,Andet,kunden ønsker ikke at oplyse,2025-07-13,0,1,0,73.51506849315068,6+ måneder
527,3000-01-01,Mand,utm_campaign=Marts25&utm_medium=Matrice&utm_source=jp.dk,0,1,2,2,0,2025-03-20,2025-05-19,0,0,Ingen afmelding,Ingen afmelding,3000-01-01,0,1,0,0.27123287671232876,6+ måneder
92,2025-06-17,Mand,utm_campaign=Basis_22&utm_content=HeaderButtonRaised&utm_medium=Matrice&utm_source=jp.dk,0,0,0,0,0,2025-03-19,2025-05-18,0,0,Produkt,Redaktionelt indhold / holdning,2025-06-18,0,1,0,28.747945205479454,0-7 dage
92,2025-05-15,Kvinde,utm_campaign=Marts25&utm_content=B&utm_medium=content&utm_source=jp.dk,0,0,0,0,0,2025-03-15,2025-05-14,0,0,Produkt,Redaktionelt indhold / holdning,2025-06-14,0,1,0,45.657534246575345,0-7 dage
184,2025-08-14,Mand,utm_campaign=Marts25&utm_content=A&utm_medium=content&utm_source=jp.dk,0,0,0,0,0,2025-03-10,2025-05-09,0,0,Andet,Ingen årsag – ingen tlf kontakt,2025-09-09,0,1,0,76.25479452054795,0-7 dage
469,2025-05-25,Mand,utm_campaign=Marts25&utm_medium=topticker&utm_source=jp.dk,0,0,2,2,0,2025-03-23,2025-05-22,0,0,Tid,Ikke tid,2025-06-22,0,1,0,58.96986301369863,6+ måneder
1107,2025-05-18,Mand,utm_campaign=Marts25&utm_content=sc_b&utm_medium=mail&utm_source=mail,0,1,21,7,15,2025-03-22,2025-05-21,10,10,Tid,Ikke tid,2025-05-21,1,0,0,79.6109589041096,6+ måneder
61,2025-03-28,Mand,utm_campaign=Marts25&utm_content=A&utm_medium=content&utm_source=jp.dk,0,0,0,0,0,2025-03-15,2025-05-14,0,0,Produkt,Redaktionelt indhold / holdning,2025-05-14,1,0,0,61.92328767123288,6+ måneder
92,2025-06-12,Kvinde,utm_campaign=Marts25&utm_content=A&utm_medium=content&utm_source=jp.dk,0,0,0,0,0,2025-03-23,2025-05-22,0,0,Økonomi,Pris,2025-06-22,0,1,0,61.09315068493151,0-7 dage
61,2025-04-22,Kvinde,utm_campaign=Marts25&utm_content=A&utm_medium=content&utm_source=jp.dk,0,0,0,0,0,2025-03-10,2025-05-09,0,0,Tid,Ikke tid,2025-05-09,1,0,0,41.723287671232875,0-7 dage
1897,3000-01-01,Mand,utm_campaign=Marts25&utm_content=a&utm_medium=mail&utm_source=mail,0,1,3,0,1,2025-03-05,2025-05-04,0,0,Ingen afmelding,Ingen afmelding,3000-01-01,0,1,0,77.00821917808219,6+ måneder
89,2025-05-20,Mand,utm_campaign=Basis_22&utm_content=HeaderButtonRaised&utm_medium=Matrice&utm_source=jp.dk,0,1,0,0,0,2025-03-23,2025-05-22,0,0,Produkt,Redaktionelt indhold / holdning,2025-05-22,1,0,0,68.2986301369863,0-7 dage
61,2025-03-15,Mand,utm_campaign=Marts25&utm_content=A&utm_medium=content&utm_source=jp.dk,0,0,0,0,0,2025-03-08,2025-05-07,0,0,Andet,kunden ønsker ikke at oplyse,2025-05-07,1,0,0,60.93424657534246,0-7 dage
1521,2025-06-22,Mand,utm_campaign=Marts25&utm_content=sc_b&utm_medium=mail&utm_source=mail,1,1,23,7,14,2025-03-22,2025-05-21,0,0,Ingen afmelding,Ingen afmelding,3000-01-01,0,1,0,75.88767123287671,6+ måneder
232,2025-11-10,Kvinde,utm_campaign=Marts25&utm_content=A&utm_medium=content&utm_source=jp.dk,0,0,0,0,0,2025-03-23,2025-05-22,0,0,Digitalt,Oprettet med forkert e-mail,2025-11-09,0,1,0,21.945205479452056,0-7 dage
656,2025-05-25,Mand,utm_campaign=Marts25&utm_content=B&utm_medium=content&utm_source=jp.dk,1,1,6,4,2,2025-03-07,2025-05-06,0,0,Tid,Ikke tid,2025-06-06,0,1,0,53.032876712328765,6+ måneder
61,2025-04-04,Kvinde,utm_campaign=Marts25&utm_content=B&utm_medium=content&utm_source=jp.dk,0,0,0,0,0,2025-03-15,2025-05-14,0,0,Produkt,Redaktionelt indhold / holdning,2025-05-14,1,0,0,50.16986301369863,6+ måneder
547,2025-05-10,,utm_campaign=Marts25&utm_content=A&utm_medium=content&utm_source=jp.dk,0,0,4,4,0,2025-03-23,2025-05-22,0,0,Tid,Ikke tid,2025-05-22,1,0,0,54.961643835616435,6+ måneder
61,2025-03-04,Mand,utm_campaign=Marts25&utm_content=A&utm_medium=content&utm_source=jp.dk,0,0,0,0,0,2025-03-04,2025-05-03,0,0,Produkt,Redaktionelt indhold / holdning,2025-05-03,1,0,0,40.15068493150685,0-7 dage
245,2025-05-11,Mand,utm_campaign=Basis_22&utm_content=HeaderButtonRaised&utm_medium=Matrice&utm_source=jp.dk,0,0,0,0,0,2025-03-12,2025-05-11,2,2,Økonomi,Pris,2025-05-11,1,0,0,48.50410958904109,0-7 dage
214,2025-06-23,Mand,utm_campaign=Marts25&utm_content=sc_b&utm_medium=mail&utm_source=mail,0,1,1,1,0,2025-03-21,2025-05-20,0,0,Tid,Ikke tid,2025-07-20,0,1,0,54.87671232876713,6+ måneder
61,2025-05-14,Mand,utm_campaign=Marts25&utm_medium=Weblayer&utm_source=jp.dk,0,0,0,0,0,2025-03-22,2025-05-21,0,0,Andet,kunden ønsker ikke at oplyse,2025-05-21,1,0,0,65.38356164383562,0-7 dage
375,2026-03-20,Mand,utm_campaign=Marts25&utm_content=B&utm_medium=content&utm_source=jp.dk,0,0,0,0,0,2025-03-10,2025-05-09,0,0,Ingen afmelding,Ingen afmelding,3000-01-01,0,1,0,70.91232876712328,0-7 dage
542,2026-02-25,Mand,utm_campaign=Marts25&utm_medium=Matrice&utm_source=jp.dk,1,1,1,1,0,2025-03-05,2025-05-04,0,0,Tid,Ikke tid,2026-03-22,0,1,0,72.26301369863013,6+ måneder
144,2025-05-27,Mand,utm_campaign=Marts25&utm_content=A&utm_medium=content&utm_source=jp.dk,0,1,5,5,5,2025-03-20,2025-05-19,3,3,Tid,Ikke tid,2025-06-19,0,1,0,67.90958904109588,0-7 dage
153,2025-07-28,Kvinde,utm_campaign=Marts25&utm_content=A&utm_medium=content&utm_source=jp.dk,0,0,0,0,0,2025-03-17,2025-05-16,0,0,Andet,kunden ønsker ikke at oplyse,2025-08-16,0,1,0,27.646575342465752,8-30 dage
1812,2025-10-30,Mand,utm_campaign=Basis_22&utm_content=HeaderButtonRaised&utm_medium=Matrice&utm_source=jp.dk,1,1,19,9,8,2025-03-06,2025-05-05,0,0,Andet,RVS,2025-10-29,0,1,0,62.75890410958904,6+ måneder
92,2025-05-12,Mand,utm_campaign=Marts25&utm_content=A&utm_medium=content&utm_source=jp.dk,0,0,0,0,0,2025-03-10,2025-05-09,0,0,Tid,Ikke tid,2025-06-09,0,1,0,52.43287671232877,0-7 dage
92,2025-05-15,Mand,utm_campaign=Marts25&utm_content=B&utm_medium=content&utm_source=jp.dk,0,0,0,0,0,2025-03-15,2025-05-14,0,0,Økonomi,Pris,2025-06-14,0,1,0,19.93972602739726,0-7 dage
61,2025-05-08,Mand,utm_campaign=Marts25&utm_content=A&utm_medium=content&utm_source=jp.dk,0,0,0,0,0,2025-03-17,2025-05-16,0,0,Produkt,Redaktionelt indhold / holdning,2025-05-16,1,0,0,54.16164383561644,6+ måneder
289,2025-12-18,Kvinde,utm_campaign=Basis_22&utm_content=HeaderButtonRaised&utm_medium=Matrice&utm_source=jp.dk,1,1,1,0,0,2025-03-11,2025-05-10,0,0,Økonomi,Pris,2025-12-17,0,1,0,77.13698630136986,6+ måneder
153,2025-08-17,Kvinde,utm_campaign=Marts25&utm_content=A&utm_medium=content&utm_source=jp.dk,0,0,0,0,0,2025-03-21,2025-05-20,0,0,Tid,Ikke tid,2025-08-20,0,1,0,76.64657534246575,0-7 dage
385,3000-01-01,Mand,utm_campaign=Marts25&utm_content=B&utm_medium=content&utm_source=jp.dk,1,1,0,0,0,2025-03-08,2025-05-07,0,1,Ingen afmelding,Ingen afmelding,3000-01-01,0,1,0,81.13150684931507,6+ måneder
917,2025-05-19,Mand,utm_campaign=Marts25&utm_content=b&utm_medium=mail&utm_source=mail,0,1,9,6,3,2025-03-07,2025-05-06,0,0,Tid,Ikke tid,2025-08-19,0,1,0,65.91232876712328,6+ måneder
332,2025-08-07,Mand,utm_campaign=Marts25&utm_content=B&utm_medium=content&utm_source=jp.dk,0,1,3,1,2,2025-03-07,2025-05-06,0,0,Produkt,Redaktionelt indhold / holdning,2025-09-06,0,1,0,45.463013698630135,6+ måneder
208,2025-03-14,Kvinde,utm_campaign=Marts25&utm_content=A&utm_medium=content&utm_source=jp.dk,0,0,2,1,1,2025-03-14,2025-05-13,0,0,Produkt,Redaktionelt indhold / holdning,2025-05-13,1,0,0,67.57534246575342,6+ måneder
1010,2025-12-04,Mand,utm_campaign=Marts25&utm_content=B&utm_medium=content&utm_source=jp.dk,0,1,10,3,7,2025-03-12,2025-05-11,2,2,Økonomi,Pris,2025-12-11,0,1,0,77.94520547945206,6+ måneder
428,2025-10-20,Kvinde,utm_campaign=Marts25&utm_content=A&utm_medium=content&utm_source=jp.dk,0,0,1,0,0,2025-03-04,2025-05-03,2,2,Tid,Ikke tid,2025-11-03,0,1,0,45.298630136986304,6+ måneder
1521,2025-05-05,Mand,utm_campaign=Marts25&utm_content=sc_b&utm_medium=mail&utm_source=mail,1,1,3,1,1,2025-03-22,2025-05-21,0,0,Tid,Ikke tid,2025-05-21,1,0,0,79.73150684931507,6+ måneder
122,2025-06-26,Mand,utm_campaign=Marts25&utm_content=A&utm_medium=content&utm_source=jp.dk,0,0,0,0,0,2025-03-21,2025-05-20,0,0,Tid,Ikke tid,2025-07-20,0,1,0,42.88767123287671,0-7 dage
122,2025-06-15,Kvinde,utm_campaign=Basis_22&utm_content=HeaderButtonRaised&utm_medium=Matrice&utm_source=jp.dk,0,0,0,0,0,2025-03-09,2025-05-08,0,0,Tid,Ikke tid,2025-07-08,0,1,0,60.824657534246576,6+ måneder
377,3000-01-01,Mand,utm_campaign=Basis_22&utm_content=HeaderButtonRaised&utm_medium=Matrice&utm_source=jp.dk,1,0,0,0,0,2025-03-16,2025-05-15,0,0,Ingen afmelding,Ingen afmelding,3000-01-01,0,1,0,61.1945205479452,6+ måneder
61,2025-03-20,Kvinde,utm_campaign=Marts25&utm_content=A&utm_medium=content&utm_source=jp.dk,0,0,0,0,0,2025-03-20,2025-05-19,0,0,Økonomi,Pris,2025-05-19,1,0,0,35.13972602739726,6+ måneder
153,2025-03-19,Mand,utm_campaign=Marts25&utm_content=A&utm_medium=content&utm_source=jp.dk,0,0,0,0,0,2025-03-19,2025-05-18,0,0,Produkt,Redaktionelt indhold / holdning,2025-05-18,1,0,0,48.797260273972604,6+ måneder
370,3000-01-01,Kvinde,utm_campaign=Marts25&utm_content=A&utm_medium=content&utm_source=jp.dk,0,0,0,0,0,2025-03-23,2025-05-22,0,0,Ingen afmelding,Ingen afmelding,3000-01-01,0,1,0,62.12876712328767,0-7 dage
160,2025-03-21,Mand,utm_campaign=Marts25&utm_content=A&utm_medium=content&utm_source=jp.dk,0,1,2,1,0,2025-03-07,2025-05-06,0,0,Tid,Ikke tid,2025-05-06,1,0,0,71.41643835616438,6+ måneder
377,3000-01-01,Mand,utm_campaign=Marts25&utm_content=B&utm_medium=content&utm_source=jp.dk,1,1,0,0,0,2025-03-16,2025-05-15,0,0,Ingen afmelding,Ingen afmelding,3000-01-01,0,1,0,79.78630136986301,0-7 dage
61,2025-05-19,Mand,utm_campaign=Marts25&utm_content=B&utm_medium=content&utm_source=jp.dk,0,1,0,0,0,2025-03-19,2025-05-18,3,3,Andet,Administrativt,2025-05-18,1,0,0,63.701369863013696,0-7 dage
252,2025-03-24,Kvinde,utm_campaign=Marts25&utm_medium=Weblayer&utm_source=jp.dk,0,1,2,1,1,2025-03-23,2025-05-22,0,0,Andet,kunden ønsker ikke at oplyse,2025-05-22,1,0,0,67.54794520547945,6+ måneder
129,2025-06-26,Mand,utm_campaign=Marts25&utm_content=A&utm_medium=content&utm_source=jp.dk,0,0,1,0,1,2025-03-07,2025-05-06,0,0,Tid,Ikke tid,2025-07-06,0,1,0,53.14246575342466,6+ måneder
1076,2025-03-04,Mand,utm_campaign=Basis_22&utm_content=HeaderButtonRaised&utm_medium=Matrice&utm_source=jp.dk,0,0,8,6,1,2025-03-04,2025-05-03,0,0,Andet,kunden ønsker ikke at oplyse,2025-05-03,1,0,0,49.89041095890411,6+ måneder
366,2025-03-10,Mand,utm_campaign=Marts25&utm_content=A&utm_medium=content&utm_source=jp.dk,0,0,1,0,1,2025-03-10,2025-05-09,0,0,Andet,kunden ønsker ikke at oplyse,2025-05-09,1,0,0,62.90958904109589,6+ måneder
122,2025-06-07,Kvinde,utm_campaign=Marts25&utm_content=A&utm_medium=content&utm_source=jp.dk,1,1,0,0,0,2025-03-05,2025-05-04,0,0,Tid,Ikke tid,2025-07-04,0,1,0,26.356164383561644,6+ måneder
63,2025-05-26,Mand,utm_campaign=Marts25&utm_content=B&utm_medium=content&utm_source=jp.dk,0,1,0,0,0,2025-03-24,2025-05-23,0,0,Andet,Ingen årsag – ingen tlf kontakt,2025-05-25,0,1,1,73.01917808219179,6+ måneder
290,2025-12-26,Mand,utm_campaign=Marts25&utm_content=A&utm_medium=content&utm_source=jp.dk,0,0,0,0,0,2025-03-11,2025-05-10,0,0,Andet,RVS,2025-12-25,0,1,0,75.16986301369863,6+ måneder
864,2025-11-23,Mand,utm_campaign=Marts25&utm_content=sc_a&utm_medium=mail&utm_source=mail,0,0,3,2,0,2025-03-21,2025-05-20,0,0,Økonomi,Pris,2025-12-20,0,1,0,61.41917808219178,6+ måneder
214,2025-09-17,Kvinde,utm_campaign=Marts25&utm_content=A&utm_medium=content&utm_source=jp.dk,0,0,0,0,0,2025-03-14,2025-05-13,0,0,Tid,Ikke tid,2025-10-13,0,1,0,57.78630136986301,6+ måneder
61,2025-03-24,Kvinde,utm_campaign=Marts25&utm_content=B&utm_medium=content&utm_source=jp.dk,0,0,0,0,0,2025-03-23,2025-05-22,0,0,Produkt,Redaktionelt indhold / holdning,2025-05-22,1,0,0,33.487671232876714,0-7 dage
265,2025-04-09,Mand,utm_campaign=&utm_content=Besog_JP&utm_medium=ppc&utm_source=adwords&utm_term=avis+abonnement,0,1,1,1,0,2025-03-08,2025-05-07,0,0,Andet,kunden ønsker ikke at oplyse,2025-05-07,1,0,0,58.75616438356165,6+ måneder
106,2025-05-28,Mand,utm_campaign=Marts25&utm_content=a&utm_medium=mail&utm_source=mail,1,0,1,1,1,2025-03-05,2025-05-04,1,1,Tid,Ikke tid,2025-06-04,0,1,0,76.37808219178082,6+ måneder
528,2025-04-05,Mand,utm_campaign=Marts25&utm_medium=Weblayer&utm_source=jp.dk,1,1,2,2,0,2025-03-20,2025-05-19,11,9,Andet,kunden ønsker ikke at oplyse,2025-05-19,1,0,0,87.6082191780822,6+ måneder
476,2025-04-28,Mand,utm_campaign=Basis_22&utm_content=HeaderButtonRaised&utm_medium=Matrice&utm_source=jp.dk,0,1,10,5,7,2025-03-10,2025-05-09,0,0,Produkt,Redaktionelt indhold / holdning,2025-05-09,1,0,0,66.93972602739726,6+ måneder
695,2025-04-15,Kvinde,utm_campaign=Marts25&utm_content=b&utm_medium=mail&utm_source=mail,0,1,6,6,3,2025-03-15,2025-05-14,0,0,Andet,Ingen årsag – ingen tlf kontakt,2025-05-14,1,0,0,64.83835616438355,6+ måneder
727,2025-05-16,Mand,utm_campaign=Basis_22&utm_content=HeaderButtonRaised&utm_medium=Matrice&utm_source=jp.dk,1,1,11,5,6,2025-03-21,2025-05-20,0,0,Andet,Ingen årsag – ingen tlf kontakt,2025-05-20,1,0,0,75.25753424657535,6+ måneder
372,3000-01-01,Kvinde,utm_campaign=Marts25&utm_content=sc_a&utm_medium=mail&utm_source=mail,1,1,0,0,0,2025-03-21,2025-05-20,0,2,Ingen afmelding,Ingen afmelding,3000-01-01,0,1,0,69.72602739726027,6+ måneder
165,2025-03-11,Mand,utm_campaign=Marts25&utm_medium=topticker&utm_source=jp.dk,0,0,0,0,0,2025-03-11,2025-05-10,0,0,Tid,Ikke tid,2025-05-10,1,0,0,50.178082191780824,0-7 dage
468,3000-01-01,Mand,utm_campaign=Marts25&utm_content=sc_b&utm_medium=mail&utm_source=mail,1,1,1,1,0,2025-03-21,2025-05-20,0,0,Ingen afmelding,Ingen afmelding,3000-01-01,0,1,0,2.0575342465753423,6+ måneder
377,2025-05-13,Mand,utm_campaign=Basis_22&utm_content=HeaderButtonRaised&utm_medium=Matrice&utm_source=jp.dk,1,1,0,0,0,2025-03-16,2025-05-15,12,10,Andet,Administrativt,2025-05-15,1,0,0,64.55342465753425,0-7 dage
818,2025-05-25,Mand,utm_campaign=Marts25&utm_content=sc_a&utm_medium=mail&utm_source=mail,1,1,6,5,2,2025-03-21,2025-05-20,5,5,Andet,kunden ønsker ikke at oplyse,2025-06-20,0,1,0,74.3013698630137,6+ måneder
282,2025-12-02,Kvinde,utm_campaign=Marts25&utm_content=e-avis_ikkeabn&utm_medium=matrice&utm_source=jp.dk,1,1,1,1,0,2025-03-06,2025-05-05,0,0,Andet,kunden ønsker ikke at oplyse,2025-12-05,0,1,0,48.56164383561644,6+ måneder
1059,3000-01-01,Mand,utm_campaign=Basis_22&utm_content=HeaderButtonRaised&utm_medium=Matrice&utm_source=jp.dk,0,1,5,3,2,2025-03-11,2025-05-10,0,0,Ingen afmelding,Ingen afmelding,3000-01-01,0,1,0,63.43287671232877,6+ måneder
153,2025-07-16,Mand,utm_campaign=Marts25&utm_content=A&utm_medium=content&utm_source=jp.dk,0,0,0,0,0,2025-03-14,2025-05-13,0,0,Tid,Ikke tid,2025-08-13,0,1,0,57.45753424657534,6+ måneder
92,2025-05-19,Kvinde,utm_campaign=Marts25&utm_content=A&utm_medium=content&utm_source=jp.dk,0,0,0,0,0,2025-03-19,2025-05-18,0,0,Andet,kunden ønsker ikke at oplyse,2025-06-18,0,1,0,29.435616438356163,0-7 dage
122,2025-06-27,Mand,utm_campaign=Basis_22&utm_content=HeaderButtonRaised&utm_medium=Matrice&utm_source=jp.dk,1,1,0,0,0,2025-03-23,2025-05-22,0,0,Tid,Ikke tid,2025-07-22,0,1,0,79.56438356164384,0-7 dage
599,2025-06-23,Mand,utm_campaign=Marts25&utm_content=sc_a&utm_medium=mail&utm_source=mail,1,0,4,2,1,2025-03-21,2025-05-20,2,2,Tid,Ikke tid,2025-07-20,0,1,0,77.8054794520548,6+ måneder
503,2025-03-14,Kvinde,utm_campaign=Marts25&utm_content=A&utm_medium=content&utm_source=jp.dk,0,0,2,1,1,2025-03-09,2025-05-08,0,0,Tid,Ikke tid,2025-05-08,1,0,0,50.92602739726028,6+ måneder
1,2025-03-21,Mand,utm_campaign=Marts25&utm_content=A&utm_medium=content&utm_source=jp.dk,0,0,0,0,0,2025-03-20,2025-03-20,0,0,Salg,Annulleret køb,2025-03-20,1,0,0,67.12602739726027,6+ måneder
372,3000-01-01,Mand,utm_campaign=Marts25&utm_content=sc_a&utm_medium=mail&utm_source=mail,0,0,0,0,0,2025-03-21,2025-05-20,0,2,Ingen afmelding,Ingen afmelding,3000-01-01,0,1,0,71.04109589041096,0-7 dage
2012,3000-01-01,Mand,utm_campaign=Marts25&utm_content=sc_b&utm_medium=mail&utm_source=mail,0,1,1,0,0,2025-03-23,2025-05-22,0,0,Ingen afmelding,Ingen afmelding,3000-01-01,0,1,0,73.63835616438357,6+ måneder
1440,3000-01-01,Mand,utm_campaign=Marts25&utm_content=A&utm_medium=content&utm_source=jp.dk,0,0,2,1,0,2025-03-21,2025-05-20,0,1,Ingen afmelding,Ingen afmelding,3000-01-01,0,1,0,55.52602739726027,6+ måneder
176,2025-04-11,Mand,utm_campaign=Marts25&utm_medium=Matrice&utm_source=jp.dk,1,0,1,1,0,2025-03-12,2025-05-11,0,2,Tid,Ikke tid,2025-05-11,1,0,0,81.08493150684932,6+ måneder
596,2025-07-29,Mand,utm_campaign=Marts25&utm_content=a&utm_medium=mail&utm_source=mail,1,1,9,6,4,2025-03-05,2025-05-04,0,0,Andet,kunden ønsker ikke at oplyse,2025-07-04,0,1,0,72.04657534246576,6+ måneder
245,2025-11-04,Kvinde,utm_campaign=Marts25&utm_content=A&utm_medium=content&utm_source=jp.dk,0,0,0,0,0,2025-03-09,2025-05-08,3,3,Økonomi,Pris,2025-11-08,0,1,0,60.06027397260274,6+ måneder
92,2025-05-09,Kvinde,utm_campaign=Marts25&utm_content=B&utm_medium=content&utm_source=jp.dk,0,0,0,0,0,2025-03-09,2025-05-08,0,0,Produkt,Redaktionelt indhold / holdning,2025-06-08,0,1,0,55.02465753424657,0-7 dage
390,3000-01-01,Kvinde,utm_campaign=Marts25&utm_content=A&utm_medium=content&utm_source=jp.dk,0,0,0,0,0,2025-03-03,2025-05-02,2,2,Ingen afmelding,Ingen afmelding,3000-01-01,0,1,0,63.12054794520548,0-7 dage
61,2025-03-27,Mand,utm_campaign=Marts25&utm_content=A&utm_medium=content&utm_source=jp.dk,0,0,0,0,0,2025-03-05,2025-05-04,0,0,Produkt,Redaktionelt indhold / holdning,2025-05-04,1,0,0,76.10958904109589,8-30 dage
1173,2025-04-14,Mand,utm_campaign=Marts25&utm_content=B&utm_medium=content&utm_source=jp.dk,1,1,14,8,3,2025-03-21,2025-05-20,16,16,Tid,Ikke tid,2025-05-20,1,0,0,77.0931506849315,6+ måneder
184,2025-08-28,Kvinde,utm_campaign=Basis_22&utm_content=HeaderButtonRaised&utm_medium=Matrice&utm_source=jp.dk,0,0,0,0,0,2025-03-18,2025-05-17,0,0,Produkt,Redaktionelt indhold / holdning,2025-09-17,0,1,0,24.443835616438356,0-7 dage
275,2025-12-05,Mand,utm_campaign=Marts25&utm_content=A&utm_medium=content&utm_source=jp.dk,0,0,0,0,0,2025-03-23,2025-05-22,0,0,Økonomi,Pris,2025-12-22,0,1,0,58.156164383561645,6+ måneder
278,2025-07-22,Kvinde,utm_campaign=Marts25&utm_content=sc_b&utm_medium=mail&utm_source=mail,0,0,0,0,0,2025-03-21,2025-05-20,0,0,Andet,kunden ønsker ikke at oplyse,2025-08-20,0,1,0,79.75890410958904,6+ måneder
1642,2025-03-31,Mand,utm_campaign=Basis_22&utm_content=MegaMenu&utm_medium=Matrice&utm_source=jp.dk,0,1,22,8,10,2025-03-10,2025-05-09,4,4,Tid,Ikke tid,2025-05-09,1,0,0,77.57534246575342,6+ måneder
387,3000-01-01,Mand,utm_campaign=Marts25&utm_content=B&utm_medium=content&utm_source=jp.dk,1,1,0,0,0,2025-03-06,2025-05-05,0,0,Ingen afmelding,Ingen afmelding,3000-01-01,0,1,0,57.12876712328767,0-7 dage
82,2025-04-07,Mand,utm_campaign=Marts25&utm_content=sc_b&utm_medium=mail&utm_source=mail,1,1,2,2,2,2025-03-21,2025-05-20,0,0,Tid,Ikke tid,2025-05-20,1,0,0,64.71506849315068,6+ måneder
378,3000-01-01,Mand,utm_campaign=L%C3%B8rdag&utm_content=2025-03-15&utm_medium=email&utm_source=jp,0,0,0,0,0,2025-03-15,2025-05-14,3,4,Ingen afmelding,Ingen afmelding,3000-01-01,0,1,0,81.22191780821917,6+ måneder
437,2025-03-07,Mand,utm_campaign=Marts25&utm_content=B&utm_medium=content&utm_source=jp.dk,1,1,2,2,0,2025-03-04,2025-05-03,1,1,Produkt,Redaktionelt indhold / holdning,2025-05-03,1,0,0,67.1041095890411,6+ måneder
372,3000-01-01,Mand,utm_campaign=Marts25&utm_content=sc_b&utm_medium=mail&utm_source=mail,0,0,0,0,0,2025-03-21,2025-05-20,0,0,Ingen afmelding,Ingen afmelding,3000-01-01,0,1,0,63.3013698630137,0-7 dage
1216,2025-04-17,Mand,utm_campaign=Marts25&utm_content=A&utm_medium=content&utm_source=jp.dk,1,1,17,9,5,2025-03-07,2025-05-06,0,0,Tid,Ikke tid,2025-05-06,1,0,0,44.57534246575342,6+ måneder
448,2025-03-26,,utm_campaign=Marts25&utm_content=sc_b&utm_medium=mail&utm_source=mail,1,1,16,7,9,2025-03-21,2025-05-20,0,0,Tid,Ikke tid,2025-05-20,1,0,0,76.72876712328767,6+ måneder
1713,2025-10-24,Mand,utm_campaign=Marts25&utm_content=sc_a&utm_medium=mail&utm_source=mail,1,1,2,1,0,2025-03-22,2025-05-21,9,9,Andet,RVS,2025-10-23,0,1,0,80.14520547945206,6+ måneder
793,2026-01-11,Mand,utm_campaign=Marts25&utm_content=A&utm_medium=content&utm_source=jp.dk,0,1,4,4,0,2025-03-14,2025-05-13,0,0,Økonomi,Pris,2026-11-15,0,1,0,67.86849315068493,6+ måneder
1443,3000-01-01,Mand,utm_campaign=Marts25&utm_content=sc_a&utm_medium=mail&utm_source=mail,1,1,2,1,1,2025-03-22,2025-05-21,5,7,Ingen afmelding,Ingen afmelding,3000-01-01,0,1,0,58.25205479452055,6+ måneder
242,2025-04-17,Kvinde,utm_campaign=Marts25&utm_content=sc_a&utm_medium=mail&utm_source=mail,0,1,3,3,0,2025-03-23,2025-05-22,0,0,Andet,Ingen årsag – ingen tlf kontakt,2025-05-22,1,0,0,64.63835616438357,6+ måneder
786,2025-04-30,Mand,utm_campaign=Marts25&utm_content=b&utm_medium=mail&utm_source=mail,0,1,10,5,4,2025-03-06,2025-05-05,1,0,Andet,kunden ønsker ikke at oplyse,2025-05-05,1,0,0,75.74520547945205,6+ måneder
389,3000-01-01,Mand,utm_campaign=Basis_22&utm_content=App_android&utm_medium=Matrice&utm_source=App,0,0,0,0,0,2025-03-04,2025-05-03,0,0,Ingen afmelding,Ingen afmelding,3000-01-01,0,1,0,55.0027397260274,6+ måneder
185,2025-06-16,Mand,utm_campaign=Basis_22&utm_content=HeaderButtonRaised&utm_medium=Matrice&utm_source=jp.dk,1,1,5,0,5,2025-03-12,2025-05-11,7,9,Økonomi,Pris,2025-06-15,0,1,0,60.25205479452055,6+ måneder
181,2025-07-14,Mand,utm_campaign=Marts25&utm_content=b&utm_medium=mail&utm_source=mail,0,0,2,2,2,2025-03-07,2025-05-06,0,0,Tid,Ikke tid,2025-08-06,0,1,0,71.38356164383562,6+ måneder
61,2025-05-06,Mand,utm_campaign=Marts25&utm_content=B&utm_medium=content&utm_source=jp.dk,1,0,0,0,0,2025-03-08,2025-05-07,0,0,Tid,Ikke tid,2025-05-07,1,0,0,82.07397260273973,0-7 dage
369,3000-01-01,Mand,utm_campaign=Marts25&utm_content=B&utm_medium=content&utm_source=jp.dk,0,0,0,0,0,2025-03-24,2025-05-23,0,0,Ingen afmelding,Ingen afmelding,3000-01-01,0,1,0,64.96986301369863,6+ måneder
235,2025-04-13,Mand,utm_campaign=Marts25&utm_content=A&utm_medium=content&utm_source=jp.dk,0,0,0,0,0,2025-03-17,2025-05-16,0,0,Tid,Ikke tid,2025-05-16,1,0,0,50.38630136986301,6+ måneder
287,2025-05-22,Mand,utm_campaign=Basis_22&utm_content=HeaderButtonRaised&utm_medium=Matrice&utm_source=jp.dk,1,0,2,2,0,2025-03-15,2025-05-14,0,0,Andet,Administrativt,2025-05-22,0,1,1,93.55342465753425,6+ måneder
645,2025-06-02,Mand,utm_campaign=Marts25&utm_content=sc_b&utm_medium=mail&utm_source=mail,1,1,8,6,3,2025-03-21,2025-05-20,6,6,Andet,kunden ønsker ikke at oplyse,2025-06-20,0,1,0,81.06575342465753,6+ måneder
1777,3000-01-01,Mand,utm_campaign=Marts25&utm_content=sc_a&utm_medium=mail&utm_source=mail,0,1,1,0,0,2025-03-21,2025-05-20,1,1,Ingen afmelding,Ingen afmelding,3000-01-01,0,1,0,90.69589041095891,6+ måneder
187,2025-09-21,Kvinde,utm_campaign=Marts25&utm_content=A&utm_medium=content&utm_source=jp.dk,0,0,0,0,0,2025-03-18,2025-05-17,0,0,Andet,RVS,2025-09-20,0,1,0,31.627397260273973,6+ måneder
61,2025-04-08,Kvinde,utm_campaign=Marts25&utm_content=A&utm_medium=content&utm_source=jp.dk,0,0,0,0,0,2025-03-22,2025-05-21,0,0,Tid,Ikke tid,2025-05-21,1,0,0,43.99178082191781,6+ måneder
279,2025-06-05,Mand,utm_campaign=L%C3%B8rdag&utm_content=2025-03-08&utm_medium=email&utm_source=jp,0,1,5,4,2,2025-03-08,2025-05-07,2,3,Andet,RVS,2025-06-07,0,1,0,83.5095890410959,6+ måneder
129,2025-06-24,Mand,utm_campaign=Marts25&utm_content=A&utm_medium=content&utm_source=jp.dk,0,0,1,0,1,2025-03-20,2025-05-19,0,0,Økonomi,Pris,2025-07-19,0,1,0,46.583561643835615,6+ måneder
321,2025-03-28,Mand,utm_campaign=Marts25&utm_content=b&utm_medium=mail&utm_source=mail,0,1,1,1,0,2025-03-07,2025-05-06,0,0,Tid,Ikke tid,2025-05-06,1,0,0,63.94794520547945,6+ måneder
952,3000-01-01,Mand,utm_campaign=Marts25&utm_content=A&utm_medium=content&utm_source=jp.dk,0,0,4,2,2,2025-03-04,2025-05-03,8,8,Ingen afmelding,Ingen afmelding,3000-01-01,0,1,0,80.0027397260274,6+ måneder
313,2025-04-03,Kvinde,utm_campaign=Marts25&utm_content=b&utm_medium=mail&utm_source=mail,0,1,7,1,5,2025-03-05,2025-05-04,0,0,Tid,Ikke tid,2025-05-04,1,0,0,88.47671232876712,6+ måneder
61,2025-03-22,Mand,utm_campaign=Marts25&utm_content=A&utm_medium=content&utm_source=jp.dk,0,0,0,0,0,2025-03-22,2025-05-21,0,0,Produkt,Redaktionelt indhold / holdning,2025-05-21,1,0,0,29.682191780821917,6+ måneder
1028,2025-05-12,,utm_campaign=Marts25&utm_content=B&utm_medium=content&utm_source=jp.dk,1,1,6,3,2,2025-03-05,2025-05-04,0,0,Andet,Ingen årsag – ingen tlf kontakt,2025-06-04,0,1,0,63.85205479452055,6+ måneder
884,2025-05-23,Mand,utm_campaign=Marts25&utm_content=sc_b&utm_medium=mail&utm_source=mail,1,1,7,3,2,2025-03-21,2025-05-20,2,2,Tid,Ikke tid,2025-05-23,0,1,1,77.66575342465754,6+ måneder
670,3000-01-01,Mand,utm_campaign=Marts25&utm_medium=Weblayer&utm_source=jp.dk,0,1,4,2,2,2025-03-19,2025-05-18,0,0,Ingen afmelding,Ingen afmelding,3000-01-01,0,1,0,53.54520547945206,6+ måneder
92,2025-06-03,Mand,utm_campaign=Marts25&utm_content=A&utm_medium=content&utm_source=jp.dk,0,0,0,0,0,2025-03-19,2025-05-18,0,0,Andet,RVS,2025-06-18,0,1,0,52.136986301369866,6+ måneder
814,2025-08-25,Mand,utm_campaign=Marts25&utm_content=sc_b&utm_medium=mail&utm_source=mail,0,1,1,1,0,2025-03-21,2025-05-20,0,0,Andet,Administrativt,2025-08-24,0,1,0,74.57260273972602,6+ måneder
116,2025-04-16,Mand,utm_campaign=Marts25&utm_medium=topticker&utm_source=jp.dk,0,1,3,3,1,2025-03-22,2025-05-21,0,0,Tid,Ikke tid,2025-05-21,1,0,0,60.8,6+ måneder
425,2025-04-12,Mand,utm_campaign=Marts25&utm_content=A&utm_medium=content&utm_source=jp.dk,0,0,4,4,0,2025-03-12,2025-05-11,0,0,Tid,Ikke tid,2025-05-11,1,0,0,69.96438356164384,6+ måneder
1502,2026-03-09,Mand,utm_campaign=Marts25&utm_content=sc_a&utm_medium=mail&utm_source=mail,0,1,5,2,0,2025-03-23,2025-05-22,0,0,Andet,kunden ønsker ikke at oplyse,2026-04-29,0,1,0,82.31232876712329,6+ måneder
1366,2025-05-02,Mand,utm_campaign=Marts25&utm_content=a&utm_medium=mail&utm_source=mail,0,0,10,5,3,2025-03-07,2025-05-06,0,0,Økonomi,Pris,2025-05-06,1,0,0,61.84931506849315,6+ måneder
697,2025-03-23,Mand,utm_campaign=Marts25&utm_content=sc_b&utm_medium=mail&utm_source=mail,0,1,18,6,15,2025-03-23,2025-05-22,0,0,Økonomi,Pris,2025-05-22,1,0,0,50.94794520547945,6+ måneder
580,3000-01-01,Kvinde,utm_campaign=Marts25&utm_content=A&utm_medium=content&utm_source=jp.dk,0,0,3,2,1,2025-03-04,2025-05-03,1,1,Ingen afmelding,Ingen afmelding,3000-01-01,0,1,0,43.463013698630135,6+ måneder
1045,2026-03-14,Mand,utm_campaign=Marts25&utm_content=b&utm_medium=mail&utm_source=mail,0,1,7,5,1,2025-03-05,2025-05-04,0,0,Økonomi,Pris,2025-07-04,0,1,0,61.9013698630137,6+ måneder
137,2025-03-21,Mand,utm_campaign=Basis_22&utm_content=HeaderButtonRaised&utm_medium=Matrice&utm_source=jp.dk,0,0,1,1,0,2025-03-10,2025-05-09,0,0,Andet,Ingen årsag – ingen tlf kontakt,2025-05-09,1,0,0,59.865753424657534,6+ måneder
416,3000-01-01,Mand,utm_campaign=Marts25&utm_content=A&utm_medium=content&utm_source=jp.dk,0,0,1,1,0,2025-03-22,2025-05-21,0,0,Ingen afmelding,Ingen afmelding,3000-01-01,0,1,0,54.76164383561644,6+ måneder
221,2025-06-29,Kvinde,utm_campaign=Marts25&utm_content=sc_a&utm_medium=mail&utm_source=mail,0,1,2,1,1,2025-03-22,2025-05-21,19,18,Andet,kunden ønsker ikke at oplyse,2025-07-21,0,1,0,70.8082191780822,6+ måneder
601,2025-05-07,Mand,utm_campaign=Marts25&utm_content=b&utm_medium=mail&utm_source=mail,1,1,9,8,4,2025-03-06,2025-05-05,1,0,Tid,Ikke tid,2025-06-05,0,1,0,70.03287671232877,6+ måneder
613,2025-05-23,Mand,utm_campaign=Marts25&utm_content=sc_a&utm_medium=mail&utm_source=mail,1,0,7,3,2,2025-03-21,2025-05-20,0,1,Tid,Ikke tid,2025-06-20,0,1,0,68.32054794520548,6+ måneder
245,2025-11-10,Kvinde,utm_campaign=Marts25&utm_content=A&utm_medium=content&utm_source=jp.dk,0,0,0,0,0,2025-03-11,2025-05-10,0,0,Tid,Ikke tid,2025-11-10,0,1,0,69.76712328767124,0-7 dage
110,2025-04-16,Mand,utm_campaign=Basis_22&utm_content=HeaderButtonRaised&utm_medium=Matrice&utm_source=jp.dk,0,0,6,5,2,2025-03-17,2025-05-16,0,0,Økonomi,Pris,2025-05-16,1,0,0,43.04109589041096,6+ måneder
61,2025-04-20,Mand,utm_campaign=Basis_22&utm_content=HeaderButtonRaised&utm_medium=Matrice&utm_source=jp.dk,0,0,0,0,0,2025-03-03,2025-05-02,0,0,Tid,Ikke tid,2025-05-02,1,0,0,47.276712328767125,0-7 dage
528,2025-03-19,Mand,utm_campaign=Marts25&utm_content=A&utm_medium=content&utm_source=jp.dk,0,1,3,1,0,2025-03-13,2025-05-12,4,4,Andet,Administrativt,2025-05-12,1,0,0,60.75890410958904,6+ måneder
75,2025-04-26,Kvinde,utm_campaign=Marts25&utm_medium=Matrice&utm_source=jp.dk,0,1,1,0,1,2025-03-18,2025-05-17,0,0,Tid,Ikke tid,2025-05-17,1,0,0,32.6986301369863,6+ måneder
1161,2025-04-29,Mand,utm_campaign=Marts25&utm_content=sc_a&utm_medium=mail&utm_source=mail,0,1,14,6,8,2025-03-21,2025-05-01,0,0,Andet,Administrativt,2025-05-01,1,0,0,53.131506849315066,6+ måneder
410,2025-05-25,Mand,utm_campaign=Basis_22&utm_content=HeaderButtonRaised&utm_medium=Matrice&utm_source=jp.dk,0,0,9,3,1,2025-03-10,2025-05-09,0,0,Tid,Ikke tid,2025-06-09,0,1,0,53.81095890410959,6+ måneder
214,2025-10-21,Mand,utm_campaign=Marts25&utm_content=A&utm_medium=content&utm_source=jp.dk,0,0,0,0,0,2025-03-22,2025-05-21,0,0,Andet,Dårlig kundeservice / oplevelse,2025-10-21,0,1,0,57.134246575342466,6+ måneder
284,2025-04-08,,utm_campaign=Marts25&utm_content=sc_a&utm_medium=mail&utm_source=mail,0,1,4,0,3,2025-03-21,2025-05-20,0,0,Økonomi,Pris,2025-05-20,1,0,0,81.58082191780822,6+ måneder
61,2025-04-21,Kvinde,utm_campaign=Marts25&utm_content=A&utm_medium=content&utm_source=jp.dk,0,0,0,0,0,2025-03-09,2025-05-08,0,0,Tid,Ikke tid,2025-05-08,1,0,0,65.23287671232876,6+ måneder
122,2025-06-13,,utm_campaign=Basis_22&utm_content=HeaderButtonRaised&utm_medium=Matrice&utm_source=jp.dk,1,1,0,0,0,2025-03-08,2025-05-07,0,0,Andet,kunden ønsker ikke at oplyse,2025-07-07,0,1,0,25.487671232876714,0-7 dage
605,3000-01-01,Kvinde,utm_campaign=Marts25&utm_medium=Weblayer&utm_source=jp.dk,1,1,5,3,1,2025-03-20,2025-05-19,1,1,Ingen afmelding,Ingen afmelding,3000-01-01,0,1,0,75.95068493150686,6+ måneder
921,3000-01-01,Mand,utm_campaign=Marts25&utm_content=B&utm_medium=content&utm_source=jp.dk,0,0,2,2,0,2025-03-20,2025-05-19,0,0,Ingen afmelding,Ingen afmelding,3000-01-01,0,1,0,54.6986301369863,6+ måneder
453,2025-03-31,Mand,utm_campaign=Marts25&utm_content=A&utm_medium=content&utm_source=jp.dk,0,1,13,3,11,2025-03-23,2025-05-22,1,1,Økonomi,Pris,2025-05-22,1,0,0,76.11506849315069,6+ måneder
214,2025-09-08,Kvinde,utm_campaign=Marts25&utm_content=B&utm_medium=content&utm_source=jp.dk,0,1,0,0,0,2025-03-04,2025-05-03,0,0,Produkt,Redaktionelt indhold / holdning,2025-10-03,0,1,0,53.81917808219178,0-7 dage
1121,2025-04-29,Kvinde,utm_campaign=Marts25&utm_content=sc_a&utm_medium=mail&utm_source=mail,0,1,12,6,6,2025-03-22,2025-05-21,0,0,Tid,Ikke tid,2025-05-21,1,0,0,70.84109589041095,6+ måneder
283,2025-06-25,Mand,utm_campaign=Basis_22&utm_content=HeaderButtonRaised&utm_medium=Matrice&utm_source=jp.dk,0,0,4,0,3,2025-03-11,2025-05-10,0,0,Produkt,Anden avis/produkt,2025-07-10,0,1,0,67.3945205479452,6+ måneder
422,2025-04-30,Mand,utm_campaign=Marts25&utm_content=b&utm_medium=mail&utm_source=mail,0,1,6,1,5,2025-03-08,2025-05-07,0,0,Tid,Ikke tid,2025-05-07,1,0,0,79.17260273972603,6+ måneder
536,2025-05-13,Mand,utm_campaign=Marts25&utm_content=A&utm_medium=content&utm_source=jp.dk,0,1,1,1,0,2025-03-10,2025-05-09,0,0,Produkt,Anden avis/produkt,2025-06-09,0,1,0,53.61095890410959,6+ måneder
380,3000-01-01,Mand,utm_campaign=Basis_22&utm_content=HeaderButtonRaised&utm_medium=Matrice&utm_source=jp.dk,1,1,0,0,0,2025-03-13,2025-05-12,0,0,Ingen afmelding,Ingen afmelding,3000-01-01,0,1,0,70.43013698630136,0-7 dage
395,3000-01-01,Mand,utm_campaign=Marts25&utm_content=b&utm_medium=mail&utm_source=mail,1,1,1,0,1,2025-03-05,2025-05-04,0,0,Ingen afmelding,Ingen afmelding,3000-01-01,0,1,0,73.8027397260274,6+ måneder
636,3000-01-01,Mand,utm_campaign=Marts25&utm_content=sc_a&utm_medium=mail&utm_source=mail,1,1,1,0,0,2025-03-21,2025-05-20,0,0,Ingen afmelding,Ingen afmelding,3000-01-01,0,1,0,76.4958904109589,6+ måneder
565,2025-04-24,Mand,utm_campaign=Marts25&utm_content=b&utm_medium=mail&utm_source=mail,1,1,6,4,2,2025-03-17,2025-05-16,0,0,Tid,Ikke tid,2025-05-16,1,0,0,74.06575342465753,6+ måneder
92,2025-05-25,Mand,utm_campaign=Marts25&utm_content=A&utm_medium=content&utm_source=jp.dk,0,1,0,0,0,2025-03-23,2025-05-22,0,0,Tid,Ikke tid,2025-06-22,0,1,0,67.74246575342465,0-7 dage
61,2025-03-11,Mand,utm_campaign=Marts25&utm_content=A&utm_medium=content&utm_source=jp.dk,0,0,0,0,0,2025-03-11,2025-05-10,0,0,Produkt,Redaktionelt indhold / holdning,2025-05-10,1,0,0,37.20821917808219,6+ måneder
383,2026-03-10,Mand,utm_campaign=Marts25&utm_content=A&utm_medium=content&utm_source=jp.dk,0,0,0,0,0,2025-03-10,2025-05-09,0,0,Tid,Ikke tid,2026-04-09,0,1,0,29.964383561643835,6+ måneder
244,2025-04-18,Mand,utm_campaign=Basis_22&utm_content=HeaderButtonRaised&utm_medium=Matrice&utm_source=jp.dk,0,0,2,2,0,2025-03-14,2025-05-13,0,0,Tid,Ikke tid,2025-05-13,1,0,0,68.28767123287672,6+ måneder
61,2025-03-11,Kvinde,utm_campaign=Marts25&utm_content=A&utm_medium=content&utm_source=jp.dk,0,0,0,0,0,2025-03-11,2025-05-10,0,0,Produkt,Redaktionelt indhold / holdning,2025-05-10,1,0,0,58.20821917808219,0-7 dage
250,2025-04-18,Kvinde,utm_campaign=Marts25&utm_content=A&utm_medium=content&utm_source=jp.dk,0,1,3,2,1,2025-03-06,2025-05-05,0,0,Andet,kunden ønsker ikke at oplyse,2025-05-05,1,0,0,51.846575342465755,6+ måneder
243,2025-07-03,Mand,utm_campaign=Marts25&utm_content=B&utm_medium=content&utm_source=jp.dk,0,0,1,1,0,2025-03-11,2025-05-10,0,0,Økonomi,Pris,2025-07-10,0,1,0,81.11232876712329,6+ måneder
122,2025-06-24,Mand,utm_campaign=Marts25&utm_content=A&utm_medium=content&utm_source=jp.dk,0,0,0,0,0,2025-03-23,2025-05-22,0,0,Produkt,Redaktionelt indhold / holdning,2025-07-22,0,1,0,56.227397260273975,6+ måneder
61,2025-04-20,Mand,utm_campaign=Marts25&utm_content=B&utm_medium=content&utm_source=jp.dk,1,1,0,0,0,2025-03-05,2025-05-04,0,0,Tid,Ikke tid,2025-05-04,1,0,0,44.323287671232876,0-7 dage
913,2025-05-05,Mand,utm_campaign=Marts25&utm_content=sc_a&utm_medium=mail&utm_source=mail,1,1,5,4,1,2025-03-21,2025-05-20,0,0,Andet,Ingen årsag – ingen tlf kontakt,2025-05-20,1,0,0,70.47397260273972,6+ måneder
1068,3000-01-01,Mand,utm_campaign=Marts25&utm_content=B&utm_medium=content&utm_source=jp.dk,0,0,3,1,2,2025-03-10,2025-05-09,0,0,Ingen afmelding,Ingen afmelding,3000-01-01,0,1,0,61.367123287671234,6+ måneder
61,2025-05-02,Mand,utm_campaign=Marts25&utm_content=A&utm_medium=content&utm_source=jp.dk,0,0,0,0,0,2025-03-06,2025-05-05,0,0,Produkt,Kommercielt indhold,2025-05-05,1,0,0,67.0931506849315,0-7 dage
363,2025-10-24,Kvinde,utm_campaign=Marts25&utm_content=A&utm_medium=content&utm_source=jp.dk,1,0,4,2,3,2025-03-16,2025-05-15,13,19,Tid,Ikke tid,2025-11-15,0,1,0,85.93972602739726,6+ måneder
1599,2025-12-04,Mand,utm_campaign=Marts25&utm_content=A&utm_medium=content&utm_source=jp.dk,0,1,19,15,3,2025-03-23,2025-05-22,5,4,Andet,kunden ønsker ikke at oplyse,2025-11-22,0,1,0,51.1013698630137,6+ måneder
61,2025-03-18,Kvinde,utm_campaign=Basis_22&utm_content=HeaderButtonRaised&utm_medium=Matrice&utm_source=jp.dk,0,0,0,0,0,2025-03-05,2025-05-04,0,0,Tid,Ikke tid,2025-05-04,1,0,0,30.4,6+ måneder
111,2025-07-07,Mand,utm_campaign=Basis_22&utm_content=HeaderButtonRaised&utm_medium=Matrice&utm_source=jp.dk,0,0,0,0,0,2025-03-19,2025-05-18,0,0,Andet,RVS,2025-07-18,0,1,0,35.701369863013696,0-7 dage
497,2025-05-07,Kvinde,utm_campaign=Marts25&utm_content=b&utm_medium=mail&utm_source=mail,0,0,3,0,1,2025-03-07,2025-05-06,0,0,Økonomi,Ændring af vilkår,2025-05-06,1,0,0,76.75342465753425,6+ måneder
1673,3000-01-01,Kvinde,utm_campaign=Marts25&utm_content=sc_b&utm_medium=mail&utm_source=mail,0,1,10,6,4,2025-03-21,2025-05-20,0,0,Ingen afmelding,Ingen afmelding,3000-01-01,0,1,0,86.96164383561644,6+ måneder
900,2025-05-21,Mand,utm_campaign=Marts25&utm_content=A&utm_medium=content&utm_source=jp.dk,0,0,2,1,0,2025-03-12,2025-05-11,0,0,Andet,Ingen årsag – ingen tlf kontakt,2025-06-11,0,1,0,0.27123287671232876,6+ måneder
61,2025-03-14,Mand,utm_campaign=Marts25&utm_content=B&utm_medium=content&utm_source=jp.dk,0,0,0,0,0,2025-03-14,2025-05-13,0,0,Produkt,Redaktionelt indhold / holdning,2025-05-13,1,0,0,38.75342465753425,6+ måneder
2847,3000-01-01,Mand,utm_campaign=Marts25&utm_content=B&utm_medium=content&utm_source=jp.dk,0,1,2,0,0,2025-03-16,2025-05-15,4,4,Ingen afmelding,Ingen afmelding,3000-01-01,0,1,0,63.175342465753424,6+ måneder
642,2025-03-25,Mand,utm_campaign=Marts25&utm_content=sc_a&utm_medium=mail&utm_source=mail,1,1,6,3,1,2025-03-21,2025-03-28,0,0,Andet,Administrativt,2025-03-28,1,0,0,84.14520547945206,6+ måneder
351,2025-08-23,Kvinde,utm_campaign=Marts25&utm_content=B&utm_medium=content&utm_source=jp.dk,1,1,0,0,0,2025-03-09,2025-05-08,2,2,Tid,Ikke tid,2025-09-08,0,1,0,53.295890410958904,6+ måneder
147,2025-03-12,Mand,utm_campaign=Marts25&utm_content=B&utm_medium=content&utm_source=jp.dk,0,0,2,0,0,2025-03-05,2025-05-04,0,0,Andet,Ingen årsag – ingen tlf kontakt,2025-05-04,1,0,0,61.96986301369863,6+ måneder
1037,2025-12-18,Kvinde,utm_campaign=Marts25&utm_content=B&utm_medium=content&utm_source=jp.dk,0,0,1,1,0,2025-03-12,2025-05-11,0,0,Andet,kunden ønsker ikke at oplyse,2026-01-11,0,1,0,67.0054794520548,6+ måneder
167,2025-09-07,Mand,utm_campaign=Marts25&utm_content=A&utm_medium=content&utm_source=jp.dk,0,0,0,0,0,2025-03-24,2025-05-23,0,0,Tid,Ikke tid,2025-09-23,0,1,0,41.81643835616438,6+ måneder
245,2025-10-15,Mand,utm_campaign=Basis_22&utm_content=HeaderButtonRaised&utm_medium=Matrice&utm_source=jp.dk,0,0,0,0,0,2025-03-08,2025-05-07,0,0,Tid,Ikke tid,2025-11-07,0,1,0,74.21095890410959,0-7 dage
712,2025-11-09,Mand,utm_campaign=Marts25&utm_content=A&utm_medium=content&utm_source=jp.dk,0,1,8,1,1,2025-03-18,2025-05-17,0,0,Tid,Ikke tid,2025-11-17,0,1,0,81.63835616438357,6+ måneder
61,2025-03-11,Mand,utm_campaign=Marts25&utm_content=B&utm_medium=content&utm_source=jp.dk,0,0,0,0,0,2025-03-11,2025-05-10,0,0,Andet,kunden ønsker ikke at oplyse,2025-05-10,1,0,0,53.416438356164385,0-7 dage
383,3000-01-01,Mand,utm_campaign=Basis_22&utm_content=MegaMenu&utm_medium=Matrice&utm_source=jp.dk,0,0,0,0,0,2025-03-10,2025-05-09,0,0,Ingen afmelding,Ingen afmelding,3000-01-01,0,1,0,65.35068493150685,0-7 dage
682,2025-03-23,Mand,utm_campaign=Marts25&utm_content=sc_b&utm_medium=mail&utm_source=mail,0,1,8,7,2,2025-03-23,2025-05-22,0,0,Andet,kunden ønsker ikke at oplyse,2025-05-22,1,0,0,52.59178082191781,6+ måneder
469,2025-05-26,Mand,utm_campaign=Marts25&utm_medium=topticker&utm_source=jp.dk,1,1,2,1,1,2025-03-24,2025-05-23,1,1,Tid,Ikke tid,2025-06-23,0,1,0,57.821917808219176,6+ måneder
371,3000-01-01,Mand,utm_campaign=Marts25&utm_content=A&utm_medium=content&utm_source=jp.dk,0,0,0,0,0,2025-03-22,2025-05-21,0,0,Ingen afmelding,Ingen afmelding,3000-01-01,0,1,0,74.92328767123287,0-7 dage
61,2025-03-17,Mand,utm_campaign=Marts25&utm_content=A&utm_medium=content&utm_source=jp.dk,0,0,0,0,0,2025-03-17,2025-05-16,0,0,Produkt,Redaktionelt indhold / holdning,2025-05-16,1,0,0,64.15342465753425,6+ måneder
648,2026-01-23,Mand,utm_campaign=Marts25&utm_content=a&utm_medium=mail&utm_source=mail,1,1,1,1,0,2025-03-05,2025-05-04,3,3,Andet,Administrativt,2026-01-22,0,1,0,77.92602739726027,6+ måneder
505,2025-06-06,Mand,utm_campaign=Marts25&utm_content=A&utm_medium=content&utm_source=jp.dk,0,1,4,3,1,2025-03-06,2025-05-05,0,0,Andet,Ingen årsag – ingen tlf kontakt,2025-07-05,0,1,0,79.95068493150686,6+ måneder
155,2025-07-14,Mand,utm_campaign=Marts25&utm_content=A&utm_medium=content&utm_source=jp.dk,0,0,1,1,0,2025-03-10,2025-05-09,0,0,Andet,RVS,2025-07-13,0,1,0,28.26027397260274,6+ måneder
416,2025-03-27,Mand,utm_campaign=Basis_22&utm_content=HeaderButtonRaised&utm_medium=Matrice&utm_source=jp.dk,1,1,3,2,2,2025-03-11,2025-05-10,0,1,Tid,Ikke tid,2025-05-10,1,0,0,73.56712328767124,6+ måneder
75,2025-04-03,Mand,utm_campaign=Marts25&utm_content=sc_b&utm_medium=mail&utm_source=mail,0,1,0,0,0,2025-03-21,2025-05-20,0,0,Økonomi,Pris,2025-05-20,1,0,0,81.87671232876713,0-7 dage
388,3000-01-01,Mand,utm_campaign=Basis_22&utm_content=HeaderButtonRaised&utm_medium=Matrice&utm_source=jp.dk,0,0,0,0,0,2025-03-05,2025-05-04,0,0,Ingen afmelding,Ingen afmelding,3000-01-01,0,1,0,57.249315068493154,6+ måneder
270,2025-03-28,Kvinde,utm_campaign=Marts25&utm_content=A&utm_medium=content&utm_source=jp.dk,0,0,3,0,3,2025-03-16,2025-05-15,0,0,Tid,Ikke tid,2025-05-15,1,0,0,63.76164383561644,6+ måneder
276,2025-12-23,Kvinde,utm_campaign=Marts25&utm_content=B&utm_medium=content&utm_source=jp.dk,1,1,0,0,0,2025-03-22,2025-05-21,0,0,Digitalt,Tekniske problemer (kunde),2025-12-22,0,1,0,52.14794520547945,6+ måneder
998,2025-03-30,Mand,utm_campaign=Marts25&utm_content=sc_b&utm_medium=mail&utm_source=mail,0,1,13,7,7,2025-03-23,2025-05-22,0,0,Tid,Ikke tid,2025-05-22,1,0,0,76.77808219178083,6+ måneder
61,2025-05-22,Mand,utm_campaign=Marts25&utm_medium=topticker&utm_source=jp.dk,0,0,0,0,0,2025-03-22,2025-05-21,0,0,Andet,Ingen årsag – ingen tlf kontakt,2025-05-21,1,0,0,77.64657534246575,0-7 dage
350,2025-07-29,Mand,utm_campaign=Basis_22&utm_content=HeaderButtonRaised&utm_medium=Matrice&utm_source=jp.dk,0,0,1,1,0,2025-03-15,2025-05-14,0,0,Økonomi,Pris,2025-11-14,0,1,0,25.947945205479453,1-6 måneder
1537,2025-03-22,Mand,utm_campaign=Marts25&utm_content=sc_b&utm_medium=mail&utm_source=mail,1,1,9,4,5,2025-03-22,2025-05-21,2,2,Økonomi,Pris,2025-05-21,1,0,0,61.032876712328765,6+ måneder
485,2025-03-18,Kvinde,utm_campaign=Marts25&utm_content=A&utm_medium=content&utm_source=jp.dk,0,1,6,4,2,2025-03-07,2025-05-06,1,1,Andet,Ingen årsag – ingen tlf kontakt,2025-05-06,1,0,0,76.83013698630137,6+ måneder
911,2025-04-28,Mand,utm_campaign=Marts25&utm_content=B&utm_medium=content&utm_source=jp.dk,0,1,5,4,0,2025-03-04,2025-05-03,0,0,Produkt,Redaktionelt indhold / holdning,2025-05-03,1,0,0,56.391780821917806,6+ måneder
95,2025-06-24,Kvinde,utm_campaign=Marts25&utm_content=A&utm_medium=content&utm_source=jp.dk,1,1,0,0,0,2025-03-21,2025-05-20,0,0,Andet,RVS,2025-06-23,0,1,0,20.695890410958903,6+ måneder
594,2025-03-10,Mand,utm_campaign=Marts25&utm_content=A&utm_medium=content&utm_source=jp.dk,0,0,6,5,1,2025-03-10,2025-05-09,0,0,Andet,kunden ønsker ikke at oplyse,2025-05-09,1,0,0,53.87123287671233,6+ måneder
1142,2025-12-04,,utm_campaign=Marts25&utm_content=a&utm_medium=mail&utm_source=mail,0,1,12,11,3,2025-03-05,2025-05-04,3,3,Produkt,Anden avis/produkt,2025-12-04,0,1,0,54.59178082191781,6+ måneder
1406,2025-03-05,Mand,utm_campaign=Marts25&utm_content=A&utm_medium=content&utm_source=jp.dk,1,1,30,17,13,2025-03-05,2025-05-04,0,0,Økonomi,Pris,2025-05-04,1,0,0,54.43561643835616,6+ måneder
936,2025-12-16,Kvinde,utm_campaign=Marts25&utm_content=B&utm_medium=content&utm_source=jp.dk,0,1,14,5,8,2025-03-14,2025-05-13,0,0,Økonomi,Pris,2026-01-13,0,1,0,51.416438356164385,6+ måneder
191,2025-05-21,Mand,utm_campaign=Marts25&utm_content=sc_b&utm_medium=mail&utm_source=mail,1,1,3,1,1,2025-03-21,2025-05-20,0,0,Produkt,Redaktionelt indhold / holdning,2025-06-20,0,1,0,56.85205479452055,6+ måneder
61,2025-03-18,Mand,utm_campaign=Marts25&utm_content=A&utm_medium=content&utm_source=jp.dk,0,0,0,0,0,2025-03-18,2025-05-17,0,0,Andet,kunden ønsker ikke at oplyse,2025-05-17,1,0,0,39.72054794520548,0-7 dage
225,2025-06-21,Mand,utm_campaign=Marts25&utm_content=A&utm_medium=content&utm_source=jp.dk,0,1,9,2,8,2025-03-21,2025-05-20,2,2,Produkt,Redaktionelt indhold / holdning,2025-07-20,0,1,0,56.69041095890411,6+ måneder
332,2025-06-27,Mand,utm_campaign=Marts25&utm_content=A&utm_medium=content&utm_source=jp.dk,0,0,1,1,0,2025-03-03,2025-05-02,0,0,Økonomi,Pris,2025-07-02,0,1,0,38.704109589041096,6+ måneder
371,3000-01-01,Mand,utm_campaign=Marts25&utm_content=A&utm_medium=content&utm_source=jp.dk,0,1,0,0,0,2025-03-22,2025-05-21,0,0,Ingen afmelding,Ingen afmelding,3000-01-01,0,1,0,46.010958904109586,6+ måneder
352,2025-10-15,Kvinde,utm_campaign=Marts25&utm_content=A&utm_medium=content&utm_source=jp.dk,0,1,4,2,3,2025-03-05,2025-05-04,0,0,Økonomi,Pris,2025-11-04,0,1,0,80.58082191780822,6+ måneder
587,3000-01-01,Mand,utm_campaign=Marts25&utm_content=A&utm_medium=content&utm_source=jp.dk,0,1,1,1,0,2025-03-20,2025-05-19,0,0,Ingen afmelding,Ingen afmelding,3000-01-01,0,1,0,62.90684931506849,6+ måneder
581,2025-06-04,Kvinde,utm_campaign=Basis_22&utm_content=HeaderButtonRaised&utm_medium=Matrice&utm_source=jp.dk,1,0,2,2,0,2025-03-17,2025-05-16,0,0,Tid,Ikke tid,2025-06-16,0,1,0,74.26027397260275,6+ måneder
380,3000-01-01,Mand,utm_campaign=Marts25&utm_content=A&utm_medium=content&utm_source=jp.dk,0,0,0,0,0,2025-03-13,2025-05-12,0,0,Ingen afmelding,Ingen afmelding,3000-01-01,0,1,0,56.989041095890414,0-7 dage
290,2025-03-26,Mand,utm_campaign=Marts25&utm_content=A&utm_medium=content&utm_source=jp.dk,0,1,3,1,1,2025-03-20,2025-05-19,1,1,Andet,kunden ønsker ikke at oplyse,2025-05-19,1,0,0,50.156164383561645,6+ måneder
418,2025-06-24,Mand,utm_campaign=Marts25&utm_content=A&utm_medium=content&utm_source=jp.dk,0,0,1,1,0,2025-03-20,2025-05-19,0,0,Andet,kunden ønsker ikke at oplyse,2025-07-19,0,1,0,73.05753424657534,1-6 måneder
61,2025-03-17,Kvinde,utm_campaign=Marts25&utm_content=e-avis_ikkeabn&utm_medium=matrice&utm_source=jp.dk,0,0,0,0,0,2025-03-17,2025-05-16,0,0,Produkt,Redaktionelt indhold / holdning,2025-05-16,1,0,0,29.934246575342467,6+ måneder
274,2025-03-20,Mand,utm_campaign=Marts25&utm_content=A&utm_medium=content&utm_source=jp.dk,0,1,1,1,0,2025-03-20,2025-05-19,0,0,Andet,kunden ønsker ikke at oplyse,2025-05-19,1,0,0,35.9972602739726,6+ måneder
184,2025-04-13,Mand,utm_campaign=Marts25&utm_content=A&utm_medium=content&utm_source=jp.dk,0,0,1,1,0,2025-03-08,2025-05-07,0,0,Tid,Ikke tid,2025-05-07,1,0,0,46.723287671232875,6+ måneder
372,3000-01-01,Mand,utm_campaign=Marts25&utm_content=B&utm_medium=content&utm_source=jp.dk,0,0,0,0,0,2025-03-21,2025-05-20,0,0,Ingen afmelding,Ingen afmelding,3000-01-01,0,1,0,45.868493150684934,1-6 måneder
1290,3000-01-01,Kvinde,utm_campaign=Marts25&utm_content=a&utm_medium=mail&utm_source=mail,1,1,5,1,0,2025-03-05,2025-05-04,14,14,Ingen afmelding,Ingen afmelding,3000-01-01,0,1,0,77.75616438356164,6+ måneder
653,2025-07-03,Mand,utm_campaign=Marts25&utm_content=sc_a&utm_medium=mail&utm_source=mail,1,1,6,3,3,2025-03-22,2025-05-21,0,0,Andet,kunden ønsker ikke at oplyse,2025-07-21,0,1,0,74.86575342465754,6+ måneder
697,2025-06-23,Mand,utm_campaign=Marts25&utm_content=b&utm_medium=mail&utm_source=mail,1,1,6,4,3,2025-03-05,2025-05-04,0,0,Andet,Ingen årsag – ingen tlf kontakt,2025-07-04,0,1,0,73.16986301369863,6+ måneder
654,2025-03-06,Kvinde,utm_campaign=Marts25&utm_content=a&utm_medium=mail&utm_source=mail,0,1,6,4,3,2025-03-06,2025-05-05,1,0,Andet,kunden ønsker ikke at oplyse,2025-05-05,1,0,0,74.64109589041095,6+ måneder
61,2025-03-15,Kvinde,utm_campaign=Basis_22&utm_content=HeaderButtonRaised&utm_medium=Matrice&utm_source=jp.dk,0,0,0,0,0,2025-03-15,2025-05-14,0,0,Produkt,Redaktionelt indhold / holdning,2025-05-14,1,0,0,54.75890410958904,0-7 dage
275,2025-12-02,Kvinde,utm_campaign=Marts25&utm_content=B&utm_medium=content&utm_source=jp.dk,1,1,0,0,0,2025-03-22,2025-05-21,0,0,Tid,Ikke tid,2025-12-21,0,1,0,47.057534246575344,0-7 dage
200,2025-06-24,Kvinde,utm_campaign=Marts25&utm_content=B&utm_medium=content&utm_source=jp.dk,1,1,1,1,0,2025-03-21,2025-05-20,0,0,Andet,RVS,2025-06-23,0,1,0,43.441095890410956,6+ måneder
833,2025-03-09,Mand,utm_campaign=Marts25&utm_content=A&utm_medium=content&utm_source=jp.dk,0,0,11,6,2,2025-03-09,2025-05-08,0,0,Økonomi,Pris,2025-05-08,1,0,0,53.42191780821918,6+ måneder
61,2025-03-11,Mand,utm_campaign=Marts25&utm_medium=Matrice&utm_source=jp.dk,0,0,0,0,0,2025-03-11,2025-05-10,0,0,Produkt,Redaktionelt indhold / holdning,2025-05-10,1,0,0,44.6986301369863,0-7 dage
768,2025-04-08,Mand,utm_campaign=Marts25&utm_content=sc_a&utm_medium=mail&utm_source=mail,1,1,6,3,3,2025-03-23,2025-05-22,0,0,Produkt,Anden avis/produkt,2025-05-22,1,0,0,59.8,6+ måneder
239,2025-07-11,Mand,utm_campaign=Marts25&utm_content=a&utm_medium=mail&utm_source=mail,0,1,4,1,3,2025-03-05,2025-05-04,1,1,Andet,Administrativt,2025-08-04,0,1,0,72.32054794520548,6+ måneder
587,2025-03-30,Mand,utm_campaign=Marts25&utm_content=b&utm_medium=mail&utm_source=mail,0,1,14,8,7,2025-03-05,2025-05-04,3,3,Tid,Ikke tid,2025-05-04,1,0,0,52.04109589041096,6+ måneder
61,2025-04-07,Mand,utm_campaign=Marts25&utm_content=A&utm_medium=content&utm_source=jp.dk,0,0,0,0,0,2025-03-17,2025-05-16,0,0,Produkt,Redaktionelt indhold / holdning,2025-05-16,1,0,0,20.438356164383563,0-7 dage
34,2025-03-11,Mand,utm_campaign=Marts25&utm_content=B&utm_medium=content&utm_source=jp.dk,0,0,5,0,5,2025-03-05,2025-03-10,0,0,Salg,Annulleret køb,2025-03-10,1,0,0,66.2986301369863,6+ måneder
122,2025-06-26,Mand,utm_campaign=Marts25&utm_content=A&utm_medium=content&utm_source=jp.dk,0,0,0,0,0,2025-03-13,2025-05-12,0,0,Tid,Ikke tid,2025-07-12,0,1,0,75.58630136986301,0-7 dage
214,2025-03-19,Mand,utm_campaign=Marts25&utm_content=Footer&utm_medium=Matrice&utm_source=jp.dk,0,1,2,2,0,2025-03-19,2025-05-18,2,2,Økonomi,Pris,2025-05-18,1,0,0,53.676712328767124,6+ måneder
1106,2025-03-05,Kvinde,utm_campaign=&utm_content=genbesog_JP_digital&utm_medium=ppc&utm_source=adwords&utm_term=jyllands-posten+abonnementer,0,1,16,11,6,2025-03-05,2025-05-04,0,0,Andet,kunden ønsker ikke at oplyse,2025-05-04,1,0,0,61.68767123287671,6+ måneder
449,2025-05-08,Mand,utm_campaign=Marts25&utm_medium=topticker&utm_source=jp.dk,0,0,1,1,0,2025-03-12,2025-05-11,0,0,Andet,Ingen årsag – ingen tlf kontakt,2025-05-11,1,0,0,72.23013698630137,6+ måneder
380,3000-01-01,Kvinde,utm_campaign=Marts25&utm_content=A&utm_medium=content&utm_source=jp.dk,0,1,0,0,0,2025-03-13,2025-05-12,0,0,Ingen afmelding,Ingen afmelding,3000-01-01,0,1,0,51.443835616438356,0-7 dage
382,3000-01-01,Mand,utm_campaign=Marts25&utm_content=A&utm_medium=content&utm_source=jp.dk,0,0,0,0,0,2025-03-11,2025-05-10,0,0,Ingen afmelding,Ingen afmelding,3000-01-01,0,1,0,58.824657534246576,6+ måneder
122,2025-04-10,Kvinde,utm_campaign=Marts25&utm_content=A&utm_medium=content&utm_source=jp.dk,0,0,1,1,0,2025-03-05,2025-05-04,0,0,Tid,Ikke tid,2025-05-04,1,0,0,35.983561643835614,6+ måneder
127,2025-03-24,Mand,utm_campaign=Marts25&utm_medium=topticker&utm_source=jp.dk,0,1,6,0,5,2025-03-23,2025-05-22,0,0,Andet,kunden ønsker ikke at oplyse,2025-05-22,1,0,0,52.726027397260275,6+ måneder
512,3000-01-01,,utm_campaign=Marts25&utm_content=sc_b&utm_medium=mail&utm_source=mail,0,1,3,1,2,2025-03-23,2025-05-22,0,0,Ingen afmelding,Ingen afmelding,3000-01-01,0,1,0,60.273972602739725,6+ måneder
460,2025-03-19,Mand,utm_campaign=Marts25&utm_content=B&utm_medium=content&utm_source=jp.dk,0,0,2,2,0,2025-03-19,2025-05-18,0,0,Andet,kunden ønsker ikke at oplyse,2025-05-18,1,0,0,62.41917808219178,6+ måneder
61,2025-03-12,Mand,utm_campaign=Marts25&utm_content=A&utm_medium=content&utm_source=jp.dk,0,0,0,0,0,2025-03-09,2025-05-08,0,0,Produkt,Redaktionelt indhold / holdning,2025-05-08,1,0,0,31.964383561643835,6+ måneder
336,2025-12-10,Mand,utm_campaign=Marts25&utm_content=B&utm_medium=content&utm_source=jp.dk,1,1,0,0,0,2025-03-08,2025-05-07,0,0,Økonomi,Prisstigning,2026-01-31,0,1,0,66.0027397260274,0-7 dage
398,2025-05-06,Mand,utm_campaign=Marts25&utm_content=B&utm_medium=content&utm_source=jp.dk,0,0,2,1,0,2025-03-07,2025-05-06,0,0,Tid,Ikke tid,2025-05-06,1,0,0,62.42739726027397,6+ måneder
92,2025-06-02,Mand,utm_campaign=Marts25&utm_content=A&utm_medium=content&utm_source=jp.dk,0,0,0,0,0,2025-03-20,2025-05-19,0,0,Tid,Ikke tid,2025-06-19,0,1,0,50.772602739726025,0-7 dage
547,3000-01-01,Mand,utm_campaign=Marts25&utm_content=sc_a&utm_medium=mail&utm_source=mail,0,1,2,1,1,2025-03-21,2025-05-20,7,7,Ingen afmelding,Ingen afmelding,3000-01-01,0,1,0,59.78356164383562,6+ måneder
408,3000-01-01,Mand,utm_campaign=Marts25&utm_content=A&utm_medium=content&utm_source=jp.dk,0,0,1,0,1,2025-03-06,2025-05-05,0,0,Ingen afmelding,Ingen afmelding,3000-01-01,0,1,0,73.48493150684932,6+ måneder
283,2025-03-31,Kvinde,utm_campaign=Marts25&utm_content=A&utm_medium=content&utm_source=jp.dk,1,1,2,1,0,2025-03-05,2025-05-04,0,0,Produkt,Redaktionelt indhold / holdning,2025-05-04,1,0,0,89.17534246575343,6+ måneder
753,3000-01-01,Mand,utm_campaign=Basis_22&utm_content=HeaderButtonRaised&utm_medium=Matrice&utm_source=jp.dk,0,1,2,1,1,2025-03-17,2025-05-16,1,1,Ingen afmelding,Ingen afmelding,3000-01-01,0,1,0,48.78630136986301,6+ måneder
245,2025-10-16,Mand,utm_campaign=Marts25&utm_content=6657291290052&utm_medium=fb_matrice&utm_source=some&utm_term=6657291290252,0,0,0,0,0,2025-03-16,2025-05-15,0,0,Økonomi,Pris,2025-11-15,0,1,0,67.07671232876713,6+ måneder
61,2025-05-12,Mand,utm_campaign=Basis_22&utm_content=HeaderButtonRaised&utm_medium=Matrice&utm_source=jp.dk,0,0,0,0,0,2025-03-12,2025-05-11,0,0,Andet,Ingen årsag – ingen tlf kontakt,2025-05-11,1,0,0,75.28493150684932,6+ måneder
383,2026-03-07,Mand,utm_campaign=Basis_22&utm_content=HeaderButtonRaised&utm_medium=Matrice&utm_source=jp.dk,0,0,0,0,0,2025-03-10,2025-05-09,0,0,Produkt,Redaktionelt indhold / holdning,2026-04-29,0,1,0,61.463013698630135,0-7 dage
61,2025-03-13,Mand,utm_campaign=Marts25&utm_content=A&utm_medium=content&utm_source=jp.dk,0,0,0,0,0,2025-03-12,2025-05-11,0,0,Produkt,Redaktionelt indhold / holdning,2025-05-11,1,0,0,62.06027397260274,0-7 dage
697,2025-04-07,Kvinde,utm_campaign=Marts25&utm_content=e-avis_ikkeabn&utm_medium=matrice&utm_source=jp.dk,0,1,9,5,5,2025-03-04,2025-05-03,0,0,Tid,Ikke tid,2025-05-03,1,0,0,78.84657534246575,6+ måneder
120,2025-05-14,Mand,utm_campaign=Basis_22&utm_content=HeaderButtonRaised&utm_medium=Matrice&utm_source=jp.dk,1,1,0,0,0,2025-03-05,2025-05-04,3,3,Andet,kunden ønsker ikke at oplyse,2025-06-04,0,1,0,66.01643835616439,6+ måneder
122,2025-04-22,Kvinde,utm_campaign=Basis_22&utm_content=HeaderButtonRaised&utm_medium=Matrice&utm_source=jp.dk,0,0,1,1,0,2025-03-04,2025-05-03,0,0,Tid,Ikke tid,2025-05-03,1,0,0,64.34246575342466,6+ måneder
420,2025-03-21,Mand,utm_campaign=Marts25&utm_content=a&utm_medium=mail&utm_source=mail,0,1,5,4,1,2025-03-06,2025-05-05,0,0,Andet,kunden ønsker ikke at oplyse,2025-05-05,1,0,0,60.43287671232877,6+ måneder
433,2025-03-09,Mand,utm_campaign=Marts25&utm_content=b&utm_medium=mail&utm_source=mail,1,1,2,2,1,2025-03-08,2025-05-07,1,1,Andet,kunden ønsker ikke at oplyse,2025-05-07,1,0,0,58.58904109589041,6+ måneder
61,2025-04-16,,utm_campaign=Basis_22&utm_content=MegaMenu&utm_medium=Matrice&utm_source=jp.dk,0,0,0,0,0,2025-03-17,2025-05-16,0,0,Tid,Ikke tid,2025-05-16,1,0,0,20.843835616438355,0-7 dage
321,2025-05-02,Mand,utm_campaign=Basis_22&utm_content=HeaderButtonRaised&utm_medium=Matrice&utm_source=jp.dk,1,1,4,1,2,2025-03-21,2025-05-20,13,14,Produkt,Redaktionelt indhold / holdning,2025-05-20,1,0,0,78.8958904109589,6+ måneder
912,3000-01-01,Kvinde,utm_campaign=Marts25&utm_content=a&utm_medium=mail&utm_source=mail,0,1,6,1,4,2025-03-06,2025-05-05,9,9,Ingen afmelding,Ingen afmelding,3000-01-01,0,1,0,67.56438356164384,6+ måneder
122,2025-07-06,Kvinde,utm_campaign=Marts25&utm_medium=Matrice&utm_source=jp.dk,0,0,0,0,0,2025-03-17,2025-05-16,0,0,Tid,Ikke tid,2025-07-16,0,1,0,73.84383561643835,6+ måneder
381,3000-01-01,Mand,utm_campaign=Marts25&utm_content=B&utm_medium=content&utm_source=jp.dk,0,0,0,0,0,2025-03-12,2025-05-11,0,0,Ingen afmelding,Ingen afmelding,3000-01-01,0,1,0,70.18356164383562,0-7 dage
372,3000-01-01,Mand,utm_campaign=Marts25&utm_content=sc_a&utm_medium=mail&utm_source=mail,1,1,0,0,0,2025-03-21,2025-05-20,0,0,Ingen afmelding,Ingen afmelding,3000-01-01,0,1,0,81.82465753424657,6+ måneder
844,2025-04-14,Mand,utm_campaign=Marts25&utm_content=A&utm_medium=content&utm_source=jp.dk,0,0,6,4,0,2025-03-23,2025-05-22,0,0,Tid,Sæsonpause,2025-05-22,1,0,0,85.1945205479452,6+ måneder
153,2025-07-31,Kvinde,utm_campaign=Marts25&utm_content=A&utm_medium=content&utm_source=jp.dk,1,1,0,0,0,2025-03-20,2025-05-19,0,0,Tid,Ikke tid,2025-08-19,0,1,0,67.43013698630136,0-7 dage
92,2025-05-18,Kvinde,utm_campaign=Marts25&utm_content=B&utm_medium=content&utm_source=jp.dk,0,0,0,0,0,2025-03-17,2025-05-16,0,0,Produkt,Redaktionelt indhold / holdning,2025-06-16,0,1,0,49.41917808219178,0-7 dage
92,2025-05-09,Kvinde,utm_campaign=Marts25&utm_content=A&utm_medium=content&utm_source=jp.dk,0,0,1,1,0,2025-03-11,2025-05-10,0,0,Tid,Ikke tid,2025-05-10,1,0,0,65.33698630136986,6+ måneder
99,2025-05-14,Kvinde,utm_campaign=Basis_22&utm_content=HeaderButtonRaised&utm_medium=Matrice&utm_source=jp.dk,1,1,1,0,0,2025-03-21,2025-05-20,0,0,Produkt,Redaktionelt indhold / holdning,2025-05-20,1,0,0,69.91780821917808,6+ måneder
245,2025-11-04,Mand,utm_campaign=Marts25&utm_content=B&utm_medium=content&utm_source=jp.dk,0,0,0,0,0,2025-03-18,2025-05-17,0,0,Tid,Ikke tid,2025-11-17,0,1,0,73.1041095890411,0-7 dage
1572,3000-01-01,Mand,utm_campaign=Marts25&utm_content=A&utm_medium=content&utm_source=jp.dk,0,1,8,3,2,2025-03-08,2025-05-07,0,0,Ingen afmelding,Ingen afmelding,3000-01-01,0,1,0,53.37808219178082,6+ måneder
902,3000-01-01,Mand,utm_campaign=Marts25&utm_content=B&utm_medium=content&utm_source=jp.dk,0,1,8,2,5,2025-03-23,2025-05-22,0,0,Ingen afmelding,Ingen afmelding,3000-01-01,0,1,0,88.57808219178082,6+ måneder
371,3000-01-01,Mand,utm_campaign=Basis_22&utm_content=HeaderButtonRaised&utm_medium=Matrice&utm_source=jp.dk,1,1,0,0,0,2025-03-22,2025-05-21,0,2,Ingen afmelding,Ingen afmelding,3000-01-01,0,1,0,64.56986301369864,0-7 dage
61,2025-04-02,Mand,utm_campaign=Marts25&utm_content=A&utm_medium=content&utm_source=jp.dk,0,0,0,0,0,2025-03-10,2025-05-09,0,0,Andet,kunden ønsker ikke at oplyse,2025-05-09,1,0,0,47.26301369863014,6+ måneder
184,2025-04-12,Mand,utm_campaign=Marts25&utm_content=A&utm_medium=content&utm_source=jp.dk,0,0,1,0,0,2025-03-07,2025-05-06,0,0,Produkt,Redaktionelt indhold / holdning,2025-05-06,1,0,0,51.83287671232877,6+ måneder
66,2025-05-27,Mand,utm_campaign=Marts25&utm_medium=Weblayer&utm_source=jp.dk,0,0,0,0,0,2025-03-23,2025-05-22,0,0,Tid,Ikke tid,2025-05-27,0,1,1,48.41095890410959,6+ måneder
61,2025-05-11,Kvinde,utm_campaign=Marts25&utm_content=A&utm_medium=content&utm_source=jp.dk,0,0,0,0,0,2025-03-23,2025-05-22,0,0,Andet,kunden ønsker ikke at oplyse,2025-05-22,1,0,0,30.991780821917807,6+ måneder
75,2025-03-12,Kvinde,utm_campaign=Marts25&utm_content=6664621143452&utm_medium=fb_matrice&utm_source=some&utm_term=6657291290252,0,0,0,0,0,2025-03-12,2025-05-11,0,0,Andet,kunden ønsker ikke at oplyse,2025-05-11,1,0,0,69.86849315068493,0-7 dage
653,2025-04-29,Mand,utm_campaign=Marts25&utm_content=b&utm_medium=mail&utm_source=mail,0,1,3,3,0,2025-03-06,2025-05-05,3,3,Tid,Ikke tid,2025-05-05,1,0,0,76.02191780821917,6+ måneder
92,2025-05-14,Kvinde,utm_campaign=Marts25&utm_content=A&utm_medium=content&utm_source=jp.dk,0,0,0,0,0,2025-03-12,2025-05-11,0,0,Produkt,Redaktionelt indhold / holdning,2025-06-11,0,1,0,20.654794520547945,8-30 dage
122,2025-06-17,Kvinde,utm_campaign=Marts25&utm_content=B&utm_medium=content&utm_source=jp.dk,0,0,0,0,0,2025-03-12,2025-05-11,0,0,Andet,Ingen årsag – ingen tlf kontakt,2025-07-11,0,1,0,67.33424657534246,0-7 dage
327,2025-06-06,Mand,utm_campaign=Marts25&utm_content=A&utm_medium=content&utm_source=jp.dk,1,1,0,0,0,2025-03-14,2025-05-13,1,1,Tid,Ikke tid,2025-06-13,0,1,0,64.82739726027397,6+ måneder
61,2025-03-23,Mand,utm_campaign=Marts25&utm_content=A&utm_medium=content&utm_source=jp.dk,0,0,0,0,0,2025-03-23,2025-05-22,0,0,Produkt,Redaktionelt indhold / holdning,2025-05-22,1,0,0,69.2027397260274,6+ måneder
461,2025-05-04,Kvinde,utm_campaign=Basis_22&utm_content=HeaderButtonRaised&utm_medium=Matrice&utm_source=jp.dk,0,1,2,2,0,2025-03-11,2025-05-10,0,0,Tid,Ikke tid,2025-05-10,1,0,0,71.67945205479452,6+ måneder
510,2025-03-23,Mand,utm_campaign=S%C3%B8ndag&utm_content=2025-03-23&utm_medium=email&utm_source=jp,0,1,2,2,0,2025-03-23,2025-05-22,10,9,Økonomi,Pris,2025-05-22,1,0,0,63.61643835616438,6+ måneder
61,2025-04-24,Mand,utm_campaign=Marts25&utm_content=sc_a&utm_medium=mail&utm_source=mail,0,1,0,0,0,2025-03-23,2025-05-22,3,3,Digitalt,Oprettet med forkert e-mail,2025-05-22,1,0,0,79.46849315068494,0-7 dage
858,2025-05-17,Kvinde,utm_campaign=Marts25&utm_content=B&utm_medium=content&utm_source=jp.dk,0,1,19,7,10,2025-03-05,2025-05-04,1,1,Tid,Ikke tid,2025-06-04,0,1,0,54.728767123287675,6+ måneder
480,2025-04-07,Mand,utm_campaign=Marts25&utm_content=a&utm_medium=mail&utm_source=mail,1,1,11,8,4,2025-03-07,2025-05-06,0,0,Andet,kunden ønsker ikke at oplyse,2025-05-06,1,0,0,72.23561643835616,6+ måneder
62,2025-05-14,Kvinde,utm_campaign=Marts25&utm_content=6657291559852&utm_medium=fb_forside&utm_source=some&utm_term=6657291559452,0,1,0,0,0,2025-03-13,2025-05-12,0,2,Salg,Annulleret køb,2025-05-13,0,1,1,55.50684931506849,0-7 dage
1420,2025-05-19,Kvinde,utm_campaign=Basis_22&utm_content=HeaderButtonRaised&utm_medium=Matrice&utm_source=jp.dk,0,1,8,3,0,2025-03-21,2025-05-20,0,0,Økonomi,Pris,2025-05-20,1,0,0,73.04657534246576,6+ måneder
153,2025-03-23,Kvinde,utm_campaign=Marts25&utm_content=A&utm_medium=content&utm_source=jp.dk,0,0,0,0,0,2025-03-07,2025-05-06,0,0,Andet,kunden ønsker ikke at oplyse,2025-05-06,1,0,0,76.47671232876712,0-7 dage
422,2025-06-16,Kvinde,utm_campaign=Basis_22&utm_content=HeaderButtonRaised&utm_medium=Matrice&utm_source=jp.dk,1,1,6,1,5,2025-03-11,2025-05-10,9,10,Andet,Ingen årsag – ingen tlf kontakt,2025-07-10,0,1,0,81.24657534246575,6+ måneder
1200,2025-03-10,Mand,utm_campaign=Basis_22&utm_content=HeaderButtonRaised&utm_medium=Matrice&utm_source=jp.dk,0,0,13,5,7,2025-03-10,2025-05-09,1,1,Økonomi,Pris,2025-05-09,1,0,0,75.1945205479452,6+ måneder
313,2025-12-11,Mand,utm_campaign=Marts25&utm_content=sc_a&utm_medium=mail&utm_source=mail,0,1,0,0,0,2025-03-21,2025-05-20,6,6,Andet,kunden ønsker ikke at oplyse,2025-12-20,0,1,0,68.35068493150685,6+ måneder
1362,3000-01-01,Mand,utm_campaign=Marts25&utm_content=A&utm_medium=content&utm_source=jp.dk,0,0,5,4,0,2025-03-21,2025-05-20,0,0,Ingen afmelding,Ingen afmelding,3000-01-01,0,1,0,49.20821917808219,6+ måneder
153,2025-07-23,Mand,utm_campaign=Marts25&utm_content=A&utm_medium=content&utm_source=jp.dk,0,0,0,0,0,2025-03-21,2025-05-20,0,0,Produkt,Redaktionelt indhold / holdning,2025-08-20,0,1,0,40.989041095890414,6+ måneder
306,2025-05-12,Kvinde,utm_campaign=Basis_22&utm_content=HeaderButtonRaised&utm_medium=Matrice&utm_source=jp.dk,0,0,0,0,0,2025-03-18,2025-05-17,0,0,Tid,Ikke tid,2025-05-17,1,0,0,45.035616438356165,6+ måneder
336,2025-12-11,Mand,utm_campaign=Marts25&utm_content=sc_a&utm_medium=mail&utm_source=mail,0,1,2,2,1,2025-03-21,2025-05-20,0,0,Økonomi,Pris,2025-12-20,0,1,0,35.4027397260274,6+ måneder
422,2025-09-03,Mand,utm_campaign=Marts25&utm_content=A&utm_medium=content&utm_source=jp.dk,0,0,2,0,1,2025-03-17,2025-05-16,0,0,Tid,Ikke tid,2025-09-03,0,1,0,44.04931506849315,6+ måneder
61,2025-03-22,Mand,utm_campaign=Marts25&utm_content=A&utm_medium=content&utm_source=jp.dk,0,0,0,0,0,2025-03-22,2025-05-21,0,0,Produkt,Redaktionelt indhold / holdning,2025-05-21,1,0,0,41.23561643835617,0-7 dage
286,2025-03-20,Mand,utm_campaign=Marts25&utm_content=A&utm_medium=content&utm_source=jp.dk,1,1,4,2,3,2025-03-15,2025-05-14,0,0,Økonomi,Pris,2025-05-14,1,0,0,54.5972602739726,6+ måneder
61,2025-03-31,Kvinde,utm_campaign=Marts25&utm_content=A&utm_medium=content&utm_source=jp.dk,0,0,0,0,0,2025-03-20,2025-05-19,0,0,Andet,kunden ønsker ikke at oplyse,2025-05-19,1,0,0,30.246575342465754,0-7 dage
61,2025-04-08,Mand,utm_campaign=Marts25&utm_content=A&utm_medium=content&utm_source=jp.dk,1,1,0,0,0,2025-03-20,2025-05-19,0,0,Andet,kunden ønsker ikke at oplyse,2025-05-19,1,0,0,73.61643835616438,0-7 dage
441,2025-04-23,Mand,utm_campaign=Marts25&utm_content=B&utm_medium=content&utm_source=jp.dk,0,1,2,2,0,2025-03-04,2025-05-03,0,0,Andet,kunden ønsker ikke at oplyse,2025-05-03,1,0,0,71.1041095890411,6+ måneder
349,2025-04-28,Mand,utm_campaign=Basis_22&utm_content=HeaderButtonRaised&utm_medium=Matrice&utm_source=jp.dk,0,1,4,1,2,2025-03-11,2025-05-10,0,0,Produkt,Anden avis/produkt,2025-05-10,1,0,0,58.70958904109589,6+ måneder
1053,3000-01-01,Mand,utm_campaign=Marts25&utm_content=A&utm_medium=content&utm_source=jp.dk,0,0,1,1,0,2025-03-10,2025-05-09,0,0,Ingen afmelding,Ingen afmelding,3000-01-01,0,1,0,53.942465753424656,6+ måneder
75,2025-04-19,Kvinde,utm_campaign=Marts25&utm_content=a&utm_medium=mail&utm_source=mail,0,1,0,0,0,2025-03-05,2025-05-04,0,0,Tid,Ikke tid,2025-05-04,1,0,0,68.0986301369863,1-6 måneder
388,3000-01-01,Mand,utm_campaign=Marts25&utm_content=a&utm_medium=mail&utm_source=mail,1,1,0,0,0,2025-03-05,2025-05-04,1,2,Ingen afmelding,Ingen afmelding,3000-01-01,0,1,0,52.42465753424658,6+ måneder
446,2025-10-27,Kvinde,utm_campaign=Marts25&utm_content=A&utm_medium=content&utm_source=jp.dk,0,0,1,1,0,2025-03-23,2025-05-22,0,0,Andet,RVS,2025-10-26,0,1,0,31.65205479452055,6+ måneder
410,2025-05-21,Kvinde,utm_campaign=Marts25&utm_medium=Weblayer&utm_source=jp.dk,0,0,2,2,0,2025-03-19,2025-05-18,0,0,Tid,Ikke tid,2025-06-18,0,1,0,56.227397260273975,6+ måneder
214,2025-07-23,Kvinde,utm_campaign=Basis_22&utm_content=HeaderButtonRaised&utm_medium=Matrice&utm_source=jp.dk,0,0,1,0,0,2025-03-20,2025-05-19,0,0,Tid,Ikke tid,2025-08-19,0,1,0,48.99178082191781,6+ måneder
122,2025-06-16,Kvinde,utm_campaign=Marts25&utm_content=A&utm_medium=content&utm_source=jp.dk,0,0,0,0,0,2025-03-14,2025-05-13,0,0,Tid,Ikke tid,2025-07-13,0,1,0,40.62739726027397,6+ måneder
61,2025-03-26,Kvinde,utm_campaign=Marts25&utm_content=A&utm_medium=content&utm_source=jp.dk,1,0,0,0,0,2025-03-21,2025-05-20,0,0,Tid,Ikke tid,2025-05-20,1,0,0,50.273972602739725,6+ måneder
61,2025-04-11,Kvinde,utm_campaign=Marts25&utm_content=A&utm_medium=content&utm_source=jp.dk,0,0,0,0,0,2025-03-18,2025-05-17,0,0,Produkt,Redaktionelt indhold / holdning,2025-05-17,1,0,0,33.93150684931507,6+ måneder
374,3000-01-01,Mand,utm_campaign=Marts25&utm_medium=Weblayer&utm_source=jp.dk,0,0,0,0,0,2025-03-19,2025-05-18,0,0,Ingen afmelding,Ingen afmelding,3000-01-01,0,1,0,51.09041095890411,0-7 dage
469,3000-01-01,Mand,utm_campaign=Marts25&utm_content=sc_a&utm_medium=mail&utm_source=mail,0,1,2,2,1,2025-03-21,2025-05-20,0,0,Ingen afmelding,Ingen afmelding,3000-01-01,0,1,0,71.9041095890411,6+ måneder
1485,3000-01-01,Mand,utm_campaign=Marts25&utm_content=sc_b&utm_medium=mail&utm_source=mail,1,1,3,2,2,2025-03-21,2025-05-20,1,1,Andet,Administrativt,2025-05-20,1,0,0,76.33424657534246,6+ måneder
383,3000-01-01,Mand,utm_campaign=Marts25&utm_content=B&utm_medium=content&utm_source=jp.dk,1,1,0,0,0,2025-03-10,2025-05-09,4,4,Ingen afmelding,Ingen afmelding,3000-01-01,0,1,0,66.57808219178082,6+ måneder
275,2025-12-01,Mand,utm_campaign=Marts25&utm_medium=Weblayer&utm_source=jp.dk,0,0,0,0,0,2025-03-21,2025-05-20,0,0,Produkt,Redaktionelt indhold / holdning,2025-12-20,0,1,0,62.295890410958904,0-7 dage
385,3000-01-01,Mand,utm_campaign=Marts25&utm_content=A&utm_medium=content&utm_source=jp.dk,0,0,0,0,0,2025-03-08,2025-05-07,0,0,Ingen afmelding,Ingen afmelding,3000-01-01,0,1,0,60.76986301369863,6+ måneder
181,2025-08-20,Mand,utm_campaign=6669764630252&utm_content=6669768107852&utm_medium=paid&utm_source=fb_paid&utm_term=g%C3%A6ldfrit_hus_artikel_click,0,1,2,0,2,2025-03-22,2025-05-21,4,4,Tid,Ikke tid,2025-08-21,0,1,0,60.1013698630137,6+ måneder
1417,2025-05-06,Kvinde,utm_campaign=Marts25&utm_content=sc_b&utm_medium=mail&utm_source=mail,0,0,3,1,1,2025-03-21,2025-05-20,0,0,Produkt,Anden avis/produkt,2025-05-20,1,0,0,70.07671232876713,6+ måneder
4,2025-03-26,Kvinde,utm_campaign=Marts25&utm_content=sc_a&utm_medium=mail&utm_source=mail,1,0,0,0,0,2025-03-23,2025-03-26,0,0,Salg,Misforstået salgsaftale,2025-03-26,1,0,0,62.131506849315066,1-6 måneder
507,2025-07-04,Mand,utm_campaign=Marts25&utm_content=sc_a&utm_medium=mail&utm_source=mail,1,1,1,1,0,2025-03-22,2025-05-21,0,0,Andet,Administrativt,2025-07-03,0,1,0,55.94794520547945,6+ måneder
376,3000-01-01,Mand,utm_campaign=Marts25&utm_content=A&utm_medium=content&utm_source=jp.dk,0,0,0,0,0,2025-03-17,2025-05-16,0,0,Ingen afmelding,Ingen afmelding,3000-01-01,0,1,0,47.35616438356164,6+ måneder
198,2025-06-11,Kvinde,utm_campaign=Marts25&utm_content=B&utm_medium=content&utm_source=jp.dk,0,0,0,0,0,2025-03-10,2025-05-09,1,1,Tid,Ikke tid,2025-07-09,0,1,0,70.73972602739725,6+ måneder
376,3000-01-01,Mand,utm_campaign=Marts25&utm_medium=Matrice&utm_source=jp.dk,0,0,0,0,0,2025-03-17,2025-05-16,0,0,Ingen afmelding,Ingen afmelding,3000-01-01,0,1,0,71.17260273972603,0-7 dage
92,2025-03-08,Mand,utm_campaign=Marts25&utm_content=A&utm_medium=content&utm_source=jp.dk,0,0,1,1,0,2025-03-07,2025-05-06,0,0,Økonomi,Pris,2025-05-06,1,0,0,58.23835616438356,6+ måneder
117,2025-04-18,Kvinde,utm_campaign=Marts25&utm_content=sc_b&utm_medium=mail&utm_source=mail,0,1,1,0,1,2025-03-21,2025-05-20,0,0,Produkt,Redaktionelt indhold / holdning,2025-05-20,1,0,0,75.15890410958905,6+ måneder
184,2025-08-21,Mand,utm_campaign=Marts25&utm_content=A&utm_medium=content&utm_source=jp.dk,0,0,0,0,0,2025-03-21,2025-05-20,0,0,Produkt,Redaktionelt indhold / holdning,2025-09-20,0,1,0,66.47671232876712,6+ måneder
567,2026-01-07,Mand,utm_campaign=Marts25&utm_medium=Matrice&utm_source=jp.dk,0,1,3,2,0,2025-03-08,2025-05-07,0,0,Tid,Ikke tid,2026-01-07,0,1,0,70.35342465753425,6+ måneder
397,2025-10-15,Mand,utm_campaign=Marts25&utm_content=a&utm_medium=mail&utm_source=mail,1,1,4,2,2,2025-03-05,2025-05-04,4,4,Tid,Ikke tid,2025-11-04,0,1,0,82.12328767123287,6+ måneder
129,2025-06-10,Kvinde,utm_campaign=Marts25&utm_content=B&utm_medium=content&utm_source=jp.dk,0,0,1,0,1,2025-03-04,2025-05-03,0,0,Tid,Ikke tid,2025-07-03,0,1,0,45.224657534246575,6+ måneder
153,2025-08-19,Mand,utm_campaign=Marts25&utm_content=B&utm_medium=content&utm_source=jp.dk,1,1,0,0,0,2025-03-21,2025-05-20,0,0,Andet,RVS,2025-08-20,0,1,0,59.73698630136986,0-7 dage
387,2025-03-21,Mand,utm_campaign=Marts25&utm_content=sc_a&utm_medium=mail&utm_source=mail,0,1,6,5,3,2025-03-21,2025-05-20,0,0,Andet,Ingen årsag – ingen tlf kontakt,2025-05-20,1,0,0,59.367123287671234,6+ måneder
340,2025-05-24,Mand,utm_campaign=Marts25&utm_medium=Weblayer&utm_source=jp.dk,0,1,4,1,1,2025-03-20,2025-05-19,3,3,Produkt,Redaktionelt indhold / holdning,2025-06-19,0,1,0,52.56438356164384,6+ måneder
854,2026-03-16,Mand,utm_campaign=Marts25&utm_content=B&utm_medium=content&utm_source=jp.dk,0,1,5,3,3,2025-03-07,2025-05-06,0,0,Ingen afmelding,Ingen afmelding,3000-01-01,0,1,0,56.0027397260274,6+ måneder
657,3000-01-01,Kvinde,utm_campaign=Marts25&utm_content=A&utm_medium=content&utm_source=jp.dk,1,1,3,1,2,2025-03-04,2025-05-03,3,3,Ingen afmelding,Ingen afmelding,3000-01-01,0,1,0,77.31506849315069,6+ måneder
156,2025-08-13,Mand,utm_campaign=Marts25&utm_content=A&utm_medium=content&utm_source=jp.dk,0,0,0,0,0,2025-03-10,2025-05-09,0,0,Andet,RVS,2025-08-12,0,1,0,38.964383561643835,0-7 dage
557,2025-05-15,Mand,utm_campaign=Marts25&utm_content=A&utm_medium=content&utm_source=jp.dk,0,0,3,1,0,2025-03-12,2025-05-11,0,0,Andet,kunden ønsker ikke at oplyse,2025-11-11,0,1,0,70.75616438356164,6+ måneder
92,2025-05-11,Kvinde,utm_campaign=Marts25&utm_content=A&utm_medium=content&utm_source=jp.dk,0,0,0,0,0,2025-03-11,2025-05-10,0,0,Produkt,Redaktionelt indhold / holdning,2025-06-10,0,1,0,39.79178082191781,0-7 dage
625,2025-05-20,Kvinde,utm_campaign=Marts25&utm_content=A&utm_medium=content&utm_source=jp.dk,1,1,3,2,0,2025-03-08,2025-05-07,0,0,Produkt,Redaktionelt indhold / holdning,2025-06-07,0,1,0,72.96438356164384,6+ måneder
95,2025-06-11,Mand,utm_campaign=Basis_22&utm_content=HeaderButtonRaised&utm_medium=Matrice&utm_source=jp.dk,0,0,0,0,0,2025-03-08,2025-05-07,0,0,Andet,RVS,2025-06-10,0,1,0,70.24657534246575,0-7 dage
631,2025-05-13,Mand,utm_campaign=Marts25&utm_medium=Weblayer&utm_source=jp.dk,0,0,6,3,2,2025-03-19,2025-05-18,0,0,Produkt,Redaktionelt indhold / holdning,2025-05-18,1,0,0,74.52602739726028,6+ måneder
971,3000-01-01,Kvinde,utm_campaign=Marts25&utm_content=A&utm_medium=content&utm_source=jp.dk,0,1,2,1,1,2025-03-10,2025-05-09,0,0,Ingen afmelding,Ingen afmelding,3000-01-01,0,1,0,60.47945205479452,6+ måneder
98,2025-03-22,Mand,utm_campaign=Basis_22&utm_content=HeaderButtonRaised&utm_medium=Matrice&utm_source=jp.dk,0,0,0,0,0,2025-03-22,2025-05-21,0,0,Økonomi,Pris,2025-05-21,1,0,0,35.95616438356164,0-7 dage
397,3000-01-01,Mand,utm_campaign=Basis_22&utm_content=HeaderButtonRaised&utm_medium=Matrice&utm_source=jp.dk,0,0,1,0,1,2025-03-03,2025-05-02,0,0,Ingen afmelding,Ingen afmelding,3000-01-01,0,1,0,37.635616438356166,6+ måneder
362,2025-06-24,Mand,utm_campaign=Basis_22&utm_content=HeaderButtonRaised&utm_medium=Matrice&utm_source=jp.dk,1,1,0,0,0,2025-03-05,2025-05-04,0,0,Tid,Ikke tid,2025-07-04,0,1,0,54.24657534246575,0-7 dage
1538,2025-03-15,Kvinde,utm_campaign=Marts25&utm_content=A&utm_medium=content&utm_source=jp.dk,0,0,5,2,0,2025-03-12,2025-05-11,5,5,Andet,kunden ønsker ikke at oplyse,2025-05-11,1,0,0,52.33424657534247,6+ måneder
427,2025-06-27,Mand,utm_campaign=Marts25&utm_medium=Weblayer&utm_source=jp.dk,0,0,2,2,0,2025-03-21,2025-05-20,0,0,Andet,kunden ønsker ikke at oplyse,2025-07-20,0,1,0,57.38630136986301,6+ måneder
389,3000-01-01,Kvinde,utm_campaign=Marts25&utm_content=A&utm_medium=content&utm_source=jp.dk,0,0,0,0,0,2025-03-04,2025-05-03,0,0,Ingen afmelding,Ingen afmelding,3000-01-01,0,1,0,40.087671232876716,0-7 dage
86,2025-06-03,Kvinde,utm_campaign=Marts25&utm_content=B&utm_medium=content&utm_source=jp.dk,0,0,0,0,0,2025-03-10,2025-05-09,0,0,Tid,Ikke tid,2025-06-03,0,1,1,20.013698630136986,6+ måneder
92,2025-05-05,Mand,utm_campaign=Marts25&utm_content=A&utm_medium=content&utm_source=jp.dk,0,0,0,0,0,2025-03-05,2025-05-04,0,0,Andet,kunden ønsker ikke at oplyse,2025-06-04,0,1,0,56.42465753424658,0-7 dage
275,2025-11-27,Mand,utm_campaign=Marts25&utm_content=A&utm_medium=content&utm_source=jp.dk,0,0,0,0,0,2025-03-23,2025-05-22,0,0,Tid,Ikke tid,2025-12-22,0,1,0,36.92602739726028,0-7 dage
386,3000-01-01,Mand,utm_campaign=Marts25&utm_content=A&utm_medium=content&utm_source=jp.dk,0,0,0,0,0,2025-03-07,2025-05-06,0,0,Ingen afmelding,Ingen afmelding,3000-01-01,0,1,0,63.11232876712329,0-7 dage
848,2025-05-06,Mand,utm_campaign=Marts25&utm_content=b&utm_medium=mail&utm_source=mail,1,1,17,3,8,2025-03-05,2025-05-04,1,1,Tid,Ikke tid,2025-06-04,0,1,0,69.45205479452055,6+ måneder
383,3000-01-01,Mand,utm_campaign=Marts25&utm_content=A&utm_medium=content&utm_source=jp.dk,0,1,0,0,0,2025-03-10,2025-05-09,0,0,Ingen afmelding,Ingen afmelding,3000-01-01,0,1,0,65.83013698630137,6+ måneder
61,2025-03-07,Mand,utm_campaign=Marts25&utm_medium=Matrice&utm_source=jp.dk,0,0,0,0,0,2025-03-07,2025-05-06,0,0,Produkt,Anden avis/produkt,2025-05-06,1,0,0,62.986301369863014,0-7 dage
561,2025-08-25,Kvinde,utm_campaign=&utm_content=genbesog_JP_digital&utm_medium=ppc&utm_source=adwords&utm_term=jyllands-posten+abonnement,0,1,5,3,1,2025-03-18,2025-05-17,1,1,Tid,Ikke tid,2025-09-17,0,1,0,69.53972602739726,6+ måneder
245,2025-07-23,Kvinde,utm_campaign=Marts25&utm_medium=Matrice&utm_source=jp.dk,0,0,1,1,0,2025-03-21,2025-05-20,0,0,Tid,Ikke tid,2025-08-20,0,1,0,1.0794520547945206,6+ måneder
92,2025-05-24,Kvinde,utm_campaign=Marts25&utm_content=A&utm_medium=content&utm_source=jp.dk,0,0,0,0,0,2025-03-16,2025-05-15,0,0,Tid,Ikke tid,2025-06-15,0,1,0,70.48493150684932,6+ måneder
380,3000-01-01,Mand,utm_campaign=Marts25&utm_content=B&utm_medium=content&utm_source=jp.dk,0,0,0,0,0,2025-03-13,2025-05-12,0,0,Ingen afmelding,Ingen afmelding,3000-01-01,0,1,0,69.94794520547946,6+ måneder
390,3000-01-01,Kvinde,utm_campaign=Marts25&utm_content=A&utm_medium=content&utm_source=jp.dk,0,0,1,0,1,2025-03-10,2025-05-09,0,0,Ingen afmelding,Ingen afmelding,3000-01-01,0,1,0,56.706849315068496,6+ måneder
336,2025-05-01,Mand,utm_campaign=Marts25&utm_content=a&utm_medium=mail&utm_source=mail,0,1,1,1,1,2025-03-05,2025-05-04,0,0,Tid,Ikke tid,2025-05-04,1,0,0,73.1972602739726,8-30 dage
61,2025-04-22,Mand,utm_campaign=Basis_22&utm_content=HeaderButtonRaised&utm_medium=Matrice&utm_source=jp.dk,0,0,0,0,0,2025-03-05,2025-05-04,0,0,Tid,Ikke tid,2025-05-04,1,0,0,57.06849315068493,6+ måneder
359,2025-11-09,Mand,utm_campaign=Basis_22&utm_content=HeaderButtonRaised&utm_medium=Matrice&utm_source=jp.dk,0,1,1,1,0,2025-03-11,2025-05-10,0,0,Tid,Ikke tid,2025-11-10,0,1,0,58.33972602739726,6+ måneder
184,2025-08-18,Kvinde,utm_campaign=Marts25&utm_content=A&utm_medium=content&utm_source=jp.dk,0,0,0,0,0,2025-03-15,2025-05-14,0,0,Tid,Ikke tid,2025-09-14,0,1,0,52.8054794520548,6+ måneder
1275,2025-12-14,Mand,utm_campaign=Marts25&utm_medium=topticker&utm_source=jp.dk,1,1,4,3,1,2025-03-11,2025-05-10,2,2,Tid,Ikke tid,2026-01-10,0,1,0,74.5095890410959,6+ måneder
1345,2025-05-02,Kvinde,utm_campaign=Marts25&utm_content=b&utm_medium=mail&utm_source=mail,0,1,16,12,5,2025-03-16,2025-05-15,7,5,Andet,kunden ønsker ikke at oplyse,2025-05-15,1,0,0,81.88219178082191,6+ måneder
209,2025-05-02,Kvinde,utm_campaign=Marts25&utm_medium=Matrice&utm_source=jp.dk,0,1,3,1,3,2025-03-04,2025-05-03,2,2,Salg,Tidsbestemt / kampagneløb,2025-05-03,1,0,0,71.45205479452055,6+ måneder
61,2025-03-26,Kvinde,utm_campaign=Marts25&utm_content=A&utm_medium=content&utm_source=jp.dk,0,0,0,0,0,2025-03-13,2025-05-12,0,0,Tid,Ikke tid,2025-05-12,1,0,0,71.68493150684931,6+ måneder
82,2025-05-18,Mand,utm_campaign=Marts25&utm_content=sc_a&utm_medium=mail&utm_source=mail,1,0,0,0,0,2025-03-21,2025-05-20,0,0,Tid,Ikke tid,2025-05-20,1,0,0,87.43287671232876,1-6 måneder
375,3000-01-01,Mand,utm_campaign=Marts25&utm_content=6657291290052&utm_medium=fb_matrice&utm_source=some&utm_term=6657291290252,1,1,0,0,0,2025-03-18,2025-05-17,0,0,Ingen afmelding,Ingen afmelding,3000-01-01,0,1,0,73.43561643835616,0-7 dage
61,2025-05-12,Mand,utm_campaign=Marts25&utm_content=A&utm_medium=content&utm_source=jp.dk,0,0,0,0,0,2025-03-15,2025-05-14,0,0,Tid,Ikke tid,2025-05-14,1,0,0,64.9945205479452,6+ måneder
979,2025-07-16,Mand,utm_campaign=Marts25&utm_content=B&utm_medium=content&utm_source=jp.dk,0,0,9,1,8,2025-03-08,2025-05-07,0,0,Tid,Ikke tid,2025-08-07,0,1,0,65.21917808219177,6+ måneder
61,2025-03-25,Mand,utm_campaign=Marts25&utm_content=A&utm_medium=content&utm_source=jp.dk,0,0,0,0,0,2025-03-10,2025-05-09,0,0,Andet,kunden ønsker ikke at oplyse,2025-05-09,1,0,0,39.6958904109589,1-6 måneder
1050,2025-12-10,Mand,utm_campaign=Marts25&utm_content=sc_a&utm_medium=mail&utm_source=mail,1,1,4,1,2,2025-03-21,2025-05-20,3,3,Økonomi,Pris,2025-12-20,0,1,0,74.45479452054795,6+ måneder
356,2025-03-24,,utm_campaign=Marts25&utm_content=sc_a&utm_medium=mail&utm_source=mail,1,1,8,2,6,2025-03-21,2025-05-20,0,0,Andet,kunden ønsker ikke at oplyse,2025-05-20,1,0,0,72.32054794520548,6+ måneder
259,2025-11-07,Kvinde,utm_campaign=Marts25&utm_content=sc_b&utm_medium=mail&utm_source=mail,0,1,1,1,1,2025-03-21,2025-05-20,0,0,Produkt,Redaktionelt indhold / holdning,2025-11-20,0,1,0,63.30958904109589,1-6 måneder
330,2025-04-30,Mand,utm_campaign=Marts25&utm_content=b&utm_medium=mail&utm_source=mail,0,0,5,4,2,2025-03-05,2025-05-04,0,0,Andet,kunden ønsker ikke at oplyse,2025-05-04,1,0,0,62.0986301369863,6+ måneder
301,2025-04-13,Mand,utm_campaign=Marts25&utm_content=A&utm_medium=content&utm_source=jp.dk,0,1,2,1,0,2025-03-03,2025-05-02,0,0,Produkt,Redaktionelt indhold / holdning,2025-05-02,1,0,0,59.26027397260274,6+ måneder
385,3000-01-01,Mand,utm_campaign=Basis_22&utm_content=HeaderButtonRaised&utm_medium=Matrice&utm_source=jp.dk,0,0,0,0,0,2025-03-08,2025-05-07,0,0,Ingen afmelding,Ingen afmelding,3000-01-01,0,1,0,74.6082191780822,0-7 dage
306,2025-07-24,Mand,utm_campaign=Basis_22&utm_content=HeaderButtonRaised&utm_medium=Matrice&utm_source=jp.dk,0,1,0,0,0,2025-03-21,2025-05-20,0,0,Tid,Ikke tid,2025-08-20,0,1,0,43.25205479452055,0-7 dage
61,2025-03-06,Mand,utm_campaign=Marts25&utm_content=a&utm_medium=mail&utm_source=mail,1,1,0,0,0,2025-03-05,2025-05-04,0,0,Andet,Ingen årsag – ingen tlf kontakt,2025-05-04,1,0,0,74.6,6+ måneder
311,2025-03-29,Kvinde,utm_campaign=&utm_content=genbesog_JP_digital&utm_medium=ppc&utm_source=adwords&utm_term=jp+tilbud,1,1,15,3,12,2025-03-20,2025-05-19,3,4,Andet,kunden ønsker ikke at oplyse,2025-05-19,1,0,0,64.31506849315069,6+ måneder
61,2025-03-20,,utm_campaign=Marts25&utm_content=A&utm_medium=content&utm_source=jp.dk,0,0,0,0,0,2025-03-10,2025-05-09,0,0,Andet,kunden ønsker ikke at oplyse,2025-05-09,1,0,0,59.778082191780825,6+ måneder
120,2025-04-06,Mand,utm_campaign=Marts25&utm_content=sc_b&utm_medium=mail&utm_source=mail,0,1,1,1,0,2025-03-22,2025-05-21,0,0,Produkt,Redaktionelt indhold / holdning,2025-05-21,1,0,0,57.21917808219178,6+ måneder
305,2025-06-10,Kvinde,utm_campaign=Marts25&utm_content=b&utm_medium=mail&utm_source=mail,0,1,12,3,9,2025-03-05,2025-05-04,1,2,Andet,Ingen årsag – ingen tlf kontakt,2025-07-04,0,1,0,60.484931506849314,6+ måneder
857,2025-06-04,Mand,utm_campaign=Marts25&utm_content=B&utm_medium=content&utm_source=jp.dk,0,1,2,1,0,2025-03-07,2025-05-06,0,0,Produkt,Anden avis/produkt,2025-06-06,0,1,0,59.273972602739725,6+ måneder
528,2025-04-26,Mand,utm_campaign=Marts25&utm_content=a&utm_medium=mail&utm_source=mail,1,1,6,3,0,2025-03-05,2025-05-04,0,0,Andet,kunden ønsker ikke at oplyse,2025-05-04,1,0,0,51.945205479452056,6+ måneder
382,3000-01-01,Mand,utm_campaign=Marts25&utm_content=A&utm_medium=content&utm_source=jp.dk,0,0,0,0,0,2025-03-11,2025-05-10,0,0,Ingen afmelding,Ingen afmelding,3000-01-01,0,1,0,78.43013698630136,6+ måneder
1354,2025-04-25,Mand,utm_campaign=Marts25&utm_medium=Matrice&utm_source=jp.dk,0,1,3,3,0,2025-03-14,2025-05-13,0,0,Økonomi,Pris,2025-05-13,1,0,0,49.01917808219178,6+ måneder
61,2025-04-19,Kvinde,utm_campaign=Marts25&utm_content=A&utm_medium=content&utm_source=jp.dk,0,0,0,0,0,2025-03-14,2025-05-13,0,0,Produkt,Redaktionelt indhold / holdning,2025-05-13,1,0,0,20.276712328767122,0-7 dage
61,2025-03-24,Mand,utm_campaign=Marts25&utm_content=A&utm_medium=content&utm_source=jp.dk,0,0,0,0,0,2025-03-14,2025-05-13,0,0,Produkt,Redaktionelt indhold / holdning,2025-05-13,1,0,0,51.90958904109589,0-7 dage
61,2025-04-25,Mand,utm_campaign=Marts25&utm_content=b&utm_medium=mail&utm_source=mail,0,0,0,0,0,2025-03-06,2025-05-05,2,2,Økonomi,Pris,2025-05-05,1,0,0,24.589041095890412,6+ måneder
202,2025-07-25,Kvinde,utm_campaign=Marts25&utm_content=b&utm_medium=mail&utm_source=mail,0,1,4,3,3,2025-03-05,2025-05-04,1,1,Tid,Ikke tid,2025-08-04,0,1,0,80.97260273972603,6+ måneder
633,3000-01-01,Mand,utm_campaign=Marts25&utm_content=B&utm_medium=content&utm_source=jp.dk,1,1,2,2,0,2025-03-03,2025-05-02,1,1,Ingen afmelding,Ingen afmelding,3000-01-01,0,1,0,50.032876712328765,6+ måneder
769,3000-01-01,Mand,utm_campaign=Marts25&utm_medium=Weblayer&utm_source=jp.dk,0,0,2,1,1,2025-03-19,2025-05-18,0,0,Ingen afmelding,Ingen afmelding,3000-01-01,0,1,0,50.31780821917808,6+ måneder
351,2025-11-24,Mand,utm_campaign=Marts25&utm_content=A&utm_medium=content&utm_source=jp.dk,0,1,2,1,1,2025-03-14,2025-05-13,0,0,Andet,Ingen årsag – ingen tlf kontakt,2025-11-23,0,1,0,1.273972602739726,6+ måneder
257,2025-03-11,Kvinde,utm_campaign=Basis_22&utm_content=HeaderButtonRaised&utm_medium=Matrice&utm_source=jp.dk,0,1,0,0,0,2025-03-11,2025-05-10,0,0,Andet,kunden ønsker ikke at oplyse,2025-05-10,1,0,0,54.62739726027397,0-7 dage
460,2025-10-26,,utm_campaign=Marts25&utm_content=A&utm_medium=content&utm_source=jp.dk,1,1,1,1,0,2025-03-19,2025-05-18,0,0,Tid,Ikke tid,2025-11-18,0,1,0,74.7972602739726,6+ måneder
255,2025-03-10,Mand,utm_campaign=Marts25&utm_content=B&utm_medium=content&utm_source=jp.dk,0,1,1,1,0,2025-03-10,2025-05-09,0,0,Andet,kunden ønsker ikke at oplyse,2025-05-09,1,0,0,43.035616438356165,6+ måneder
341,2025-12-05,Mand,utm_campaign=Marts25&utm_content=b&utm_medium=mail&utm_source=mail,1,0,1,0,1,2025-03-05,2025-05-04,0,0,Andet,Ingen årsag – ingen tlf kontakt,2026-01-04,0,1,0,59.487671232876714,6+ måneder
92,2025-03-24,Kvinde,utm_campaign=Marts25&utm_content=B&utm_medium=content&utm_source=jp.dk,0,0,1,1,0,2025-03-23,2025-05-22,0,0,Andet,Ingen årsag – ingen tlf kontakt,2025-05-22,1,0,0,52.43287671232877,6+ måneder
642,2026-02-11,Mand,utm_campaign=Basis_22&utm_content=HeaderButtonRaised&utm_medium=Matrice&utm_source=jp.dk,0,1,2,1,0,2025-03-11,2025-05-10,0,0,Økonomi,Pris,2026-03-10,0,1,0,61.03013698630137,6+ måneder
374,3000-01-01,Mand,utm_campaign=Marts25&utm_content=A&utm_medium=content&utm_source=jp.dk,0,0,0,0,0,2025-03-19,2025-05-18,0,0,Ingen afmelding,Ingen afmelding,3000-01-01,0,1,0,46.33698630136986,0-7 dage
306,2025-12-04,Kvinde,utm_campaign=Basis_22&utm_content=HeaderButtonRaised&utm_medium=Matrice&utm_source=jp.dk,0,0,1,1,0,2025-03-20,2025-05-19,0,0,Tid,Ikke tid,2025-12-19,0,1,0,66.2,6+ måneder
433,2025-05-06,Mand,utm_campaign=Marts25&utm_medium=adops&utm_source=jp.dk,1,1,19,4,15,2025-03-11,2025-05-10,5,5,Tid,Ikke tid,2025-05-10,1,0,0,83.82191780821918,6+ måneder
516,2025-04-30,Mand,utm_campaign=Marts25&utm_content=A&utm_medium=content&utm_source=jp.dk,0,0,3,3,0,2025-03-07,2025-05-06,0,0,Tid,Ikke tid,2025-05-06,1,0,0,59.57808219178082,6+ måneder
910,3000-01-01,Mand,utm_campaign=Marts25&utm_content=A&utm_medium=content&utm_source=jp.dk,0,0,1,0,0,2025-03-05,2025-05-04,0,0,Ingen afmelding,Ingen afmelding,3000-01-01,0,1,0,53.221917808219175,6+ måneder
1205,2025-05-16,Mand,utm_campaign=Marts25&utm_content=sc_a&utm_medium=mail&utm_source=mail,0,1,7,5,2,2025-03-21,2025-05-20,0,0,Andet,Ingen årsag – ingen tlf kontakt,2025-05-20,1,0,0,80.57534246575342,6+ måneder
1265,2025-03-05,Mand,utm_campaign=Marts25&utm_content=B&utm_medium=content&utm_source=jp.dk,0,1,26,11,13,2025-03-04,2025-05-03,7,6,Andet,kunden ønsker ikke at oplyse,2025-05-03,1,0,0,59.97534246575343,6+ måneder
1035,2025-11-30,Mand,utm_campaign=Basis_22&utm_content=HeaderButtonRaised&utm_medium=Matrice&utm_source=jp.dk,0,1,7,3,3,2025-03-11,2025-05-10,0,0,Økonomi,Pris,2025-12-10,0,1,0,49.37808219178082,6+ måneder
61,2025-05-03,Kvinde,utm_campaign=Basis_22&utm_content=HeaderButtonRaised&utm_medium=Matrice&utm_source=jp.dk,1,0,0,0,0,2025-03-04,2025-05-03,0,0,Produkt,Redaktionelt indhold / holdning,2025-05-03,1,0,0,55.28219178082192,6+ måneder
864,2025-03-24,Mand,utm_campaign=Marts25&utm_content=sc_a&utm_medium=mail&utm_source=mail,0,1,6,6,2,2025-03-21,2025-05-20,0,0,Tid,Ikke tid,2025-05-20,1,0,0,65.147945205479445,6+ måneder
382,3000-01-01,Mand,utm_campaign=Marts25&utm_content=B&utm_medium=content&utm_source=jp.dk,1,0,0,0,0,2025-03-11,2025-05-10,0,0,Ingen afmelding,Ingen afmelding,3000-01-01,0,1,0,61.394520547945206,0-7 dage
479,3000-01-01,Mand,utm_campaign=Marts25&utm_content=b&utm_medium=mail&utm_source=mail,1,1,4,2,3,2025-03-05,2025-05-04,0,0,Ingen afmelding,Ingen afmelding,3000-01-01,0,1,0,75.72602739726027,6+ måneder
61,2025-03-23,Mand,utm_campaign=Marts25&utm_content=sc_b&utm_medium=mail&utm_source=mail,1,1,0,0,0,2025-03-23,2025-05-22,1,1,Andet,kunden ønsker ikke at oplyse,2025-05-22,1,0,0,38.54246575342466,6+ måneder
79,2025-06-04,Mand,utm_campaign=Marts25&utm_content=A&utm_medium=content&utm_source=jp.dk,0,0,0,0,0,2025-03-17,2025-05-16,0,0,Andet,Ingen årsag – ingen tlf kontakt,2025-06-03,0,1,1,35.772602739726025,6+ måneder
1192,2025-04-29,Kvinde,utm_campaign=Marts25&utm_medium=Weblayer&utm_source=jp.dk,1,1,7,0,4,2025-03-23,2025-04-28,0,0,Andet,Administrativt,2025-04-28,1,0,0,74.76712328767124,6+ måneder
306,2026-01-23,Kvinde,utm_campaign=Marts25&utm_content=A&utm_medium=content&utm_source=jp.dk,0,0,0,0,0,2025-03-23,2025-05-22,0,0,Tid,Ikke tid,2026-01-22,0,1,0,75.13698630136986,0-7 dage
388,2025-05-18,Mand,utm_campaign=Basis_22&utm_content=HeaderButtonRaised&utm_medium=Matrice&utm_source=jp.dk,1,1,3,2,1,2025-03-16,2025-05-15,0,0,Tid,Ikke tid,2025-06-15,0,1,0,44.80821917808219,6+ måneder
719,2025-05-11,Mand,utm_campaign=Marts25&utm_content=b&utm_medium=mail&utm_source=mail,1,1,2,2,0,2025-03-23,2025-05-22,0,0,Økonomi,Pris,2025-05-22,1,0,0,67.94794520547946,6+ måneder
387,3000-01-01,Mand,utm_campaign=Marts25&utm_content=A&utm_medium=content&utm_source=jp.dk,0,1,0,0,0,2025-03-06,2025-05-05,0,0,Ingen afmelding,Ingen afmelding,3000-01-01,0,1,0,57.71232876712329,0-7 dage
92,2025-05-16,Mand,utm_campaign=Marts25&utm_content=B&utm_medium=content&utm_source=jp.dk,0,0,0,0,0,2025-03-16,2025-05-15,0,0,Produkt,Redaktionelt indhold / holdning,2025-06-15,0,1,0,40.02739726027397,0-7 dage
152,2025-04-10,Mand,utm_campaign=Basis_22&utm_content=HeaderButtonRaised&utm_medium=Matrice&utm_source=jp.dk,0,1,4,3,3,2025-03-12,2025-05-11,0,0,Andet,kunden ønsker ikke at oplyse,2025-05-11,1,0,0,69.75616438356164,6+ måneder
120,2025-03-24,Mand,utm_campaign=Marts25&utm_content=sc_a&utm_medium=mail&utm_source=mail,0,1,9,3,8,2025-03-23,2025-05-22,9,5,Andet,Administrativt,2025-05-22,1,0,0,78.43835616438356,6+ måneder
1173,2025-09-14,Mand,utm_campaign=Marts25&utm_content=a&utm_medium=mail&utm_source=mail,0,1,6,2,2,2025-03-22,2025-05-21,0,0,Andet,kunden ønsker ikke at oplyse,2025-11-21,0,1,0,96.66575342465754,6+ måneder
1830,2025-12-10,Mand,utm_campaign=Marts25&utm_content=a&utm_medium=mail&utm_source=mail,1,1,3,1,2,2025-03-05,2025-05-04,0,0,Tid,Ikke tid,2026-01-04,0,1,0,69.79452054794521,6+ måneder
538,2025-12-09,Mand,utm_campaign=Marts25&utm_content=b&utm_medium=mail&utm_source=mail,0,1,3,2,2,2025-03-05,2025-05-04,1,1,Tid,Ikke tid,2026-01-04,0,1,0,73.46301369863014,6+ måneder
61,2025-04-25,Kvinde,utm_campaign=Marts25&utm_content=A&utm_medium=content&utm_source=jp.dk,0,0,0,0,0,2025-03-10,2025-05-09,0,0,Tid,Ikke tid,2025-05-09,1,0,0,70.04383561643836,0-7 dage
703,2025-04-17,Mand,utm_campaign=Marts25&utm_content=A&utm_medium=content&utm_source=jp.dk,0,0,6,3,2,2025-03-20,2025-05-19,0,0,Andet,kunden ønsker ikke at oplyse,2025-05-19,1,0,0,46.441095890410956,6+ måneder
172,2025-08-27,Mand,utm_campaign=Marts25&utm_content=A&utm_medium=content&utm_source=jp.dk,0,0,0,0,0,2025-03-08,2025-05-07,0,0,Digitalt,Oprettet med forkert e-mail,2025-08-26,0,1,0,90.36438356164383,0-7 dage
61,2025-03-21,Kvinde,utm_campaign=Basis_22&utm_content=HeaderButtonRaised&utm_medium=Matrice&utm_source=jp.dk,0,0,0,0,0,2025-03-21,2025-05-20,0,0,Produkt,Redaktionelt indhold / holdning,2025-05-20,1,0,0,31.96164383561644,0-7 dage
61,2025-03-20,Mand,utm_campaign=Marts25&utm_content=A&utm_medium=content&utm_source=jp.dk,0,0,0,0,0,2025-03-03,2025-05-02,0,0,Økonomi,Pris,2025-05-02,1,0,0,67.97808219178083,0-7 dage
153,2025-07-24,Kvinde,utm_campaign=Marts25&utm_content=A&utm_medium=content&utm_source=jp.dk,0,0,0,0,0,2025-03-21,2025-05-20,0,0,Tid,Ikke tid,2025-08-20,0,1,0,63.14794520547945,6+ måneder
644,2025-04-30,Mand,utm_campaign=Basis_22&utm_content=HeaderButtonRaised&utm_medium=Matrice&utm_source=jp.dk,0,1,4,4,0,2025-03-11,2025-05-10,0,0,Tid,Ikke tid,2025-05-10,1,0,0,63.345205479452055,6+ måneder
1057,2025-09-30,Kvinde,utm_campaign=Marts25&utm_medium=topticker&utm_source=jp.dk,0,1,4,4,1,2025-03-11,2025-05-10,0,0,Økonomi,Pris,2025-10-10,0,1,0,70.32054794520548,6+ måneder
829,2025-04-23,Mand,utm_campaign=Marts25&utm_content=sc_a&utm_medium=mail&utm_source=mail,1,1,6,4,2,2025-03-23,2025-05-22,11,10,Andet,kunden ønsker ikke at oplyse,2025-05-22,1,0,0,69.8054794520548,6+ måneder
1362,2025-05-06,Mand,utm_campaign=Marts25&utm_content=B&utm_medium=content&utm_source=jp.dk,0,0,11,8,3,2025-03-04,2025-05-03,0,0,Økonomi,Pris,2025-06-03,0,1,0,72.24931506849315,6+ måneder
61,2025-04-22,Kvinde,utm_campaign=Basis_22&utm_content=Footer&utm_medium=Matrice&utm_source=jp.dk,0,0,0,0,0,2025-03-04,2025-05-03,0,0,Andet,kunden ønsker ikke at oplyse,2025-05-03,1,0,0,73.97808219178083,0-7 dage
1424,2025-03-04,Mand,utm_campaign=Basis_22&utm_content=HeaderButtonRaised&utm_medium=Matrice&utm_source=jp.dk,0,0,4,3,0,2025-03-04,2025-05-03,0,0,Andet,kunden ønsker ikke at oplyse,2025-05-03,1,0,0,33.74246575342466,6+ måneder
146,2025-05-09,Kvinde,utm_campaign=Marts25&utm_content=6664621143452&utm_medium=fb_matrice&utm_source=some&utm_term=6657291290252,0,1,1,0,1,2025-03-11,2025-05-10,0,0,Tid,Ikke tid,2025-05-10,1,0,0,92.59452054794521,6+ måneder
306,2025-12-09,Mand,utm_campaign=Basis_22&utm_content=HeaderButtonRaised&utm_medium=Matrice&utm_source=jp.dk,0,0,0,0,0,2025-03-05,2025-05-04,0,0,Tid,Ikke tid,2026-01-04,0,1,0,60.58904109589041,6+ måneder
1090,3000-01-01,Mand,utm_campaign=Marts25&utm_content=A&utm_medium=content&utm_source=jp.dk,1,1,2,1,0,2025-03-13,2025-05-12,0,0,Ingen afmelding,Ingen afmelding,3000-01-01,0,1,0,80.91780821917808,6+ måneder
1673,2025-05-24,Mand,utm_campaign=Marts25&utm_medium=Matrice&utm_source=jp.dk,0,1,14,9,1,2025-03-23,2025-05-22,0,0,Økonomi,Pris,2025-06-22,0,1,0,69.13972602739726,6+ måneder
61,2025-03-07,Mand,utm_campaign=Marts25&utm_content=a&utm_medium=mail&utm_source=mail,1,1,0,0,0,2025-03-05,2025-05-04,0,0,Produkt,Redaktionelt indhold / holdning,2025-05-04,1,0,0,47.413698630136984,6+ måneder
448,2025-07-27,Mand,utm_campaign=Marts25&utm_content=sc_b&utm_medium=mail&utm_source=mail,1,1,22,4,20,2025-03-21,2025-05-20,3,3,Produkt,Anden avis/produkt,2025-08-20,0,1,0,74.71232876712328,6+ måneder
1501,2026-01-08,Mand,utm_campaign=Marts25&utm_content=b&utm_medium=mail&utm_source=mail,0,1,9,6,4,2025-03-06,2025-05-05,5,4,Tid,Ikke tid,2026-02-05,0,1,0,58.391780821917806,6+ måneder
840,2025-03-28,Mand,utm_campaign=Marts25&utm_content=sc_a&utm_medium=mail&utm_source=mail,0,1,4,3,0,2025-03-21,2025-05-20,0,0,Andet,Ingen årsag – ingen tlf kontakt,2025-05-20,1,0,0,76.12054794520547,6+ måneder
734,2025-07-12,Mand,utm_campaign=Marts25&utm_content=A&utm_medium=content&utm_source=jp.dk,0,0,2,2,0,2025-03-20,2025-05-19,2,2,Økonomi,Pris,2025-07-19,0,1,0,57.81095890410959,6+ måneder
1195,2025-05-05,Mand,utm_campaign=Marts25&utm_content=sc_a&utm_medium=mail&utm_source=mail,1,0,2,1,0,2025-03-21,2025-05-04,0,0,Andet,Ingen årsag – ingen tlf kontakt,2025-05-04,1,0,0,82.98356164383561,6+ måneder
371,3000-01-01,Kvinde,utm_campaign=Marts25&utm_content=A&utm_medium=content&utm_source=jp.dk,0,1,0,0,0,2025-03-22,2025-05-21,0,0,Ingen afmelding,Ingen afmelding,3000-01-01,0,1,0,58.33424657534247,6+ måneder
387,3000-01-01,Mand,utm_campaign=Marts25&utm_content=B&utm_medium=content&utm_source=jp.dk,0,0,0,0,0,2025-03-06,2025-05-05,0,0,Ingen afmelding,Ingen afmelding,3000-01-01,0,1,0,50.95342465753425,0-7 dage
61,2025-05-08,Mand,utm_campaign=Basis_22&utm_content=HeaderButtonRaised&utm_medium=Matrice&utm_source=jp.dk,1,1,0,0,0,2025-03-11,2025-05-10,0,0,Andet,kunden ønsker ikke at oplyse,2025-05-10,1,0,0,56.342465753424655,0-7 dage
184,2025-09-15,Mand,utm_campaign=Marts25&utm_content=B&utm_medium=content&utm_source=jp.dk,0,0,0,0,0,2025-03-16,2025-05-15,0,0,Tid,Ikke tid,2025-09-15,0,1,0,72.5041095890411,1-6 måneder
334,2025-10-09,Mand,utm_campaign=Basis_22&utm_content=HeaderButtonRaised&utm_medium=Matrice&utm_source=jp.dk,0,0,1,1,0,2025-03-09,2025-05-08,0,0,Økonomi,Pris,2025-11-08,0,1,0,61.81643835616438,6+ måneder
375,2025-05-07,Mand,utm_campaign=Marts25&utm_content=A&utm_medium=content&utm_source=jp.dk,0,1,2,1,1,2025-03-07,2025-05-06,0,0,Andet,kunden ønsker ikke at oplyse,2025-06-06,0,1,0,71.69315068493151,6+ måneder
313,2025-03-21,Mand,utm_campaign=Marts25&utm_content=sc_b&utm_medium=mail&utm_source=mail,0,1,14,5,9,2025-03-21,2025-05-20,0,0,Andet,kunden ønsker ikke at oplyse,2025-05-20,1,0,0,66.3013698630137,6+ måneder
415,2025-07-03,Mand,utm_campaign=Marts25&utm_content=sc_b&utm_medium=mail&utm_source=mail,0,1,7,2,6,2025-03-21,2025-05-20,0,0,Tid,Ikke tid,2025-07-20,0,1,0,76.20821917808219,6+ måneder
1540,2025-04-24,Kvinde,utm_campaign=Marts25&utm_content=sc_b&utm_medium=mail&utm_source=mail,1,1,11,6,3,2025-03-21,2025-05-20,1,1,Andet,kunden ønsker ikke at oplyse,2025-05-20,1,0,0,76.56164383561644,6+ måneder
122,2025-07-03,Kvinde,utm_campaign=Marts25&utm_content=A&utm_medium=content&utm_source=jp.dk,0,0,0,0,0,2025-03-10,2025-05-09,0,0,Tid,Ikke tid,2025-07-09,0,1,0,65.82465753424657,1-6 måneder
368,2025-06-07,Kvinde,utm_campaign=Marts25&utm_content=6664648409652&utm_medium=fb_matrice&utm_source=some&utm_term=6664648410252,0,0,0,0,0,2025-03-22,2025-05-21,0,0,Tid,Ikke tid,2025-11-21,0,1,0,95.23287671232876,0-7 dage
184,2025-06-02,Kvinde,utm_campaign=Marts25&utm_content=A&utm_medium=content&utm_source=jp.dk,0,0,1,1,0,2025-03-09,2025-05-08,0,0,Andet,kunden ønsker ikke at oplyse,2025-06-08,0,1,0,47.586301369863016,6+ måneder
273,2025-06-03,Mand,utm_campaign=Marts25&utm_content=A&utm_medium=content&utm_source=jp.dk,0,0,1,1,0,2025-03-17,2025-05-16,0,0,Andet,kunden ønsker ikke at oplyse,2025-06-16,0,1,0,47.082191780821915,1-6 måneder
61,2025-03-22,Kvinde,utm_campaign=Marts25&utm_content=A&utm_medium=content&utm_source=jp.dk,0,0,0,0,0,2025-03-22,2025-05-21,0,0,Produkt,Redaktionelt indhold / holdning,2025-05-21,1,0,0,47.726027397260275,6+ måneder
973,2025-07-03,Mand,utm_campaign=Marts25&utm_content=B&utm_medium=content&utm_source=jp.dk,0,1,16,7,10,2025-03-22,2025-05-21,7,7,Andet,Administrativt,2025-07-04,0,1,0,65.35890410958905,6+ måneder
389,2025-09-17,Mand,utm_campaign=Marts25&utm_content=A&utm_medium=content&utm_source=jp.dk,1,1,0,0,0,2025-03-04,2025-05-03,0,0,Andet,Administrativt,2025-09-19,0,1,0,72.01643835616439,0-7 dage
99,2025-05-26,Mand,utm_campaign=Marts25&utm_content=A&utm_medium=content&utm_source=jp.dk,0,0,1,0,1,2025-03-04,2025-05-03,0,0,Andet,kunden ønsker ikke at oplyse,2025-06-03,0,1,0,46.97534246575343,6+ måneder
384,3000-01-01,Mand,utm_campaign=Marts25&utm_content=A&utm_medium=content&utm_source=jp.dk,0,0,0,0,0,2025-03-09,2025-05-08,0,0,Ingen afmelding,Ingen afmelding,3000-01-01,0,1,0,49.21095890410959,0-7 dage
232,2025-03-30,Mand,utm_campaign=Marts25&utm_content=A&utm_medium=content&utm_source=jp.dk,0,0,3,2,1,2025-03-21,2025-05-20,0,0,Produkt,Redaktionelt indhold / holdning,2025-05-20,1,0,0,49.37808219178082,6+ måneder
389,3000-01-01,Kvinde,utm_campaign=Marts25&utm_content=B&utm_medium=content&utm_source=jp.dk,0,0,0,0,0,2025-03-04,2025-05-03,0,0,Ingen afmelding,Ingen afmelding,3000-01-01,0,1,0,74.2027397260274,0-7 dage
385,3000-01-01,Mand,utm_campaign=Marts25&utm_content=6657291559652&utm_medium=fb_matrice&utm_source=some&utm_term=6657291559452,0,0,0,0,0,2025-03-08,2025-05-07,0,0,Ingen afmelding,Ingen afmelding,3000-01-01,0,1,0,67.95068493150686,0-7 dage
275,2025-11-13,Kvinde,utm_campaign=Marts25&utm_content=B&utm_medium=content&utm_source=jp.dk,0,0,0,0,0,2025-03-07,2025-05-06,0,0,Andet,kunden ønsker ikke at oplyse,2025-12-06,0,1,0,66.28219178082192,0-7 dage
366,2025-06-26,Kvinde,utm_campaign=Marts25&utm_content=sc_b&utm_medium=mail&utm_source=mail,0,0,1,1,0,2025-03-21,2025-05-20,0,0,Andet,kunden ønsker ikke at oplyse,2025-07-20,0,1,0,59.536986301369865,6+ måneder
550,2026-02-05,Kvinde,utm_campaign=Marts25&utm_content=A&utm_medium=content&utm_source=jp.dk,0,0,1,1,0,2025-03-19,2025-05-18,0,0,Tid,Ikke tid,2026-02-18,0,1,0,47.59452054794521,6+ måneder
375,3000-01-01,Kvinde,utm_campaign=Marts25&utm_content=A&utm_medium=content&utm_source=jp.dk,0,1,0,0,0,2025-03-18,2025-05-17,0,0,Ingen afmelding,Ingen afmelding,3000-01-01,0,1,0,45.443835616438356,6+ måneder
282,2025-12-02,Mand,utm_campaign=Marts25&utm_content=a&utm_medium=mail&utm_source=mail,0,1,1,0,1,2025-03-05,2025-05-04,0,0,Økonomi,Pris,2025-12-04,0,1,0,59.85479452054795,6+ måneder
371,3000-01-01,Mand,utm_campaign=Marts25&utm_medium=topticker&utm_source=jp.dk,0,0,0,0,0,2025-03-22,2025-05-21,0,0,Ingen afmelding,Ingen afmelding,3000-01-01,0,1,0,77.42191780821918,0-7 dage
383,2025-03-06,Mand,utm_campaign=Marts25&utm_content=b&utm_medium=mail&utm_source=mail,0,0,6,1,4,2025-03-06,2025-05-05,1,1,Andet,kunden ønsker ikke at oplyse,2025-05-05,1,0,0,48.172602739726024,6+ måneder
383,3000-01-01,Mand,,0,0,2,0,2,2025-03-24,2025-05-23,0,0,Ingen afmelding,Ingen afmelding,3000-01-01,0,1,0,70.79178082191781,6+ måneder
366,2025-12-22,Mand,utm_campaign=Marts25&utm_content=b&utm_medium=mail&utm_source=mail,1,1,5,3,2,2025-03-05,2025-05-04,2,3,Andet,kunden ønsker ikke at oplyse,2026-01-04,0,1,0,64.24109589041096,6+ måneder
370,3000-01-01,Mand,utm_campaign=Basis_22&utm_content=HeaderButtonRaised&utm_medium=Matrice&utm_source=jp.dk,1,1,0,0,0,2025-03-23,2025-05-22,1,1,Ingen afmelding,Ingen afmelding,3000-01-01,0,1,0,53.73698630136986,6+ måneder
110,2025-04-08,Mand,utm_campaign=Marts25&utm_content=sc_b&utm_medium=mail&utm_source=mail,0,1,1,1,0,2025-03-21,2025-05-20,0,0,Tid,Ikke tid,2025-05-20,1,0,0,70.33424657534246,6+ måneder
1171,2026-02-23,Mand,utm_campaign=Basis_22&utm_content=HeaderButtonRaised&utm_medium=Matrice&utm_source=jp.dk,0,0,4,1,2,2025-03-07,2025-05-06,0,0,Andet,kunden ønsker ikke at oplyse,2026-03-06,0,1,0,52.64657534246575,6+ måneder
144,2025-04-13,Kvinde,utm_campaign=Marts25&utm_content=B&utm_medium=content&utm_source=jp.dk,1,1,1,1,0,2025-03-21,2025-05-20,0,0,Andet,kunden ønsker ikke at oplyse,2025-05-20,1,0,0,52.58082191780822,6+ måneder
1151,2025-12-09,Mand,utm_campaign=Marts25&utm_content=b&utm_medium=mail&utm_source=mail,0,1,10,6,4,2025-03-05,2025-05-04,4,5,Økonomi,Pris,2026-01-04,0,1,0,65.41095890410959,6+ måneder
1688,2025-06-19,Mand,utm_campaign=Marts25&utm_content=sc_b&utm_medium=mail&utm_source=mail,1,1,1,0,0,2025-03-21,2025-05-20,0,0,Andet,kunden ønsker ikke at oplyse,2025-06-20,0,1,0,74.9945205479452,6+ måneder
905,2025-07-23,Mand,utm_campaign=Basis_22&utm_content=HeaderButtonRaised&utm_medium=Matrice&utm_source=jp.dk,0,0,4,4,0,2025-03-13,2025-05-12,0,0,Produkt,Redaktionelt indhold / holdning,2025-11-12,0,1,0,57.33972602739726,6+ måneder
92,2025-05-28,Kvinde,utm_campaign=Marts25&utm_content=A&utm_medium=content&utm_source=jp.dk,0,0,0,0,0,2025-03-20,2025-05-19,0,0,Produkt,Redaktionelt indhold / holdning,2025-06-19,0,1,0,40.21917808219178,0-7 dage
113,2025-06-27,Kvinde,utm_campaign=Marts25&utm_content=A&utm_medium=content&utm_source=jp.dk,0,0,1,0,1,2025-03-13,2025-05-12,3,3,Andet,RVS,2025-06-26,0,1,0,84.92054794520548,6+ måneder
61,2025-03-12,Mand,utm_campaign=Marts25&utm_content=A&utm_medium=content&utm_source=jp.dk,1,1,0,0,0,2025-03-08,2025-05-07,0,0,Tid,Ikke tid,2025-05-07,1,0,0,64.147945205479445,6+ måneder
92,2025-06-02,Kvinde,utm_campaign=Basis_22&utm_content=HeaderButtonRaised&utm_medium=Matrice&utm_source=jp.dk,0,0,0,0,0,2025-03-04,2025-05-03,0,0,Produkt,Redaktionelt indhold / holdning,2025-06-03,0,1,0,20.794520547945204,6+ måneder
846,2026-03-24,Mand,utm_campaign=Marts25&utm_content=sc_a&utm_medium=mail&utm_source=mail,0,0,2,2,0,2025-03-21,2025-05-20,0,0,Ingen afmelding,Ingen afmelding,3000-01-01,0,1,0,64.47945205479452,6+ måneder
1781,2025-11-21,Mand,utm_campaign=Marts25&utm_content=sc_b&utm_medium=mail&utm_source=mail,1,1,8,1,5,2025-03-21,2025-05-20,5,5,Tid,Ikke tid,2025-12-20,0,1,0,81.56438356164384,6+ måneder
275,2025-12-10,Kvinde,utm_campaign=Marts25&utm_content=A&utm_medium=content&utm_source=jp.dk,0,0,0,0,0,2025-03-18,2025-05-17,0,0,Økonomi,Pris,2025-12-17,0,1,0,68.03835616438356,6+ måneder
370,2025-05-07,Kvinde,utm_campaign=Marts25&utm_content=b&utm_medium=mail&utm_source=mail,1,1,3,2,2,2025-03-05,2025-05-04,0,0,Tid,Ikke tid,2025-06-04,0,1,0,71.87945205479453,6+ måneder
525,2025-05-22,Mand,utm_campaign=Marts25&utm_medium=topticker&utm_source=jp.dk,1,1,3,2,1,2025-03-23,2025-05-22,0,0,Økonomi,Pris,2025-05-22,1,0,0,45.96986301369863,6+ måneder
389,3000-01-01,Mand,utm_campaign=Marts25&utm_content=A&utm_medium=content&utm_source=jp.dk,1,1,0,0,0,2025-03-04,2025-05-03,0,0,Ingen afmelding,Ingen afmelding,3000-01-01,0,1,0,53.73972602739726,0-7 dage
860,3000-01-01,Mand,utm_campaign=Basis_22&utm_content=HeaderButtonRaised&utm_medium=Matrice&utm_source=jp.dk,0,1,4,2,1,2025-03-03,2025-05-02,0,0,Ingen afmelding,Ingen afmelding,3000-01-01,0,1,0,62.12602739726027,6+ måneder
386,3000-01-01,Mand,utm_campaign=Marts25&utm_content=A&utm_medium=content&utm_source=jp.dk,0,0,0,0,0,2025-03-07,2025-05-06,0,0,Ingen afmelding,Ingen afmelding,3000-01-01,0,1,0,70.1945205479452,6+ måneder
73,2025-05-06,Kvinde,utm_campaign=Marts25&utm_content=b&utm_medium=mail&utm_source=mail,0,0,1,0,1,2025-03-07,2025-05-06,0,0,Tid,Ikke tid,2025-05-06,1,0,0,54.893150684931506,6+ måneder
238,2025-05-04,Mand,utm_campaign=Marts25&utm_content=B&utm_medium=content&utm_source=jp.dk,0,1,0,0,0,2025-03-06,2025-05-05,0,0,Tid,Ikke tid,2025-05-05,1,0,0,58.92328767123288,6+ måneder
1290,2025-03-13,Mand,utm_campaign=Basis_22&utm_content=HeaderButtonRaised&utm_medium=Matrice&utm_source=jp.dk,0,1,14,6,8,2025-03-13,2025-05-12,0,0,Økonomi,Pris,2025-05-12,1,0,0,44.97534246575343,6+ måneder
385,3000-01-01,Mand,utm_campaign=Basis_22&utm_content=HeaderButtonRaised&utm_medium=Matrice&utm_source=jp.dk,0,0,0,0,0,2025-03-08,2025-05-07,0,0,Ingen afmelding,Ingen afmelding,3000-01-01,0,1,0,47.74794520547945,0-7 dage
61,2025-03-21,Mand,utm_campaign=Marts25&utm_content=A&utm_medium=content&utm_source=jp.dk,0,0,0,0,0,2025-03-21,2025-05-20,0,0,Produkt,Redaktionelt indhold / holdning,2025-05-20,1,0,0,36.032876712328765,0-7 dage
1336,2025-04-29,Mand,utm_campaign=Marts25&utm_content=A&utm_medium=content&utm_source=jp.dk,1,1,17,10,2,2025-03-21,2025-05-20,0,0,Produkt,Redaktionelt indhold / holdning,2025-05-20,1,0,0,51.86027397260274,6+ måneder
92,2025-05-18,Mand,utm_campaign=&utm_medium=ppc&utm_source=adwords&utm_term=jyllands-posten+abonnement,0,0,0,0,0,2025-03-11,2025-05-10,0,0,Økonomi,Pris,2025-06-10,0,1,0,75.1013698630137,6+ måneder
1877,2026-03-22,,utm_campaign=Basis_22&utm_content=HeaderButtonRaised&utm_medium=Matrice&utm_source=jp.dk,1,1,2,0,0,2025-03-16,2025-05-15,0,0,Ingen afmelding,Ingen afmelding,3000-01-01,0,1,0,80.56712328767124,6+ måneder
61,2025-04-04,Mand,utm_campaign=Basis_22&utm_content=MegaMenu&utm_medium=Matrice&utm_source=jp.dk,0,0,0,0,0,2025-03-11,2025-05-10,0,0,Produkt,Redaktionelt indhold / holdning,2025-05-10,1,0,0,39.41095890410959,0-7 dage
61,2025-03-15,Kvinde,utm_campaign=Marts25&utm_content=A&utm_medium=content&utm_source=jp.dk,0,0,0,0,0,2025-03-15,2025-05-14,0,0,Produkt,Redaktionelt indhold / holdning,2025-05-14,1,0,0,69.9972602739726,0-7 dage
61,2025-03-06,Mand,utm_campaign=Marts25&utm_content=A&utm_medium=content&utm_source=jp.dk,0,0,0,0,0,2025-03-03,2025-05-02,0,0,Tid,Ikke tid,2025-05-02,1,0,0,61.81643835616438,6+ måneder
80,2025-05-22,Mand,utm_campaign=Marts25&utm_content=A&utm_medium=content&utm_source=jp.dk,0,0,0,0,0,2025-03-04,2025-05-03,0,0,Andet,Administrativt,2025-05-22,0,1,1,60.92602739726028,0-7 dage
288,2025-03-20,Mand,utm_campaign=Marts25&utm_content=B&utm_medium=content&utm_source=jp.dk,0,1,10,0,10,2025-03-20,2025-05-19,0,0,Andet,kunden ønsker ikke at oplyse,2025-05-19,1,0,0,54.61095890410959,6+ måneder
229,2025-07-31,Mand,utm_campaign=Marts25&utm_content=A&utm_medium=content&utm_source=jp.dk,0,0,1,0,1,2025-03-23,2025-05-22,0,0,Andet,kunden ønsker ikke at oplyse,2025-08-22,0,1,0,54.93698630136986,6+ måneder
1079,2026-01-09,Mand,utm_campaign=Marts25&utm_content=A&utm_medium=content&utm_source=jp.dk,0,1,5,2,1,2025-03-07,2025-05-06,3,3,Tid,Ikke tid,2026-02-06,0,1,0,85.43835616438356,6+ måneder
383,3000-01-01,Mand,utm_campaign=Marts25&utm_content=A&utm_medium=content&utm_source=jp.dk,0,0,0,0,0,2025-03-10,2025-05-09,7,7,Ingen afmelding,Ingen afmelding,3000-01-01,0,1,0,48.98082191780822,6+ måneder
61,2025-04-17,Kvinde,utm_campaign=&utm_content=genbesog_JP_digital&utm_medium=ppc&utm_source=adwords&utm_term=jyllands-posten+abonnement+pris,1,1,0,0,0,2025-03-22,2025-05-21,0,0,Tid,Ikke tid,2025-05-21,1,0,0,45.153424657534245,0-7 dage
1720,2025-09-24,Mand,utm_campaign=Marts25&utm_content=sc_a&utm_medium=mail&utm_source=mail,1,1,2,0,0,2025-03-21,2025-05-20,8,8,Tid,Ikke tid,2025-10-20,0,1,0,74.37534246575342,6+ måneder
61,2025-03-12,Mand,utm_campaign=Marts25&utm_content=B&utm_medium=content&utm_source=jp.dk,0,0,0,0,0,2025-03-12,2025-05-11,0,0,Andet,kunden ønsker ikke at oplyse,2025-05-11,1,0,0,26.649315068493152,6+ måneder
756,2025-12-04,Mand,utm_campaign=Marts25&utm_content=b&utm_medium=mail&utm_source=mail,0,1,5,4,1,2025-03-05,2025-05-04,1,1,Andet,kunden ønsker ikke at oplyse,2025-12-04,0,1,0,70.5123287671233,6+ måneder
61,2025-05-05,Mand,utm_campaign=Marts25&utm_content=A&utm_medium=content&utm_source=jp.dk,1,0,0,0,0,2025-03-22,2025-05-21,0,0,Tid,Ikke tid,2025-05-21,1,0,0,65.81369863013698,6+ måneder
338,2025-03-24,Mand,utm_campaign=Marts25&utm_content=b&utm_medium=mail&utm_source=mail,0,1,4,2,2,2025-03-05,2025-05-04,0,0,Produkt,Redaktionelt indhold / holdning,2025-05-04,1,0,0,70.6,6+ måneder
355,2025-07-25,Mand,utm_campaign=Marts25&utm_medium=topticker&utm_source=jp.dk,1,1,0,0,0,2025-03-22,2025-05-21,0,2,Tid,Ikke tid,2025-08-21,0,1,0,62.945205479452056,0-7 dage
1357,2025-08-03,Mand,utm_campaign=Marts25&utm_medium=adops&utm_source=jp.dk,0,0,1,0,0,2025-03-04,2025-05-03,2,2,Økonomi,Pris,2025-08-03,0,1,0,65.87397260273973,6+ måneder
396,2025-03-11,Mand,utm_campaign=Marts25&utm_content=A&utm_medium=content&utm_source=jp.dk,0,0,1,1,0,2025-03-11,2025-05-10,0,0,Salg,Tidsbestemt / kampagneløb,2025-05-10,1,0,0,50.46027397260274,6+ måneder
442,2025-07-04,Mand,utm_campaign=Marts25&utm_content=a&utm_medium=mail&utm_source=mail,0,1,9,6,4,2025-03-06,2025-05-05,0,0,Andet,Administrativt,2025-07-03,0,1,0,69.53972602739726,6+ måneder
386,3000-01-01,Mand,utm_campaign=Marts25&utm_content=B&utm_medium=content&utm_source=jp.dk,0,0,0,0,0,2025-03-07,2025-05-06,0,0,Ingen afmelding,Ingen afmelding,3000-01-01,0,1,0,50.553424657534244,0-7 dage
68,2025-04-10,Kvinde,utm_campaign=Basis_22&utm_content=MegaMenu&utm_medium=Matrice&utm_source=jp.dk,0,0,1,0,1,2025-03-10,2025-05-09,0,0,Økonomi,Pris,2025-05-09,1,0,0,64.31780821917808,6+ måneder
952,2025-05-01,Mand,utm_campaign=Basis_22&utm_content=HeaderButtonRaised&utm_medium=Matrice&utm_source=jp.dk,1,1,26,10,18,2025-03-11,2025-05-10,0,0,Tid,Ikke tid,2025-05-10,1,0,0,79.05205479452054,6+ måneder
123,2025-07-14,Kvinde,utm_campaign=Marts25&utm_content=A&utm_medium=content&utm_source=jp.dk,1,0,0,0,0,2025-03-13,2025-05-12,0,0,Andet,Ingen årsag – ingen tlf kontakt,2025-07-14,0,1,0,75.02465753424657,6+ måneder
1256,2025-03-31,Mand,utm_campaign=Marts25&utm_content=b&utm_medium=mail&utm_source=mail,0,1,12,2,6,2025-03-05,2025-05-04,3,3,Andet,kunden ønsker ikke at oplyse,2025-05-04,1,0,0,74.02191780821917,6+ måneder
1014,2025-03-21,Mand,utm_campaign=Marts25&utm_content=sc_b&utm_medium=mail&utm_source=mail,0,1,8,3,4,2025-03-21,2025-05-20,0,0,Økonomi,Pris,2025-05-20,1,0,0,69.35890410958905,6+ måneder
775,2025-03-21,Mand,utm_campaign=Marts25&utm_content=sc_b&utm_medium=mail&utm_source=mail,0,1,7,3,4,2025-03-21,2025-05-20,0,0,Andet,kunden ønsker ikke at oplyse,2025-05-20,1,0,0,47.66027397260274,6+ måneder
61,2025-04-28,Mand,utm_campaign=Marts25&utm_content=A&utm_medium=content&utm_source=jp.dk,0,0,0,0,0,2025-03-07,2025-05-06,0,0,Produkt,Redaktionelt indhold / holdning,2025-05-06,1,0,0,75.23835616438356,1-6 måneder
538,2025-05-20,Mand,utm_campaign=Marts25&utm_content=A&utm_medium=content&utm_source=jp.dk,0,1,2,2,0,2025-03-24,2025-05-23,3,3,Økonomi,Pris,2025-05-23,1,0,0,50.945205479452056,6+ måneder
1285,2025-05-02,Mand,utm_campaign=Marts25&utm_content=a&utm_medium=mail&utm_source=mail,0,1,9,4,3,2025-03-05,2025-05-04,0,0,Produkt,Redaktionelt indhold / holdning,2025-05-04,1,0,0,65.96712328767123,6+ måneder
153,2025-05-03,Kvinde,utm_campaign=Basis_22&utm_content=App_android&utm_medium=Matrice&utm_source=App,0,1,1,0,0,2025-03-20,2025-05-19,0,0,Andet,kunden ønsker ikke at oplyse,2025-05-19,1,0,0,59.41917808219178,6+ måneder
506,2025-05-07,Mand,utm_campaign=Marts25&utm_content=b&utm_medium=mail&utm_source=mail,1,1,9,7,4,2025-03-05,2025-05-04,3,4,Tid,Ikke tid,2025-06-04,0,1,0,44.12328767123287,6+ måneder
61,2025-05-08,Mand,utm_campaign=Marts25&utm_content=B&utm_medium=content&utm_source=jp.dk,1,1,0,0,0,2025-03-17,2025-05-16,0,0,Tid,Ikke tid,2025-05-16,1,0,0,45.71232876712329,0-7 dage
61,2025-03-13,Kvinde,utm_campaign=Marts25&utm_content=A&utm_medium=content&utm_source=jp.dk,0,0,0,0,0,2025-03-11,2025-05-10,0,0,Tid,Ikke tid,2025-05-10,1,0,0,52.97808219178082,6+ måneder
122,2025-06-26,Kvinde,utm_campaign=Marts25&utm_medium=Weblayer&utm_source=jp.dk,0,0,0,0,0,2025-03-19,2025-05-18,0,0,Tid,Ikke tid,2025-07-18,0,1,0,39.29041095890411,6+ måneder
518,3000-01-01,Mand,utm_campaign=Marts25&utm_content=B&utm_medium=content&utm_source=jp.dk,0,1,2,2,1,2025-03-11,2025-05-10,1,1,Ingen afmelding,Ingen afmelding,3000-01-01,0,1,0,66.93150684931507,6+ måneder
190,2025-03-31,Mand,utm_campaign=Marts25&utm_content=A&utm_medium=content&utm_source=jp.dk,0,1,6,3,5,2025-03-23,2025-05-22,0,0,Andet,kunden ønsker ikke at oplyse,2025-05-22,1,0,0,62.178082191780824,6+ måneder
866,2025-07-04,Mand,utm_campaign=Marts25&utm_content=a&utm_medium=mail&utm_source=mail,1,1,26,7,18,2025-03-06,2025-05-05,22,21,Produkt,Redaktionelt indhold / holdning,2025-07-05,0,1,0,75.44657534246575,6+ måneder
61,2025-04-28,Mand,utm_campaign=Marts25&utm_content=A&utm_medium=content&utm_source=jp.dk,0,0,0,0,0,2025-03-04,2025-05-03,0,0,Tid,Ikke tid,2025-05-03,1,0,0,68.91780821917808,0-7 dage
385,3000-01-01,Mand,utm_campaign=Basis_22&utm_content=HeaderButtonRaised&utm_medium=Matrice&utm_source=jp.dk,1,1,0,0,0,2025-03-08,2025-05-07,0,0,Ingen afmelding,Ingen afmelding,3000-01-01,0,1,0,61.895890410958906,0-7 dage
1952,3000-01-01,Mand,utm_campaign=Marts25&utm_content=A&utm_medium=content&utm_source=jp.dk,0,1,1,0,0,2025-03-08,2025-05-07,2,2,Ingen afmelding,Ingen afmelding,3000-01-01,0,1,0,53.652054794520545,6+ måneder
1383,2025-06-17,Mand,utm_campaign=Marts25&utm_content=sc_a&utm_medium=mail&utm_source=mail,1,1,5,2,2,2025-03-23,2025-05-22,0,0,Produkt,Digital platform,2025-06-17,0,1,1,78.41917808219178,6+ måneder
315,2025-03-10,Mand,utm_campaign=Basis_22&utm_content=HeaderButtonRaised&utm_medium=Matrice&utm_source=jp.dk,0,1,8,6,2,2025-03-08,2025-05-07,0,0,Andet,kunden ønsker ikke at oplyse,2025-05-07,1,0,0,55.035616438356165,6+ måneder
458,2025-10-23,Mand,utm_campaign=Marts25&utm_content=B&utm_medium=content&utm_source=jp.dk,0,0,2,2,0,2025-03-15,2025-05-14,0,0,Tid,Ikke tid,2026-02-13,0,1,0,44.295890410958904,6+ måneder
739,2025-05-22,Mand,utm_campaign=Marts25&utm_content=sc_b&utm_medium=mail&utm_source=mail,0,1,4,2,1,2025-03-21,2025-05-20,2,2,Tid,Ikke tid,2025-06-20,0,1,0,71.56164383561644,6+ måneder
380,2025-04-23,Mand,utm_campaign=Basis_22&utm_content=HeaderButtonRaised&utm_medium=Matrice&utm_source=jp.dk,1,1,1,1,0,2025-03-22,2025-05-21,0,0,Produkt,Redaktionelt indhold / holdning,2025-05-21,1,0,0,45.87123287671233,1-6 måneder
434,2025-04-14,Mand,utm_campaign=Marts25&utm_content=A&utm_medium=content&utm_source=jp.dk,1,0,12,9,5,2025-03-17,2025-05-16,4,3,Andet,kunden ønsker ikke at oplyse,2025-05-16,1,0,0,80.11506849315069,6+ måneder
1269,3000-01-01,Mand,utm_campaign=Basis_22&utm_content=HeaderButtonRaised&utm_medium=Matrice&utm_source=jp.dk,0,0,3,3,0,2025-03-11,2025-05-10,0,0,Ingen afmelding,Ingen afmelding,3000-01-01,0,1,0,60.06301369863014,6+ måneder
346,2025-06-16,Mand,utm_campaign=Marts25&utm_content=b&utm_medium=mail&utm_source=mail,0,1,2,2,1,2025-03-05,2025-05-04,4,4,Andet,Ingen årsag – ingen tlf kontakt,2025-07-04,0,1,0,76.07123287671233,6+ måneder
376,3000-01-01,Mand,utm_campaign=Marts25&utm_content=A&utm_medium=content&utm_source=jp.dk,0,0,0,0,0,2025-03-17,2025-05-16,3,3,Ingen afmelding,Ingen afmelding,3000-01-01,0,1,0,72.852054794520555,6+ måneder
544,2025-06-15,Kvinde,utm_campaign=Marts25&utm_content=A&utm_medium=content&utm_source=jp.dk,0,1,3,3,0,2025-03-12,2025-05-11,0,0,Andet,RVS,2025-06-14,0,1,0,46.4986301369863,6+ måneder
567,2025-04-04,Mand,utm_campaign=Basis_22&utm_content=HeaderButtonRaised&utm_medium=Matrice&utm_source=jp.dk,1,1,9,8,5,2025-03-07,2025-05-06,1,1,Andet,Ingen årsag – ingen tlf kontakt,2025-05-06,1,0,0,73.84657534246575,6+ måneder
1120,2025-03-21,Mand,utm_campaign=Basis_22&utm_content=HeaderButtonRaised&utm_medium=Matrice&utm_source=jp.dk,0,1,2,2,0,2025-03-20,2025-05-19,0,0,Andet,Administrativt,2025-05-19,1,0,0,72.07945205479452,6+ måneder
999,2026-02-08,Mand,utm_campaign=Marts25&utm_content=sc_a&utm_medium=mail&utm_source=mail,1,0,12,5,8,2025-03-21,2025-05-20,0,0,Andet,Administrativt,2026-02-07,0,1,0,81.27671232876712,6+ måneder
242,2025-03-21,Kvinde,utm_campaign=Basis_22&utm_content=HeaderButtonRaised&utm_medium=Matrice&utm_source=jp.dk,0,0,2,2,0,2025-03-17,2025-05-16,0,0,Andet,Ingen årsag – ingen tlf kontakt,2025-05-16,1,0,0,54.26301369863014,6+ måneder
1891,3000-01-01,Mand,utm_campaign=Marts25&utm_content=B&utm_medium=content&utm_source=jp.dk,0,1,5,2,1,2025-03-11,2025-05-10,4,4,Ingen afmelding,Ingen afmelding,3000-01-01,0,1,0,75.93698630136986,6+ måneder
983,3000-01-01,Mand,utm_campaign=Marts25&utm_content=a&utm_medium=mail&utm_source=mail,0,1,4,2,2,2025-03-05,2025-05-04,0,0,Ingen afmelding,Ingen afmelding,3000-01-01,0,1,0,72.21643835616439,6+ måneder
889,2025-03-22,Mand,utm_campaign=Marts25&utm_content=sc_a&utm_medium=mail&utm_source=mail,1,1,14,5,7,2025-03-21,2025-05-20,13,13,Produkt,Redaktionelt indhold / holdning,2025-05-20,1,0,0,72.84109589041095,6+ måneder
489,2026-01-26,Mand,utm_campaign=Marts25&utm_content=A&utm_medium=content&utm_source=jp.dk,0,1,2,1,0,2025-03-24,2025-05-23,5,5,Tid,Ikke tid,2026-02-23,0,1,0,60.11780821917808,6+ måneder
355,2025-12-08,Mand,utm_campaign=Marts25&utm_content=A&utm_medium=content&utm_source=jp.dk,0,0,1,0,1,2025-03-10,2025-05-09,0,0,Produkt,Redaktionelt indhold / holdning,2025-12-09,0,1,0,61.9013698630137,6+ måneder
61,2025-05-22,Mand,utm_campaign=Marts25&utm_content=A&utm_medium=content&utm_source=jp.dk,0,0,0,0,0,2025-03-24,2025-05-23,0,0,Produkt,Anden avis/produkt,2025-05-23,1,0,0,32.72054794520548,6+ måneder
2218,3000-01-01,Mand,utm_campaign=Basis_22&utm_content=HeaderButtonRaised&utm_medium=Matrice&utm_source=jp.dk,0,0,2,1,1,2025-03-11,2025-05-10,14,15,Ingen afmelding,Ingen afmelding,3000-01-01,0,1,0,61.42739726027397,6+ måneder
513,2025-12-22,Kvinde,utm_campaign=Marts25&utm_content=A&utm_medium=content&utm_source=jp.dk,0,0,3,2,1,2025-03-03,2025-05-02,0,0,Økonomi,Pris,2026-01-02,0,1,0,58.66849315068493,6+ måneder
142,2025-07-07,Mand,utm_campaign=Marts25&utm_content=sc_b&utm_medium=mail&utm_source=mail,0,1,5,1,4,2025-03-23,2025-05-22,0,0,Tid,Ikke tid,2025-07-07,0,1,0,57.54520547945206,6+ måneder
827,2025-04-13,Mand,utm_campaign=Marts25&utm_content=B&utm_medium=content&utm_source=jp.dk,0,1,9,8,1,2025-03-21,2025-05-20,1,1,Andet,kunden ønsker ikke at oplyse,2025-05-20,1,0,0,73.20821917808219,6+ måneder
1454,3000-01-01,Kvinde,utm_campaign=Basis_22&utm_content=HeaderButtonRaised&utm_medium=Matrice&utm_source=jp.dk,0,0,14,10,5,2025-03-15,2025-05-14,0,0,Ingen afmelding,Ingen afmelding,3000-01-01,0,1,0,45.967123287671235,6+ måneder
523,2025-08-15,Mand,utm_campaign=Marts25&utm_content=sc_a&utm_medium=mail&utm_source=mail,0,0,7,5,3,2025-03-21,2025-05-20,0,0,Tid,Ikke tid,2025-08-20,0,1,0,74.64657534246575,6+ måneder
1007,2025-03-27,Mand,utm_campaign=Marts25&utm_content=A&utm_medium=content&utm_source=jp.dk,0,0,11,4,4,2025-03-04,2025-05-03,0,0,Tid,Ikke tid,2025-05-03,1,0,0,49.865753424657534,6+ måneder
658,2025-03-23,Mand,utm_campaign=Marts25&utm_medium=Weblayer&utm_source=jp.dk,0,0,7,5,2,2025-03-19,2025-05-18,0,0,Andet,kunden ønsker ikke at oplyse,2025-05-18,1,0,0,56.61369863013699,6+ måneder
306,2025-12-07,Kvinde,utm_campaign=Marts25&utm_content=B&utm_medium=content&utm_source=jp.dk,0,0,0,0,0,2025-03-03,2025-05-02,3,3,Økonomi,Pris,2026-01-02,0,1,0,63.84931506849315,6+ måneder
881,2025-04-02,Mand,utm_campaign=Marts25&utm_content=a&utm_medium=mail&utm_source=mail,0,1,4,3,0,2025-03-05,2025-05-04,0,0,Tid,Ikke tid,2025-05-04,1,0,0,73.55890410958904,6+ måneder
371,3000-01-01,Mand,utm_campaign=Marts25&utm_content=A&utm_medium=content&utm_source=jp.dk,0,0,0,0,0,2025-03-22,2025-05-21,0,0,Ingen afmelding,Ingen afmelding,3000-01-01,0,1,0,77.92054794520548,6+ måneder
430,3000-01-01,Mand,utm_campaign=Marts25&utm_content=b&utm_medium=mail&utm_source=mail,1,1,5,3,5,2025-03-05,2025-05-04,1,1,Ingen afmelding,Ingen afmelding,3000-01-01,0,1,0,70.6,6+ måneder
61,2025-05-15,Kvinde,utm_campaign=&utm_content=genbesog_JP_digital&utm_medium=ppc&utm_source=adwords&utm_term=jyllands-posten+abonnement+tilbud,0,0,0,0,0,2025-03-19,2025-05-18,0,0,Økonomi,Pris,2025-05-18,1,0,0,62.38630136986301,0-7 dage
68,2025-03-20,Mand,utm_campaign=Marts25&utm_content=A&utm_medium=content&utm_source=jp.dk,1,1,2,0,2,2025-03-20,2025-05-19,0,0,Produkt,Redaktionelt indhold / holdning,2025-05-19,1,0,0,25.410958904109588,6+ måneder
214,2025-09-15,Kvinde,utm_campaign=Basis_22&utm_content=HeaderButtonRaised&utm_medium=Matrice&utm_source=jp.dk,0,0,0,0,0,2025-03-07,2025-05-06,0,0,Tid,Ikke tid,2025-10-06,0,1,0,83.18904109589042,6+ måneder
61,2025-03-05,Kvinde,utm_campaign=Marts25&utm_content=A&utm_medium=content&utm_source=jp.dk,0,0,0,0,0,2025-03-05,2025-05-04,0,0,Produkt,Redaktionelt indhold / holdning,2025-05-04,1,0,0,49.36986301369863,6+ måneder
153,2025-07-11,,utm_campaign=Basis_22&utm_content=HeaderButtonRaised&utm_medium=Matrice&utm_source=jp.dk,0,0,0,0,0,2025-03-07,2025-05-06,0,0,Tid,Ikke tid,2025-08-06,0,1,0,65.43013698630136,6+ måneder
876,2025-10-15,Kvinde,utm_campaign=Marts25&utm_content=A&utm_medium=content&utm_source=jp.dk,0,1,7,3,4,2025-03-14,2025-05-13,0,0,Økonomi,Pris,2025-10-14,0,1,0,79.43561643835616,6+ måneder
275,2025-11-30,Mand,utm_campaign=Basis_22&utm_content=HeaderButtonRaised&utm_medium=Matrice&utm_source=jp.dk,0,0,0,0,0,2025-03-15,2025-05-14,0,0,Andet,Ingen årsag – ingen tlf kontakt,2025-12-14,0,1,0,50.75342465753425,0-7 dage
146,2025-05-12,Mand,utm_campaign=Marts25&utm_content=A&utm_medium=content&utm_source=jp.dk,0,1,0,0,0,2025-03-09,2025-05-08,0,0,Andet,Administrativt,2025-05-12,0,1,1,67.77808219178083,0-7 dage
337,2026-01-06,Mand,utm_campaign=Marts25&utm_content=A&utm_medium=content&utm_source=jp.dk,0,0,0,0,0,2025-03-04,2025-05-03,0,0,Økonomi,Pris,2026-02-03,0,1,0,50.51780821917808,0-7 dage
168,2025-04-25,Kvinde,utm_campaign=Marts25&utm_content=sc_a&utm_medium=mail&utm_source=mail,1,1,11,4,7,2025-03-21,2025-05-20,0,0,Tid,Ikke tid,2025-05-20,1,0,0,72.58904109589041,6+ måneder
1180,2025-03-17,Mand,utm_campaign=Marts25&utm_content=b&utm_medium=mail&utm_source=mail,0,0,2,1,1,2025-03-05,2025-05-04,1,1,Andet,kunden ønsker ikke at oplyse,2025-05-04,1,0,0,68.93698630136986,6+ måneder
400,2025-03-17,Mand,utm_campaign=Marts25&utm_content=B&utm_medium=content&utm_source=jp.dk,0,1,2,0,2,2025-03-17,2025-05-16,0,0,Andet,kunden ønsker ikke at oplyse,2025-05-16,1,0,0,58.59452054794521,6+ måneder
384,3000-01-01,Mand,utm_campaign=Basis_22&utm_content=HeaderButtonRaised&utm_medium=Matrice&utm_source=jp.dk,0,0,0,0,0,2025-03-09,2025-05-08,0,0,Ingen afmelding,Ingen afmelding,3000-01-01,0,1,0,58.016438356164386,6+ måneder
373,3000-01-01,Mand,utm_campaign=Basis_22&utm_content=HeaderButtonRaised&utm_medium=Matrice&utm_source=jp.dk,0,1,0,0,0,2025-03-20,2025-05-19,0,0,Ingen afmelding,Ingen afmelding,3000-01-01,0,1,0,64.42465753424658,6+ måneder
518,2025-05-01,Mand,utm_campaign=Marts25&utm_medium=topticker&utm_source=jp.dk,0,1,2,1,1,2025-03-23,2025-05-22,0,0,Økonomi,Pris,2025-05-22,1,0,0,57.967123287671235,6+ måneder
61,2025-03-17,Kvinde,utm_campaign=Marts25&utm_content=A&utm_medium=content&utm_source=jp.dk,0,0,0,0,0,2025-03-17,2025-05-16,0,0,Produkt,Redaktionelt indhold / holdning,2025-05-16,1,0,0,69.55890410958904,6+ måneder
103,2025-05-26,Mand,utm_campaign=Marts25&utm_content=B&utm_medium=content&utm_source=jp.dk,0,0,0,0,0,2025-03-21,2025-05-20,0,0,Tid,Ikke tid,2025-06-20,0,1,0,59.0958904109589,0-7 dage
61,2025-03-21,Mand,utm_campaign=Basis_22&utm_content=HeaderButtonRaised&utm_medium=Matrice&utm_source=jp.dk,1,0,0,0,0,2025-03-13,2025-05-12,0,2,Andet,Ingen årsag – ingen tlf kontakt,2025-05-12,1,0,0,64.61643835616438,6+ måneder
552,3000-01-01,Mand,utm_campaign=Marts25&utm_content=A&utm_medium=content&utm_source=jp.dk,1,0,3,1,2,2025-03-23,2025-05-22,0,0,Ingen afmelding,Ingen afmelding,3000-01-01,0,1,0,72.87945205479453,6+ måneder
615,3000-01-01,Mand,utm_campaign=Basis_22&utm_content=MegaMenu&utm_medium=Matrice&utm_source=jp.dk,0,1,2,2,0,2025-03-06,2025-05-05,1,1,Ingen afmelding,Ingen afmelding,3000-01-01,0,1,0,54.586301369863016,6+ måneder
1064,2025-03-21,Mand,utm_campaign=Marts25&utm_content=sc_a&utm_medium=mail&utm_source=mail,1,1,8,8,2,2025-03-21,2025-05-20,0,0,Økonomi,Pris,2025-05-20,1,0,0,55.868493150684934,6+ måneder
229,2025-03-07,Mand,utm_campaign=Marts25&utm_content=b&utm_medium=mail&utm_source=mail,1,1,12,3,11,2025-03-06,2025-05-05,3,2,Andet,kunden ønsker ikke at oplyse,2025-05-05,1,0,0,59.46027397260274,6+ måneder
61,2025-05-10,Kvinde,utm_campaign=Basis_22&utm_content=HeaderButtonRaised&utm_medium=Matrice&utm_source=jp.dk,0,0,0,0,0,2025-03-16,2025-05-15,0,0,Produkt,Redaktionelt indhold / holdning,2025-05-15,1,0,0,32.23013698630137,0-7 dage
1196,3000-01-01,Mand,utm_campaign=Marts25&utm_content=A&utm_medium=content&utm_source=jp.dk,0,1,10,5,5,2025-03-22,2025-05-21,0,0,Ingen afmelding,Ingen afmelding,3000-01-01,0,1,0,59.6,6+ måneder
555,3000-01-01,Mand,utm_campaign=Marts25&utm_content=a&utm_medium=mail&utm_source=mail,0,1,20,7,16,2025-03-06,2025-05-05,0,0,Ingen afmelding,Ingen afmelding,3000-01-01,0,1,0,64.57808219178082,6+ måneder
190,2025-06-02,Mand,utm_campaign=Marts25&utm_content=a&utm_medium=mail&utm_source=mail,0,1,3,0,2,2025-03-05,2025-05-04,2,2,Tid,Ikke tid,2025-06-04,0,1,0,85.16164383561645,6+ måneder
352,2025-04-11,Kvinde,utm_campaign=Marts25&utm_content=sc_a&utm_medium=mail&utm_source=mail,0,1,9,5,5,2025-03-21,2025-05-20,2,2,Produkt,Anden avis/produkt,2025-05-20,1,0,0,75.72054794520548,6+ måneder
556,2025-12-05,Kvinde,utm_campaign=Marts25&utm_content=sc_b&utm_medium=mail&utm_source=mail,1,1,1,1,0,2025-03-21,2025-05-20,0,0,Andet,kunden ønsker ikke at oplyse,2025-12-20,0,1,0,54.97808219178082,6+ måneder
375,2025-03-22,Mand,utm_campaign=Marts25&utm_medium=topticker&utm_source=jp.dk,0,1,17,9,11,2025-03-22,2025-05-21,1,1,Økonomi,Pris,2025-05-21,1,0,0,48.00821917808219,6+ måneder
505,2025-06-08,Mand,utm_campaign=Marts25&utm_content=sc_a&utm_medium=mail&utm_source=mail,1,1,4,2,1,2025-03-21,2025-05-20,1,2,Andet,kunden ønsker ikke at oplyse,2025-06-20,0,1,0,76.33972602739726,6+ måneder
1743,2025-04-03,Mand,utm_campaign=Marts25&utm_content=sc_a&utm_medium=mail&utm_source=mail,0,1,8,1,2,2025-03-22,2025-05-21,1,21,Produkt,Uden for målgruppe,2025-05-21,1,0,0,90.38356164383562,6+ måneder
122,2025-06-18,Mand,utm_campaign=Basis_22&utm_content=HeaderButtonRaised&utm_medium=Matrice&utm_source=jp.dk,0,0,0,0,0,2025-03-11,2025-05-10,0,0,Produkt,Anden avis/produkt,2025-07-10,0,1,0,62.654794520547945,0-7 dage
571,3000-01-01,Mand,utm_campaign=Marts25&utm_content=A&utm_medium=content&utm_source=jp.dk,0,0,2,1,0,2025-03-05,2025-05-04,0,0,Ingen afmelding,Ingen afmelding,3000-01-01,0,1,0,51.92054794520548,6+ måneder
516,2025-03-10,Kvinde,utm_campaign=Basis_22&utm_content=HeaderButtonRaised&utm_medium=Matrice&utm_source=jp.dk,0,0,1,0,0,2025-03-09,2025-05-08,0,0,Produkt,Redaktionelt indhold / holdning,2025-05-08,1,0,0,46.47945205479452,6+ måneder
186,2025-04-29,Mand,utm_campaign=Marts25&utm_content=A&utm_medium=content&utm_source=jp.dk,0,0,0,0,0,2025-03-15,2025-05-14,0,0,Tid,Ikke tid,2025-05-14,1,0,0,62.342465753424655,6+ måneder
306,2025-12-14,Mand,utm_campaign=Marts25&utm_content=B&utm_medium=content&utm_source=jp.dk,0,0,0,0,0,2025-03-07,2025-05-06,0,0,Tid,Ikke tid,2026-01-06,0,1,0,62.38630136986301,6+ måneder
383,3000-01-01,Kvinde,utm_campaign=Marts25&utm_content=B&utm_medium=content&utm_source=jp.dk,0,1,1,0,1,2025-03-17,2025-05-16,0,0,Ingen afmelding,Ingen afmelding,3000-01-01,0,1,0,68.94794520547946,6+ måneder
369,2026-02-05,,utm_campaign=Marts25&utm_content=A&utm_medium=content&utm_source=jp.dk,0,0,1,1,0,2025-03-04,2025-05-03,0,0,Tid,Ikke tid,2026-02-05,0,1,0,48.83561643835616,6+ måneder
143,2025-08-12,Mand,utm_campaign=Marts25&utm_content=B&utm_medium=content&utm_source=jp.dk,1,1,0,0,0,2025-03-22,2025-05-21,0,0,Andet,RVS,2025-08-11,0,1,0,60.602739726027394,0-7 dage
429,2025-05-23,Mand,utm_campaign=Marts25&utm_content=A&utm_medium=content&utm_source=jp.dk,0,1,2,2,0,2025-03-23,2025-05-22,0,0,Tid,Ikke tid,2025-06-22,0,1,0,33.66301369863014,6+ måneder
184,2025-05-20,Kvinde,utm_campaign=Basis_22&utm_content=HeaderButtonRaised&utm_medium=Matrice&utm_source=jp.dk,1,1,1,1,0,2025-03-20,2025-05-19,0,0,Andet,kunden ønsker ikke at oplyse,2025-06-19,0,1,0,58.04657534246575,6+ måneder
61,2025-04-18,Mand,utm_campaign=Marts25&utm_content=B&utm_medium=content&utm_source=jp.dk,0,0,0,0,0,2025-03-20,2025-05-19,0,0,Økonomi,Pris,2025-05-19,1,0,0,43.23835616438356,0-7 dage
61,2025-03-22,Mand,utm_campaign=Basis_22&utm_content=HeaderButtonRaised&utm_medium=Matrice&utm_source=jp.dk,0,0,0,0,0,2025-03-11,2025-05-10,0,0,Produkt,Redaktionelt indhold / holdning,2025-05-10,1,0,0,21.101369863013698,0-7 dage
214,2025-10-04,,utm_campaign=Marts25&utm_content=A&utm_medium=content&utm_source=jp.dk,0,0,0,0,0,2025-03-18,2025-05-17,0,0,Produkt,Redaktionelt indhold / holdning,2025-10-17,0,1,0,79.28493150684932,0-7 dage
61,2025-04-15,Mand,utm_campaign=Marts25&utm_content=A&utm_medium=content&utm_source=jp.dk,0,0,0,0,0,2025-03-05,2025-05-04,0,0,Produkt,Redaktionelt indhold / holdning,2025-05-04,1,0,0,64.68767123287671,6+ måneder
367,2025-09-15,Kvinde,utm_campaign=Marts25&utm_content=A&utm_medium=content&utm_source=jp.dk,1,1,1,1,0,2025-03-04,2025-05-03,0,0,Tid,Ikke tid,2025-10-03,0,1,0,48.054794520547944,6+ måneder
61,2025-03-16,,utm_campaign=Basis_22&utm_content=HeaderButtonRaised&utm_medium=Matrice&utm_source=jp.dk,0,0,0,0,0,2025-03-16,2025-05-15,0,0,Andet,kunden ønsker ikke at oplyse,2025-05-15,1,0,0,64.20821917808219,0-7 dage
214,2025-09-22,Mand,utm_campaign=Marts25&utm_content=A&utm_medium=content&utm_source=jp.dk,0,0,0,0,0,2025-03-22,2025-05-21,0,0,Tid,Ikke tid,2025-10-21,0,1,0,45.90958904109589,0-7 dage
303,2025-06-15,Mand,utm_campaign=Marts25&utm_content=A&utm_medium=content&utm_source=jp.dk,0,0,1,1,0,2025-03-07,2025-05-06,0,0,Tid,Ikke tid,2025-07-06,0,1,0,37.04109589041096,6+ måneder
323,2025-05-15,Mand,utm_campaign=Marts25&utm_content=A&utm_medium=content&utm_source=jp.dk,0,0,1,1,0,2025-03-17,2025-05-16,0,0,Produkt,Redaktionelt indhold / holdning,2025-05-16,1,0,0,41.12054794520548,6+ måneder
61,2025-04-03,Mand,utm_campaign=Marts25&utm_content=A&utm_medium=content&utm_source=jp.dk,0,0,0,0,0,2025-03-06,2025-05-05,0,0,Andet,kunden ønsker ikke at oplyse,2025-05-05,1,0,0,64.27671232876712,6+ måneder
259,2025-09-19,Kvinde,utm_campaign=Basis_22&utm_content=HeaderButtonRaised&utm_medium=Matrice&utm_source=jp.dk,0,0,1,1,0,2025-03-13,2025-05-12,0,0,Tid,Ikke tid,2025-10-12,0,1,0,59.47945205479452,6+ måneder
1880,2025-11-09,Mand,utm_campaign=Marts25&utm_content=A&utm_medium=content&utm_source=jp.dk,0,1,4,3,0,2025-03-06,2025-05-05,0,0,Andet,RVS,2025-11-08,0,1,0,57.24109589041096,6+ måneder
163,2025-06-02,Mand,utm_campaign=Marts25&utm_content=b&utm_medium=mail&utm_source=mail,0,0,0,0,0,2025-03-05,2025-05-04,0,0,Andet,Ingen årsag – ingen tlf kontakt,2025-06-01,0,1,1,67.32328767123288,6+ måneder
1701,2025-05-16,Mand,utm_campaign=Marts25&utm_content=b&utm_medium=mail&utm_source=mail,0,1,2,1,0,2025-03-05,2025-05-04,4,4,Produkt,Redaktionelt indhold / holdning,2025-06-04,0,1,0,64.54246575342465,6+ måneder
224,2025-06-24,Mand,utm_campaign=Marts25&utm_content=A&utm_medium=content&utm_source=jp.dk,0,0,1,1,0,2025-03-16,2025-05-15,6,6,Tid,Sæsonpause,2025-06-24,0,1,0,71.9013698630137,6+ måneder
180,2025-03-20,Mand,utm_campaign=Marts25&utm_content=A&utm_medium=content&utm_source=jp.dk,0,0,0,0,0,2025-03-20,2025-05-19,0,0,Andet,kunden ønsker ikke at oplyse,2025-05-19,1,0,0,56.84931506849315,0-7 dage
310,2025-11-19,Mand,utm_campaign=Marts25&utm_content=A&utm_medium=content&utm_source=jp.dk,0,0,0,0,0,2025-03-18,2025-05-17,0,0,Andet,RVS,2025-11-18,0,1,0,65.16986301369863,6+ måneder
134,2025-06-07,Mand,utm_campaign=Basis_22&utm_content=HeaderButtonRaised&utm_medium=Matrice&utm_source=jp.dk,0,1,4,1,4,2025-03-22,2025-05-21,0,0,Tid,Ikke tid,2025-06-21,0,1,0,52.16712328767123,6+ måneder
184,2025-08-08,Kvinde,utm_campaign=Marts25&utm_content=A&utm_medium=content&utm_source=jp.dk,0,1,0,0,0,2025-03-04,2025-05-03,0,0,Andet,kunden ønsker ikke at oplyse,2025-09-03,0,1,0,30.0986301369863,6+ måneder
370,3000-01-01,Mand,utm_campaign=Marts25&utm_content=A&utm_medium=content&utm_source=jp.dk,0,0,0,0,0,2025-03-23,2025-05-22,3,3,Ingen afmelding,Ingen afmelding,3000-01-01,0,1,0,53.153424657534245,6+ måneder
61,2025-04-01,Mand,utm_campaign=Basis_22&utm_content=HeaderButtonRaised&utm_medium=Matrice&utm_source=jp.dk,1,1,0,0,0,2025-03-11,2025-05-10,0,0,Tid,Ikke tid,2025-05-10,1,0,0,61.73150684931507,0-7 dage
61,2025-03-18,Mand,utm_campaign=Basis_22&utm_content=HeaderButtonRaised&utm_medium=Matrice&utm_source=jp.dk,0,0,0,0,0,2025-03-18,2025-05-17,0,0,Produkt,Redaktionelt indhold / holdning,2025-05-17,1,0,0,63.90684931506849,6+ måneder
61,2025-03-11,Kvinde,,0,0,0,0,0,2025-03-11,2025-05-10,0,0,Andet,kunden ønsker ikke at oplyse,2025-05-10,1,0,0,67.62739726027397,0-7 dage
390,3000-01-01,Mand,,0,0,0,0,0,2025-03-03,2025-05-02,0,0,Ingen afmelding,Ingen afmelding,3000-01-01,0,1,0,57.30684931506849,0-7 dage
376,3000-01-01,Kvinde,utm_campaign=Basis_22&utm_content=MegaMenu&utm_medium=Matrice&utm_source=jp.dk,0,0,0,0,0,2025-03-17,2025-05-16,0,0,Ingen afmelding,Ingen afmelding,3000-01-01,0,1,0,50.92876712328767,0-7 dage
184,2025-07-06,Kvinde,utm_campaign=Marts25&utm_content=A&utm_medium=content&utm_source=jp.dk,0,0,1,1,0,2025-03-17,2025-05-16,0,0,Tid,Ikke tid,2025-07-16,0,1,0,36.775342465753425,6+ måneder
120,2025-04-25,Mand,utm_campaign=Marts25&utm_content=b&utm_medium=mail&utm_source=mail,1,1,0,0,0,2025-03-05,2025-04-24,0,0,Andet,Administrativt,2025-04-24,1,0,0,64.13698630136986,0-7 dage
171,2025-05-27,Mand,utm_campaign=Basis_22&utm_content=HeaderButtonRaised&utm_medium=Matrice&utm_source=jp.dk,1,1,1,0,1,2025-03-05,2025-05-04,0,0,Tid,Ikke tid,2025-06-04,0,1,0,52.93972602739726,6+ måneder
1392,2025-03-21,Mand,utm_campaign=Marts25&utm_content=B&utm_medium=content&utm_source=jp.dk,0,1,5,3,1,2025-03-13,2025-05-12,0,0,Andet,kunden ønsker ikke at oplyse,2025-05-12,1,0,0,48.04931506849315,6+ måneder
68,2025-04-29,Kvinde,utm_campaign=Basis_22&utm_content=HeaderButtonRaised&utm_medium=Matrice&utm_source=jp.dk,0,0,0,0,0,2025-03-11,2025-05-10,0,0,Tid,Ikke tid,2025-05-10,1,0,0,43.868493150684934,6+ måneder
92,2025-04-25,Kvinde,utm_campaign=Marts25&utm_content=B&utm_medium=content&utm_source=jp.dk,0,0,1,0,0,2025-03-10,2025-05-09,0,0,Tid,Ikke tid,2025-05-09,1,0,0,32.03013698630137,6+ måneder
61,2025-03-19,Mand,utm_campaign=Basis_22&utm_content=HeaderButtonRaised&utm_medium=Matrice&utm_source=jp.dk,0,0,0,0,0,2025-03-19,2025-05-18,0,0,Tid,Ikke tid,2025-05-18,1,0,0,20.92876712328767,0-7 dage
445,2025-03-31,Kvinde,utm_campaign=Marts25&utm_content=B&utm_medium=content&utm_source=jp.dk,1,1,9,4,3,2025-03-22,2025-03-30,6,5,Andet,kunden ønsker ikke at oplyse,2025-03-30,1,0,0,71.13424657534246,6+ måneder
155,2025-06-10,Mand,utm_campaign=Marts25&utm_content=B&utm_medium=content&utm_source=jp.dk,0,0,0,0,0,2025-03-06,2025-05-05,0,0,Andet,Ingen årsag – ingen tlf kontakt,2025-07-05,0,1,0,60.47397260273973,6+ måneder
597,2025-04-25,Kvinde,utm_campaign=Marts25&utm_content=sc_a&utm_medium=mail&utm_source=mail,1,1,3,1,2,2025-03-21,2025-05-20,0,0,Andet,Ingen årsag – ingen tlf kontakt,2025-05-20,1,0,0,70.24383561643836,6+ måneder
374,3000-01-01,Mand,utm_campaign=Marts25&utm_content=A&utm_medium=content&utm_source=jp.dk,0,0,0,0,0,2025-03-19,2025-05-18,0,0,Ingen afmelding,Ingen afmelding,3000-01-01,0,1,0,50.367123287671234,6+ måneder
61,2025-03-26,Mand,utm_campaign=Marts25&utm_content=A&utm_medium=content&utm_source=jp.dk,1,1,0,0,0,2025-03-24,2025-05-23,0,0,Produkt,Redaktionelt indhold / holdning,2025-05-23,1,0,0,54.534246575342465,6+ måneder
61,2025-04-22,Kvinde,utm_campaign=Marts25&utm_content=B&utm_medium=content&utm_source=jp.dk,0,0,0,0,0,2025-03-21,2025-05-20,0,0,Tid,Ikke tid,2025-05-20,1,0,0,79.23287671232876,6+ måneder
61,2025-04-14,Mand,utm_campaign=Marts25&utm_content=sc_b&utm_medium=mail&utm_source=mail,1,1,0,0,0,2025-03-21,2025-05-20,0,0,Produkt,Anden avis/produkt,2025-05-20,1,0,0,67.76712328767124,6+ måneder
1001,2025-05-20,Mand,utm_campaign=Marts25&utm_content=sc_b&utm_medium=mail&utm_source=mail,1,1,8,3,2,2025-03-21,2025-05-20,3,3,Andet,kunden ønsker ikke at oplyse,2025-05-20,1,0,0,88.74246575342465,6+ måneder
212,2025-09-03,Mand,utm_campaign=Marts25&utm_content=HeaderButtonRaised&utm_medium=Matrice&utm_source=jp.dk,1,1,0,0,0,2025-03-19,2025-05-18,0,0,Produkt,Redaktionelt indhold / holdning,2025-09-18,0,1,0,75.97260273972603,6+ måneder
774,2025-05-30,Mand,utm_campaign=Marts25&utm_content=sc_a&utm_medium=mail&utm_source=mail,0,1,4,4,1,2025-03-22,2025-05-21,0,0,Tid,Ikke tid,2025-06-21,0,1,0,78.13972602739726,6+ måneder
455,2026-02-20,Mand,utm_campaign=Basis_22&utm_content=HeaderButtonRaised&utm_medium=Matrice&utm_source=jp.dk,0,0,1,1,0,2025-03-12,2025-05-11,0,0,Produkt,Anden avis/produkt,2026-03-11,0,1,0,57.07397260273972,1-6 måneder
61,2025-03-16,Mand,utm_campaign=Marts25&utm_content=A&utm_medium=content&utm_source=jp.dk,0,0,0,0,0,2025-03-15,2025-05-14,0,0,Produkt,Redaktionelt indhold / holdning,2025-05-14,1,0,0,36.69041095890411,6+ måneder
122,2025-06-10,Mand,utm_campaign=Basis_22&utm_content=HeaderButtonRaised&utm_medium=Matrice&utm_source=jp.dk,1,1,0,0,0,2025-03-08,2025-05-07,0,0,Tid,Ikke tid,2025-07-07,0,1,0,23.805479452054794,1-6 måneder
831,2025-10-23,Mand,utm_campaign=Marts25&utm_content=A&utm_medium=content&utm_source=jp.dk,1,1,2,2,0,2025-03-04,2025-05-03,1,1,Andet,kunden ønsker ikke at oplyse,2025-11-03,0,1,0,92.17808219178082,6+ måneder
411,2025-11-18,Mand,utm_campaign=Marts25&utm_content=A&utm_medium=content&utm_source=jp.dk,0,0,1,1,0,2025-03-10,2025-05-09,0,0,Økonomi,Pris,2025-12-09,0,1,0,32.556164383561644,1-6 måneder
61,2025-04-03,Kvinde,utm_campaign=Basis_22&utm_content=HeaderButtonRaised&utm_medium=Matrice&utm_source=jp.dk,0,0,0,0,0,2025-03-03,2025-05-02,0,0,Andet,kunden ønsker ikke at oplyse,2025-05-02,1,0,0,53.558904109589044,0-7 dage
1133,2025-05-19,Mand,utm_campaign=Marts25&utm_content=B&utm_medium=content&utm_source=jp.dk,1,1,25,10,14,2025-03-21,2025-05-20,8,8,Økonomi,Pris,2025-05-20,1,0,0,69.88493150684931,6+ måneder
317,2025-06-09,Mand,utm_campaign=Marts25&utm_content=A&utm_medium=content&utm_source=jp.dk,0,1,3,0,3,2025-03-05,2025-05-04,3,4,Andet,Ingen årsag – ingen tlf kontakt,2025-06-09,0,1,0,67.16986301369863,6+ måneder
470,2025-03-17,Mand,utm_campaign=Marts25&utm_content=A&utm_medium=content&utm_source=jp.dk,1,0,3,3,0,2025-03-14,2025-05-13,0,0,Økonomi,Pris,2025-05-13,1,0,0,43.04657534246575,6+ måneder
61,2025-05-01,Kvinde,utm_campaign=Basis_22&utm_content=HeaderButtonRaised&utm_medium=Matrice&utm_source=jp.dk,0,0,0,0,0,2025-03-03,2025-05-02,0,0,Andet,Ingen årsag – ingen tlf kontakt,2025-05-02,1,0,0,72.72054794520548,6+ måneder
275,2025-11-23,Mand,utm_campaign=Marts25&utm_content=A&utm_medium=content&utm_source=jp.dk,0,0,0,0,0,2025-03-07,2025-05-06,0,0,Tid,Ikke tid,2025-12-06,0,1,0,49.84931506849315,6+ måneder
61,2025-05-11,Kvinde,utm_campaign=Marts25&utm_content=A&utm_medium=content&utm_source=jp.dk,1,1,0,0,0,2025-03-18,2025-05-17,0,0,Produkt,Redaktionelt indhold / holdning,2025-05-17,1,0,0,53.30958904109589,6+ måneder
470,2025-12-02,Mand,utm_campaign=Marts25&utm_content=B&utm_medium=content&utm_source=jp.dk,0,1,1,1,0,2025-03-05,2025-05-04,0,0,Andet,kunden ønsker ikke at oplyse,2025-12-04,0,1,0,65.7013698630137,6+ måneder
245,2025-11-02,Mand,utm_campaign=Marts25&utm_content=B&utm_medium=content&utm_source=jp.dk,0,0,0,0,0,2025-03-07,2025-05-06,0,0,Tid,Ikke tid,2025-11-06,0,1,0,59.33424657534247,6+ måneder
306,2025-10-02,Kvinde,utm_campaign=Basis_22&utm_content=HeaderButtonRaised&utm_medium=Matrice&utm_source=jp.dk,0,0,2,2,0,2025-03-07,2025-05-06,3,3,Andet,kunden ønsker ikke at oplyse,2025-10-06,0,1,0,52.81917808219178,6+ måneder
387,2025-05-11,Kvinde,utm_campaign=Marts25&utm_content=b&utm_medium=mail&utm_source=mail,0,0,5,4,2,2025-03-05,2025-05-04,1,1,Andet,kunden ønsker ikke at oplyse,2025-06-04,0,1,0,76.30410958904109,6+ måneder
184,2025-05-22,Mand,utm_campaign=Marts25&utm_content=B&utm_medium=content&utm_source=jp.dk,0,0,1,1,0,2025-03-19,2025-05-18,0,0,Tid,Ikke tid,2025-06-18,0,1,0,63.24109589041096,6+ måneder
197,2025-05-26,Mand,utm_campaign=Marts25&utm_content=sc_b&utm_medium=mail&utm_source=mail,0,0,2,2,1,2025-03-22,2025-05-21,0,0,Tid,Ikke tid,2025-06-21,0,1,0,46.293150684931504,6+ måneder
184,2025-08-13,Mand,utm_campaign=Basis_22&utm_content=HeaderButtonRaised&utm_medium=Matrice&utm_source=jp.dk,0,1,0,0,0,2025-03-13,2025-05-12,0,0,Andet,kunden ønsker ikke at oplyse,2025-09-12,0,1,0,58.67123287671233,6+ måneder
61,2025-04-22,Mand,utm_campaign=Marts25&utm_content=A&utm_medium=content&utm_source=jp.dk,0,0,0,0,0,2025-03-04,2025-05-03,0,0,Tid,Ikke tid,2025-05-03,1,0,0,52.79178082191781,6+ måneder
422,2025-04-03,Mand,utm_campaign=Marts25&utm_content=A&utm_medium=content&utm_source=jp.dk,0,1,8,4,4,2025-03-07,2025-05-06,5,5,Tid,Ikke tid,2025-05-06,1,0,0,74.17260273972603,6+ måneder
61,2025-04-14,Kvinde,utm_campaign=Basis_22&utm_content=HeaderButtonRaised&utm_medium=Matrice&utm_source=jp.dk,0,0,0,0,0,2025-03-16,2025-05-15,0,0,Tid,Ikke tid,2025-05-15,1,0,0,63.02739726027397,0-7 dage
2593,3000-01-01,Mand,utm_campaign=Basis_22&utm_content=HeaderButtonRaised&utm_medium=Matrice&utm_source=jp.dk,1,1,4,2,0,2025-03-14,2025-05-13,2,2,Ingen afmelding,Ingen afmelding,3000-01-01,0,1,0,68.75342465753425,6+ måneder
559,3000-01-01,Mand,utm_campaign=Marts25&utm_content=sc_b&utm_medium=mail&utm_source=mail,1,1,6,3,3,2025-03-21,2025-05-20,6,6,Ingen afmelding,Ingen afmelding,3000-01-01,0,1,0,65.93698630136986,6+ måneder
245,2025-10-19,Mand,utm_campaign=Marts25&utm_content=B&utm_medium=content&utm_source=jp.dk,0,0,0,0,0,2025-03-17,2025-05-16,0,0,Andet,kunden ønsker ikke at oplyse,2025-11-16,0,1,0,55.43013698630137,0-7 dage
103,2025-04-05,Mand,utm_campaign=Basis_22&utm_content=HeaderButtonRaised&utm_medium=Matrice&utm_source=jp.dk,1,1,0,0,0,2025-03-09,2025-05-08,0,0,Andet,kunden ønsker ikke at oplyse,2025-05-08,1,0,0,56.06575342465754,6+ måneder
755,2025-03-24,Mand,utm_campaign=Marts25&utm_content=B&utm_medium=content&utm_source=jp.dk,0,1,7,4,0,2025-03-24,2025-05-23,0,0,Andet,kunden ønsker ikke at oplyse,2025-05-23,1,0,0,55.153424657534245,6+ måneder
99,2025-05-13,Mand,utm_campaign=Marts25&utm_content=B&utm_medium=content&utm_source=jp.dk,0,1,1,0,1,2025-03-13,2025-05-12,0,0,Tid,Ikke tid,2025-06-12,0,1,0,44.81095890410959,6+ måneder
602,3000-01-01,Kvinde,utm_campaign=Marts25&utm_content=A&utm_medium=content&utm_source=jp.dk,0,1,4,1,2,2025-03-10,2025-05-09,0,0,Ingen afmelding,Ingen afmelding,3000-01-01,0,1,0,47.293150684931504,6+ måneder
92,2025-05-18,Kvinde,utm_campaign=Marts25&utm_content=A&utm_medium=content&utm_source=jp.dk,0,0,0,0,0,2025-03-09,2025-05-08,0,0,Tid,Ikke tid,2025-06-08,0,1,0,39.26849315068493,0-7 dage
263,2025-04-12,Mand,utm_campaign=Marts25&utm_content=A&utm_medium=content&utm_source=jp.dk,0,1,9,5,5,2025-03-23,2025-05-22,0,0,Produkt,Redaktionelt indhold / holdning,2025-05-22,1,0,0,74.18630136986302,6+ måneder
540,2025-03-29,Mand,utm_campaign=Basis_22&utm_content=HeaderButtonRaised&utm_medium=Matrice&utm_source=jp.dk,0,1,5,3,1,2025-03-09,2025-05-08,0,0,Tid,Ikke tid,2025-05-08,1,0,0,55.99452054794521,6+ måneder
815,3000-01-01,Mand,utm_campaign=Marts25&utm_content=A&utm_medium=content&utm_source=jp.dk,1,1,1,0,0,2025-03-04,2025-05-03,0,0,Ingen afmelding,Ingen afmelding,3000-01-01,0,1,0,50.45205479452055,6+ måneder
208,2025-10-10,Mand,utm_campaign=Marts25&utm_content=A&utm_medium=content&utm_source=jp.dk,0,1,0,0,0,2025-03-23,2025-05-22,0,0,Tid,Ikke tid,2025-10-09,0,1,0,72.13698630136986,0-7 dage
343,2025-04-16,Mand,utm_campaign=Marts25&utm_content=b&utm_medium=mail&utm_source=mail,0,1,1,1,0,2025-03-06,2025-05-05,0,0,Økonomi,Pris,2025-05-05,1,0,0,55.64657534246575,6+ måneder
61,2025-04-07,Kvinde,utm_campaign=Marts25&utm_content=A&utm_medium=content&utm_source=jp.dk,0,0,0,0,0,2025-03-21,2025-05-20,0,0,Andet,kunden ønsker ikke at oplyse,2025-05-20,1,0,0,67.42465753424658,6+ måneder
293,2025-03-25,Kvinde,utm_campaign=Marts25&utm_content=A&utm_medium=content&utm_source=jp.dk,0,0,2,2,0,2025-03-23,2025-05-22,0,0,Andet,kunden ønsker ikke at oplyse,2025-05-22,1,0,0,64.06575342465753,6+ måneder
1952,2025-05-26,Mand,utm_campaign=Marts25&utm_content=A&utm_medium=content&utm_source=jp.dk,0,1,12,8,4,2025-03-20,2025-05-19,1,0,Andet,Ingen årsag – ingen tlf kontakt,2025-06-19,0,1,0,41.323287671232876,6+ måneder
275,2025-12-07,Mand,utm_campaign=Marts25&utm_content=B&utm_medium=content&utm_source=jp.dk,0,0,0,0,0,2025-03-15,2025-05-14,0,0,Produkt,Redaktionelt indhold / holdning,2025-12-14,0,1,0,35.06575342465754,6+ måneder
530,2025-12-03,Mand,utm_campaign=Basis_22&utm_content=HeaderButtonRaised&utm_medium=Matrice&utm_source=jp.dk,0,0,1,1,0,2025-03-18,2025-05-17,1,1,Økonomi,Pris,2025-12-17,0,1,0,70.21643835616439,1-6 måneder
762,2025-04-16,Mand,utm_campaign=Marts25&utm_content=sc_a&utm_medium=mail&utm_source=mail,0,1,7,3,2,2025-03-22,2025-05-21,0,0,Andet,Ingen årsag – ingen tlf kontakt,2025-05-21,1,0,0,78.53972602739726,6+ måneder
1147,3000-01-01,Mand,utm_campaign=Marts25&utm_content=A&utm_medium=content&utm_source=jp.dk,1,1,15,12,4,2025-03-06,2025-05-05,2,1,Ingen afmelding,Ingen afmelding,3000-01-01,0,1,0,70.42465753424658,6+ måneder
92,2025-05-21,Mand,utm_campaign=Basis_22&utm_content=HeaderButtonRaised&utm_medium=Matrice&utm_source=jp.dk,0,0,0,0,0,2025-03-17,2025-05-16,0,0,Produkt,Redaktionelt indhold / holdning,2025-06-16,0,1,0,40.9013698630137,0-7 dage
1680,2025-05-25,Mand,utm_campaign=Marts25&utm_content=sc_b&utm_medium=mail&utm_source=mail,1,1,5,0,2,2025-03-21,2025-05-20,0,0,Produkt,Redaktionelt indhold / holdning,2025-06-20,0,1,0,65.45479452054795,6+ måneder
1047,2025-12-16,Mand,utm_campaign=Marts25&utm_content=A&utm_medium=content&utm_source=jp.dk,0,1,2,1,1,2025-03-22,2025-05-21,0,0,Tid,Ikke tid,2025-12-21,0,1,0,52.175342465753424,6+ måneder
307,2026-01-04,Kvinde,utm_campaign=Marts25&utm_content=B&utm_medium=content&utm_source=jp.dk,0,0,0,0,0,2025-03-03,2025-05-02,0,0,Andet,Ingen årsag – ingen tlf kontakt,2026-01-03,0,1,0,67.55616438356165,6+ måneder
225,2025-05-19,Kvinde,utm_campaign=Marts25&utm_content=sc_b&utm_medium=mail&utm_source=mail,1,1,0,0,0,2025-03-21,2025-05-20,0,1,Økonomi,Pris,2025-05-20,1,0,0,76.2027397260274,6+ måneder
403,2025-05-01,Mand,utm_campaign=Marts25&utm_content=b&utm_medium=mail&utm_source=mail,1,1,3,2,0,2025-03-09,2025-05-08,0,0,Andet,kunden ønsker ikke at oplyse,2025-05-08,1,0,0,64.20821917808219,6+ måneder
419,3000-01-01,Mand,utm_campaign=Marts25&utm_content=sc_a&utm_medium=mail&utm_source=mail,1,1,5,1,5,2025-03-23,2025-05-22,5,5,Ingen afmelding,Ingen afmelding,3000-01-01,0,1,0,83.06575342465753,6+ måneder
616,2025-04-02,Mand,utm_campaign=Marts25&utm_content=a&utm_medium=mail&utm_source=mail,1,1,8,3,4,2025-03-07,2025-05-06,3,3,Andet,kunden ønsker ikke at oplyse,2025-05-06,1,0,0,86.61917808219178,6+ måneder
1364,2025-04-14,Mand,utm_campaign=Marts25&utm_content=A&utm_medium=content&utm_source=jp.dk,1,1,10,8,4,2025-03-05,2025-05-04,1,1,Andet,kunden ønsker ikke at oplyse,2025-05-04,1,0,0,66.31780821917808,6+ måneder
94,2025-05-04,Mand,utm_campaign=Marts25&utm_content=A&utm_medium=content&utm_source=jp.dk,0,0,0,0,0,2025-03-12,2025-05-11,0,0,Produkt,Redaktionelt indhold / holdning,2025-05-11,1,0,0,27.706849315068492,0-7 dage
126,2025-07-20,Mand,utm_campaign=Marts25&utm_content=A&utm_medium=content&utm_source=jp.dk,1,1,0,0,0,2025-03-16,2025-05-15,0,0,Andet,RVS,2025-07-19,0,1,0,37.18082191780822,6+ måneder
871,2025-08-01,Mand,utm_campaign=Marts25&utm_content=sc_a&utm_medium=mail&utm_source=mail,0,1,10,5,6,2025-03-21,2025-05-20,1,1,Andet,kunden ønsker ikke at oplyse,2025-08-20,0,1,0,63.53150684931507,6+ måneder
418,3000-01-01,Mand,utm_campaign=Marts25&utm_content=A&utm_medium=content&utm_source=jp.dk,0,1,6,1,5,2025-03-17,2025-05-16,0,0,Ingen afmelding,Ingen afmelding,3000-01-01,0,1,0,51.95342465753425,6+ måneder
122,2025-06-26,Mand,utm_campaign=Marts25&utm_content=A&utm_medium=content&utm_source=jp.dk,0,0,0,0,0,2025-03-22,2025-05-21,0,0,Tid,Ikke tid,2025-07-21,0,1,0,55.13972602739726,0-7 dage
1330,2025-04-29,Kvinde,utm_campaign=Basis_22&utm_content=HeaderButtonRaised&utm_medium=Matrice&utm_source=jp.dk,0,1,15,13,1,2025-03-05,2025-05-04,0,0,Andet,Ingen årsag – ingen tlf kontakt,2025-05-04,1,0,0,69.75342465753425,6+ måneder
450,2025-09-11,Kvinde,utm_campaign=Marts25&utm_content=b&utm_medium=mail&utm_source=mail,1,1,5,3,3,2025-03-05,2025-05-04,0,0,Salg,Misforstået salgsaftale,2025-09-11,0,1,0,79.18630136986302,6+ måneder
92,2025-05-14,Mand,utm_campaign=Marts25&utm_content=A&utm_medium=content&utm_source=jp.dk,0,0,0,0,0,2025-03-05,2025-05-04,0,0,Produkt,Redaktionelt indhold / holdning,2025-06-04,0,1,0,70.62739726027397,6+ måneder
886,2025-03-25,Mand,utm_campaign=Marts25&utm_medium=topticker&utm_source=jp.dk,1,1,7,3,4,2025-03-23,2025-05-22,2,2,Økonomi,Pris,2025-05-22,1,0,0,66.12328767123287,6+ måneder
628,2025-05-02,Kvinde,utm_campaign=Basis_22&utm_content=HeaderButtonRaised&utm_medium=Matrice&utm_source=jp.dk,0,1,3,3,0,2025-03-11,2025-05-10,0,0,Andet,kunden ønsker ikke at oplyse,2025-05-10,1,0,0,65.37534246575342,6+ måneder
625,2025-08-10,Mand,utm_campaign=Marts25&utm_content=sc_b&utm_medium=mail&utm_source=mail,1,1,7,2,5,2025-03-21,2025-05-20,0,0,Tid,Ikke tid,2025-08-20,0,1,0,54.846575342465755,6+ måneder
703,2025-05-24,Kvinde,utm_campaign=Marts25&utm_content=sc_b&utm_medium=mail&utm_source=mail,1,1,9,2,7,2025-03-22,2025-05-21,1,2,Økonomi,Pris,2025-06-21,0,1,0,2.2273972602739724,6+ måneder
1251,2025-12-09,Mand,utm_campaign=Marts25&utm_content=B&utm_medium=content&utm_source=jp.dk,0,0,4,3,1,2025-03-05,2025-05-04,2,2,Produkt,Anden avis/produkt,2026-01-04,0,1,0,52.89041095890411,6+ måneder
417,2025-04-09,Kvinde,utm_campaign=Marts25&utm_content=sc_a&utm_medium=mail&utm_source=mail,0,1,5,1,3,2025-03-21,2025-05-20,4,4,Digitalt,Tekniske problemer (kunde),2025-05-20,1,0,0,80.26301369863013,6+ måneder
1667,2025-04-01,Mand,utm_campaign=Marts25&utm_content=sc_b&utm_medium=mail&utm_source=mail,0,1,3,1,1,2025-03-21,2025-05-20,5,5,Andet,kunden ønsker ikke at oplyse,2025-05-20,1,0,0,53.295890410958904,6+ måneder
630,2025-03-12,Mand,utm_campaign=Basis_22&utm_content=HeaderButtonRaised&utm_medium=Matrice&utm_source=jp.dk,0,1,6,2,2,2025-03-04,2025-05-03,0,0,Produkt,Anden avis/produkt,2025-05-03,1,0,0,26.293150684931508,6+ måneder
92,2025-05-21,Kvinde,utm_campaign=Marts25&utm_content=A&utm_medium=content&utm_source=jp.dk,0,0,0,0,0,2025-03-19,2025-05-18,0,0,Tid,Ikke tid,2025-06-18,0,1,0,26.578082191780823,6+ måneder
153,2025-07-07,Kvinde,utm_campaign=Marts25&utm_content=A&utm_medium=content&utm_source=jp.dk,0,0,0,0,0,2025-03-04,2025-05-03,0,0,Produkt,Redaktionelt indhold / holdning,2025-08-03,0,1,0,32.55068493150685,0-7 dage
61,2025-04-07,Kvinde,utm_campaign=Marts25&utm_content=A&utm_medium=content&utm_source=jp.dk,0,0,0,0,0,2025-03-11,2025-05-10,0,0,Produkt,Anden avis/produkt,2025-05-10,1,0,0,66.55068493150685,6+ måneder
703,2025-08-12,Kvinde,utm_campaign=Marts25&utm_medium=Weblayer&utm_source=jp.dk,0,1,5,4,0,2025-03-21,2025-05-21,1,1,Tid,Ikke tid,2025-08-31,0,1,0,62.30958904109589,6+ måneder
61,2025-03-08,Mand,utm_campaign=Marts25&utm_content=A&utm_medium=content&utm_source=jp.dk,0,1,0,0,0,2025-03-08,2025-05-07,0,0,Produkt,Redaktionelt indhold / holdning,2025-05-07,1,0,0,67.61917808219178,6+ måneder
153,2025-07-28,Kvinde,utm_campaign=Marts25&utm_content=A&utm_medium=content&utm_source=jp.dk,0,0,0,0,0,2025-03-09,2025-05-08,0,0,Produkt,Redaktionelt indhold / holdning,2025-08-08,0,1,0,66.69041095890411,0-7 dage
738,3000-01-01,Kvinde,utm_campaign=Marts25&utm_content=sc_a&utm_medium=mail&utm_source=mail,0,1,1,1,0,2025-03-21,2025-05-20,0,2,Ingen afmelding,Ingen afmelding,3000-01-01,0,1,0,81.9972602739726,6+ måneder
1768,2025-03-18,Mand,utm_campaign=Marts25&utm_content=A&utm_medium=content&utm_source=jp.dk,1,1,10,4,3,2025-03-05,2025-05-04,0,0,Andet,kunden ønsker ikke at oplyse,2025-05-04,1,0,0,60.83561643835616,6+ måneder
985,2025-05-10,Mand,utm_campaign=Marts25&utm_content=a&utm_medium=mail&utm_source=mail,0,1,9,5,4,2025-03-08,2025-05-07,0,0,Økonomi,Pris,2025-06-07,0,1,0,73,6+ måneder
184,2025-08-21,Mand,utm_campaign=Marts25&utm_content=A&utm_medium=content&utm_source=jp.dk,0,0,0,0,0,2025-03-06,2025-05-05,0,0,Andet,kunden ønsker ikke at oplyse,2025-09-05,0,1,0,50.016438356164386,0-7 dage
962,2025-10-07,Mand,utm_campaign=Marts25&utm_content=b&utm_medium=mail&utm_source=mail,1,1,34,10,26,2025-03-05,2025-05-04,10,10,Tid,Ikke tid,2025-11-04,0,1,0,76.30410958904109,6+ måneder
1346,2025-05-19,Mand,utm_campaign=Marts25&utm_content=sc_b&utm_medium=mail&utm_source=mail,1,1,5,2,2,2025-03-21,2025-05-20,0,0,Tid,Ikke tid,2025-05-20,1,0,0,76.98904109589041,6+ måneder
61,2025-03-14,Kvinde,utm_campaign=Marts25&utm_content=B&utm_medium=content&utm_source=jp.dk,0,0,0,0,0,2025-03-09,2025-05-08,0,0,Tid,Ikke tid,2025-05-08,1,0,0,47.28493150684932,8-30 dage
142,2025-04-11,Mand,utm_campaign=Marts25&utm_content=A&utm_medium=content&utm_source=jp.dk,0,0,0,0,0,2025-03-08,2025-05-07,0,0,Produkt,Redaktionelt indhold / holdning,2025-05-07,1,0,0,57.465753424657535,0-7 dage
215,2025-03-27,Mand,utm_campaign=Marts25&utm_content=B&utm_medium=content&utm_source=jp.dk,0,0,1,1,0,2025-03-17,2025-05-16,0,0,Andet,kunden ønsker ikke at oplyse,2025-05-16,1,0,0,73.45205479452055,6+ måneder
215,2025-04-28,Kvinde,utm_campaign=Marts25&utm_content=A&utm_medium=content&utm_source=jp.dk,0,0,1,1,0,2025-03-17,2025-05-16,1,1,Tid,Ikke tid,2025-05-16,1,0,0,61.38082191780822,6+ måneder
6,2025-03-19,Mand,utm_campaign=Marts25&utm_content=A&utm_medium=content&utm_source=jp.dk,0,0,0,0,0,2025-03-14,2025-03-19,0,0,Andet,Ingen årsag – ingen tlf kontakt,2025-03-19,1,0,0,72.88493150684931,6+ måneder
152,2025-03-17,Mand,utm_campaign=Marts25&utm_content=b&utm_medium=mail&utm_source=mail,1,1,4,3,3,2025-03-05,2025-05-04,1,1,Tid,Ikke tid,2025-05-04,1,0,0,77.24383561643836,6+ måneder
275,2025-12-05,Kvinde,utm_campaign=Marts25&utm_medium=Weblayer&utm_source=jp.dk,0,0,0,0,0,2025-03-21,2025-05-20,0,0,Tid,Ikke tid,2025-12-20,0,1,0,55.76164383561644,0-7 dage
92,2025-05-11,Mand,utm_campaign=Marts25&utm_content=e-avis_ikkeabn&utm_medium=matrice&utm_source=jp.dk,0,0,0,0,0,2025-03-09,2025-05-08,0,0,Produkt,Redaktionelt indhold / holdning,2025-06-08,0,1,0,26.293150684931508,0-7 dage
153,2025-03-11,Kvinde,utm_campaign=Marts25&utm_content=A&utm_medium=content&utm_source=jp.dk,0,0,0,0,0,2025-03-09,2025-05-08,0,0,Produkt,Redaktionelt indhold / holdning,2025-05-08,1,0,0,40.50684931506849,0-7 dage
352,2025-10-27,Mand,utm_campaign=Marts25&utm_content=A&utm_medium=content&utm_source=jp.dk,0,0,0,0,0,2025-03-13,2025-05-12,0,0,Økonomi,Pris,2025-11-12,0,1,0,54.728767123287675,0-7 dage
371,3000-01-01,Kvinde,utm_campaign=Marts25&utm_content=A&utm_medium=content&utm_source=jp.dk,1,1,0,0,0,2025-03-22,2025-05-21,3,3,Ingen afmelding,Ingen afmelding,3000-01-01,0,1,0,68.63835616438357,6+ måneder
243,2025-11-21,Mand,utm_campaign=Marts25&utm_content=A&utm_medium=content&utm_source=jp.dk,0,0,0,0,0,2025-03-23,2025-05-22,0,0,Andet,Ingen årsag – ingen tlf kontakt,2025-11-20,0,1,0,52.534246575342465,6+ måneder
61,2025-03-24,Kvinde,utm_campaign=Marts25&utm_content=A&utm_medium=content&utm_source=jp.dk,0,0,0,0,0,2025-03-08,2025-05-07,0,0,Andet,kunden ønsker ikke at oplyse,2025-05-07,1,0,0,78.56986301369864,6+ måneder
1225,2025-06-28,Mand,utm_campaign=Marts25&utm_medium=Matrice&utm_source=jp.dk,0,1,5,3,2,2025-03-05,2025-05-04,2,2,Andet,RVS,2025-06-27,0,1,0,60.271232876712325,6+ måneder
92,2025-04-30,Mand,utm_campaign=Marts25&utm_content=A&utm_medium=content&utm_source=jp.dk,0,0,1,1,0,2025-03-18,2025-05-17,0,0,Tid,Ikke tid,2025-05-17,1,0,0,60.26575342465753,6+ måneder
144,2025-08-13,Kvinde,utm_campaign=Basis_22&utm_content=HeaderButtonRaised&utm_medium=Matrice&utm_source=jp.dk,1,1,0,0,0,2025-03-22,2025-05-21,0,0,Digitalt,Oprettet med forkert e-mail,2025-08-12,0,1,0,36.441095890410956,6+ måneder
426,2025-07-23,Mand,utm_campaign=Basis_22&utm_content=HeaderButtonRaised&utm_medium=Matrice&utm_source=jp.dk,1,1,4,4,3,2025-03-22,2025-05-21,4,4,Digitalt,Tekniske problemer (kunde),2025-08-21,0,1,0,84.16986301369863,6+ måneder
644,2025-05-31,Kvinde,utm_campaign=Marts25&utm_content=sc_b&utm_medium=mail&utm_source=mail,1,1,14,3,11,2025-03-21,2025-05-20,0,0,Andet,kunden ønsker ikke at oplyse,2025-06-20,0,1,0,53.01917808219178,6+ måneder
844,3000-01-01,Mand,utm_campaign=Marts25&utm_content=A&utm_medium=content&utm_source=jp.dk,0,1,2,2,0,2025-03-17,2025-05-16,2,2,Ingen afmelding,Ingen afmelding,3000-01-01,0,1,0,68.54794520547945,6+ måneder
64,2025-05-08,Mand,utm_campaign=Marts25&utm_content=e-avis_ikkeabn&utm_medium=matrice&utm_source=jp.dk,0,0,0,0,0,2025-03-05,2025-05-04,0,0,Salg,Annulleret køb,2025-05-07,0,1,1,31.764383561643836,0-7 dage
616,2026-01-03,Mand,utm_campaign=Marts25&utm_content=sc_a&utm_medium=mail&utm_source=mail,1,1,8,3,6,2025-03-21,2025-05-20,1,1,Økonomi,Pris,2026-06-20,0,1,0,78.6027397260274,6+ måneder
92,2025-05-30,Kvinde,utm_campaign=Marts25&utm_content=A&utm_medium=content&utm_source=jp.dk,0,0,0,0,0,2025-03-13,2025-05-12,0,0,Tid,Ikke tid,2025-06-12,0,1,0,57.74794520547945,6+ måneder
6,2025-03-10,Kvinde,utm_campaign=Marts25&utm_content=b&utm_medium=mail&utm_source=mail,1,1,0,0,0,2025-03-05,2025-03-10,2,2,Digitalt,Tekniske problemer (kunde),2025-05-04,0,1,0,70.5095890410959,6+ måneder
92,2025-05-12,,utm_campaign=Marts25&utm_content=B&utm_medium=content&utm_source=jp.dk,1,0,0,0,0,2025-03-04,2025-05-03,0,0,Produkt,Redaktionelt indhold / holdning,2025-06-03,0,1,0,45.912328767123284,0-7 dage
275,2025-12-02,Mand,utm_campaign=Marts25&utm_content=A&utm_medium=content&utm_source=jp.dk,0,0,0,0,0,2025-03-12,2025-05-11,3,3,Andet,kunden ønsker ikke at oplyse,2025-12-11,0,1,0,84.1041095890411,6+ måneder
1387,2026-01-30,Mand,utm_campaign=Marts25&utm_content=sc_b&utm_medium=mail&utm_source=mail,0,0,7,6,0,2025-03-21,2025-05-20,0,0,Økonomi,Pris,2026-02-22,0,1,0,47.33424657534247,6+ måneder
2109,3000-01-01,Mand,utm_campaign=Marts25&utm_medium=Weblayer&utm_source=jp.dk,0,0,1,0,0,2025-03-20,2025-05-19,0,0,Ingen afmelding,Ingen afmelding,3000-01-01,0,1,0,78.01369863013699,6+ måneder
275,2025-12-03,Mand,utm_campaign=Basis_22&utm_content=HeaderButtonRaised&utm_medium=Matrice&utm_source=jp.dk,0,0,0,0,0,2025-03-07,2025-05-06,0,0,Andet,kunden ønsker ikke at oplyse,2025-12-06,0,1,0,52.07671232876712,0-7 dage
92,2025-05-23,Mand,utm_campaign=Marts25&utm_content=B&utm_medium=content&utm_source=jp.dk,0,0,0,0,0,2025-03-12,2025-05-11,0,0,Tid,Ikke tid,2025-06-11,0,1,0,80.23013698630137,6+ måneder
1642,3000-01-01,Mand,utm_campaign=Basis_22&utm_content=HeaderButtonRaised&utm_medium=Matrice&utm_source=jp.dk,0,1,5,3,1,2025-03-11,2025-05-10,4,4,Ingen afmelding,Ingen afmelding,3000-01-01,0,1,0,71.08493150684932,6+ måneder
206,2025-05-13,Mand,utm_campaign=Marts25&utm_content=sc_b&utm_medium=mail&utm_source=mail,0,1,5,4,4,2025-03-21,2025-05-20,2,2,Tid,Ikke tid,2025-05-20,1,0,0,59.054794520547944,6+ måneder
61,2025-04-21,Kvinde,utm_campaign=Marts25&utm_medium=Matrice&utm_source=jp.dk,0,0,0,0,0,2025-03-23,2025-05-22,0,0,Produkt,Redaktionelt indhold / holdning,2025-05-22,1,0,0,59.26301369863014,0-7 dage
214,2025-09-23,Mand,utm_campaign=Marts25&utm_content=A&utm_medium=content&utm_source=jp.dk,0,0,0,0,0,2025-03-20,2025-05-19,0,0,Tid,Ikke tid,2025-10-19,0,1,0,47.76164383561644,0-7 dage
92,2025-06-10,Kvinde,utm_campaign=Marts25&utm_content=A&utm_medium=content&utm_source=jp.dk,0,0,0,0,0,2025-03-15,2025-05-14,0,0,Andet,Ingen årsag – ingen tlf kontakt,2025-06-14,0,1,0,19.898630136986302,6+ måneder
411,2025-03-25,Mand,utm_campaign=Marts25&utm_content=A&utm_medium=content&utm_source=jp.dk,1,1,3,2,2,2025-03-12,2025-05-11,0,0,Tid,Ikke tid,2025-05-11,1,0,0,83.9041095890411,6+ måneder
152,2025-03-18,Mand,utm_campaign=Basis_22&utm_content=HeaderButtonRaised&utm_medium=Matrice&utm_source=jp.dk,0,0,1,1,0,2025-03-18,2025-05-17,0,0,Produkt,Redaktionelt indhold / holdning,2025-05-17,1,0,0,43.868493150684934,6+ måneder
292,2025-06-29,Kvinde,utm_campaign=Marts25&utm_content=A&utm_medium=content&utm_source=jp.dk,0,0,1,1,0,2025-03-15,2025-05-14,0,0,Andet,RVS,2025-06-28,0,1,0,71.92328767123287,6+ måneder
580,2025-09-23,Kvinde,utm_campaign=Marts25&utm_content=B&utm_medium=content&utm_source=jp.dk,0,0,1,1,0,2025-03-16,2025-05-15,0,0,Tid,Ikke tid,2025-10-15,0,1,0,65.9945205479452,6+ måneder
61,2025-03-15,Kvinde,utm_campaign=Marts25&utm_content=A&utm_medium=content&utm_source=jp.dk,0,0,0,0,0,2025-03-15,2025-05-14,0,0,Produkt,Redaktionelt indhold / holdning,2025-05-14,1,0,0,50.26027397260274,0-7 dage
456,2025-05-15,Kvinde,utm_campaign=Marts25&utm_content=sc_b&utm_medium=mail&utm_source=mail,0,1,1,1,0,2025-03-21,2025-05-20,0,0,Tid,Ikke tid,2025-05-20,1,0,0,70.0054794520548,6+ måneder
351,2026-02-04,Mand,utm_campaign=Marts25&utm_content=sc_a&utm_medium=mail&utm_source=mail,0,1,1,0,1,2025-03-22,2025-05-21,0,0,Tid,Ikke tid,2026-02-21,0,1,0,48.863013698630134,6+ måneder
198,2025-08-15,Mand,utm_campaign=Marts25&utm_content=b&utm_medium=mail&utm_source=mail,1,1,3,2,2,2025-03-05,2025-05-04,2,2,Tid,Ikke tid,2025-08-14,0,1,0,74.2986301369863,6+ måneder
160,2025-08-08,Mand,utm_campaign=Marts25&utm_content=B&utm_medium=content&utm_source=jp.dk,1,1,1,0,1,2025-03-22,2025-05-21,0,0,Tid,Ikke tid,2025-08-21,0,1,0,41.654794520547945,6+ måneder
384,2025-04-22,Kvinde,utm_campaign=Marts25&utm_content=A&utm_medium=content&utm_source=jp.dk,0,0,2,2,0,2025-03-13,2025-05-12,0,0,Andet,kunden ønsker ikke at oplyse,2025-05-12,1,0,0,50.18904109589041,6+ måneder
1526,3000-01-01,Kvinde,utm_campaign=Marts25&utm_content=b&utm_medium=mail&utm_source=mail,0,1,3,1,1,2025-03-05,2025-05-04,0,0,Ingen afmelding,Ingen afmelding,3000-01-01,0,1,0,62.895890410958906,6+ måneder
371,3000-01-01,Mand,utm_campaign=Marts25&utm_medium=Weblayer&utm_source=jp.dk,1,1,0,0,0,2025-03-22,2025-05-21,0,0,Ingen afmelding,Ingen afmelding,3000-01-01,0,1,0,73.16986301369863,6+ måneder
1059,2025-05-12,Kvinde,utm_campaign=Marts25&utm_medium=Weblayer&utm_source=jp.dk,0,1,6,4,2,2025-03-19,2025-05-18,0,0,Tid,Ikke tid,2025-05-18,1,0,0,61.964383561643835,6+ måneder
540,2026-03-05,Mand,utm_campaign=Marts25&utm_medium=Weblayer&utm_source=jp.dk,0,0,3,2,1,2025-03-19,2025-05-18,0,0,Andet,RVS,2026-03-04,0,1,0,66,6+ måneder
186,2025-09-24,Mand,utm_campaign=Marts25&utm_content=B&utm_medium=content&utm_source=jp.dk,1,1,0,0,0,2025-03-22,2025-05-21,0,0,Andet,RVS,2025-09-23,0,1,0,58.843835616438355,0-7 dage
374,3000-01-01,Mand,utm_campaign=Marts25&utm_medium=Weblayer&utm_source=jp.dk,0,0,0,0,0,2025-03-19,2025-05-18,0,0,Ingen afmelding,Ingen afmelding,3000-01-01,0,1,0,66.00821917808219,0-7 dage
61,2025-04-13,Mand,utm_campaign=Marts25&utm_content=B&utm_medium=content&utm_source=jp.dk,0,0,0,0,0,2025-03-15,2025-05-14,0,0,Produkt,Redaktionelt indhold / holdning,2025-05-14,1,0,0,39.69041095890411,0-7 dage
214,2025-10-02,Mand,utm_campaign=Marts25&utm_content=B&utm_medium=content&utm_source=jp.dk,0,0,0,0,0,2025-03-15,2025-05-14,0,0,Tid,Ikke tid,2025-10-14,0,1,0,66.16986301369863,0-7 dage
773,2025-05-16,Mand,utm_campaign=Marts25&utm_content=A&utm_medium=content&utm_source=jp.dk,0,1,6,5,1,2025-03-10,2025-05-09,1,2,Økonomi,Pris,2025-06-09,0,1,0,68.89041095890411,6+ måneder
965,2025-07-08,Mand,utm_campaign=Marts25&utm_content=sc_a&utm_medium=mail&utm_source=mail,0,1,9,6,3,2025-03-23,2025-05-23,0,0,Andet,kunden ønsker ikke at oplyse,2025-07-31,0,1,0,51.57260273972603,6+ måneder
480,2025-04-02,Mand,utm_campaign=Marts25&utm_content=a&utm_medium=mail&utm_source=mail,0,1,21,11,13,2025-03-05,2025-05-04,4,4,Produkt,Redaktionelt indhold / holdning,2025-05-04,1,0,0,73.85479452054794,6+ måneder
1405,2025-03-23,Mand,utm_campaign=Marts25&utm_content=A&utm_medium=content&utm_source=jp.dk,0,1,15,6,6,2025-03-22,2025-05-21,0,0,Økonomi,Pris,2025-05-21,1,0,0,50.298630136986304,6+ måneder
337,2026-01-12,Mand,utm_campaign=Marts25&utm_content=B&utm_medium=content&utm_source=jp.dk,0,0,0,0,0,2025-03-08,2025-05-07,0,0,Tid,Ikke tid,2026-02-07,0,1,0,61.18082191780822,0-7 dage
369,3000-01-01,Kvinde,utm_campaign=Basis_22&utm_content=HeaderButtonRaised&utm_medium=Matrice&utm_source=jp.dk,0,0,0,0,0,2025-03-24,2025-05-23,0,0,Ingen afmelding,Ingen afmelding,3000-01-01,0,1,0,71.10684931506849,6+ måneder
1180,3000-01-01,Mand,utm_campaign=Basis_22&utm_content=HeaderButtonRaised&utm_medium=Matrice&utm_source=jp.dk,1,1,4,1,1,2025-03-11,2025-05-10,0,0,Ingen afmelding,Ingen afmelding,3000-01-01,0,1,0,61.583561643835615,6+ måneder
801,2026-03-08,Mand,utm_campaign=Marts25&utm_medium=topticker&utm_source=jp.dk,0,0,4,2,2,2025-03-23,2025-05-22,0,0,Andet,kunden ønsker ikke at oplyse,2026-04-29,0,1,0,44.42465753424658,6+ måneder
871,2025-05-04,Mand,utm_campaign=Marts25&utm_content=B&utm_medium=content&utm_source=jp.dk,0,1,8,6,1,2025-03-10,2025-05-09,0,0,Økonomi,Pris,2025-05-09,1,0,0,80.77534246575343,6+ måneder
700,2025-03-12,Mand,utm_campaign=Basis_22&utm_content=HeaderButtonRaised&utm_medium=Matrice&utm_source=jp.dk,0,1,4,4,0,2025-03-10,2025-05-09,0,0,Økonomi,Pris,2025-05-09,1,0,0,51.89041095890411,6+ måneder
160,2025-05-10,Mand,utm_campaign=Basis_22&utm_content=HeaderButtonRaised&utm_medium=Matrice&utm_source=jp.dk,0,0,2,1,1,2025-03-22,2025-05-21,0,0,Tid,Ikke tid,2025-05-21,1,0,0,33.04109589041096,6+ måneder
61,2025-03-23,Mand,utm_campaign=Marts25&utm_medium=Weblayer&utm_source=jp.dk,0,0,0,0,0,2025-03-22,2025-05-21,0,0,Andet,kunden ønsker ikke at oplyse,2025-05-21,1,0,0,26.684931506849313,0-7 dage
1807,3000-01-01,Mand,utm_campaign=Basis_22&utm_content=HeaderButtonRaised&utm_medium=Matrice&utm_source=jp.dk,0,0,1,0,0,2025-03-14,2025-05-13,0,0,Ingen afmelding,Ingen afmelding,3000-01-01,0,1,0,69,6+ måneder
1039,3000-01-01,Mand,utm_campaign=Marts25&utm_content=A&utm_medium=content&utm_source=jp.dk,0,1,5,2,2,2025-03-06,2025-05-05,0,0,Ingen afmelding,Ingen afmelding,3000-01-01,0,1,0,69.77534246575343,6+ måneder
175,2025-05-05,Kvinde,utm_campaign=Basis_22&utm_content=HeaderButtonRaised&utm_medium=Matrice&utm_source=jp.dk,0,0,0,0,0,2025-03-17,2025-05-16,0,0,Andet,Ingen årsag – ingen tlf kontakt,2025-05-16,1,0,0,70.78082191780823,0-7 dage
98,2025-04-23,Mand,utm_campaign=Marts25&utm_content=B&utm_medium=content&utm_source=jp.dk,0,1,2,0,1,2025-03-10,2025-05-09,0,0,Produkt,Anden avis/produkt,2025-05-09,1,0,0,43.71780821917808,6+ måneder
61,2025-03-19,Mand,utm_campaign=Marts25&utm_content=A&utm_medium=content&utm_source=jp.dk,0,0,0,0,0,2025-03-04,2025-05-03,0,1,Andet,kunden ønsker ikke at oplyse,2025-05-03,1,0,0,54.153424657534245,0-7 dage
275,2025-11-18,Mand,utm_campaign=Marts25&utm_content=B&utm_medium=content&utm_source=jp.dk,0,0,0,0,0,2025-03-10,2025-05-09,0,0,Produkt,Redaktionelt indhold / holdning,2025-12-09,0,1,0,54.45205479452055,6+ måneder
350,2025-10-31,Mand,utm_campaign=Marts25&utm_content=b&utm_medium=mail&utm_source=mail,0,1,1,1,0,2025-03-06,2025-05-05,0,0,Økonomi,Pris,2025-11-05,0,1,0,69.0054794520548,6+ måneder
61,2025-03-18,Mand,utm_campaign=&utm_content=genbesog_JP_digital&utm_medium=ppc&utm_source=adwords&utm_term=jyllands-posten+abonnement,0,0,0,0,0,2025-03-12,2025-05-11,0,0,Andet,kunden ønsker ikke at oplyse,2025-05-11,1,0,0,87.51506849315068,0-7 dage
371,3000-01-01,Kvinde,utm_campaign=Marts25&utm_content=sc_a&utm_medium=mail&utm_source=mail,1,1,0,0,0,2025-03-22,2025-05-21,0,0,Ingen afmelding,Ingen afmelding,3000-01-01,0,1,0,68.90958904109588,6+ måneder
153,2025-07-29,Kvinde,utm_campaign=Marts25&utm_content=B&utm_medium=content&utm_source=jp.dk,0,0,0,0,0,2025-03-11,2025-05-10,0,0,Tid,Ikke tid,2025-08-10,0,1,0,66.61917808219178,6+ måneder
398,2025-03-17,Mand,utm_campaign=Marts25&utm_content=b&utm_medium=mail&utm_source=mail,0,1,1,1,0,2025-03-05,2025-05-04,0,0,Andet,kunden ønsker ikke at oplyse,2025-05-04,1,0,0,57.88219178082192,6+ måneder
371,3000-01-01,Mand,utm_campaign=Marts25&utm_content=A&utm_medium=content&utm_source=jp.dk,1,1,0,0,0,2025-03-22,2025-05-21,0,0,Ingen afmelding,Ingen afmelding,3000-01-01,0,1,0,65.93150684931507,0-7 dage
70,2025-05-18,Mand,,0,0,0,0,0,2025-03-20,2025-05-19,0,0,Tid,Ikke tid,2025-05-19,1,0,0,53.54794520547945,0-7 dage
1738,2025-03-17,Mand,utm_campaign=Marts25&utm_content=B&utm_medium=content&utm_source=jp.dk,0,1,14,7,6,2025-03-06,2025-05-05,0,0,Andet,kunden ønsker ikke at oplyse,2025-05-05,1,0,0,65.66575342465754,6+ måneder
1804,2025-12-01,Mand,utm_campaign=Marts25&utm_content=sc_b&utm_medium=mail&utm_source=mail,1,1,1,0,0,2025-03-21,2025-05-20,0,1,Andet,Administrativt,2025-12-05,0,1,0,83.06849315068493,6+ måneder
61,2025-04-21,Mand,utm_campaign=Marts25&utm_content=B&utm_medium=content&utm_source=jp.dk,0,0,0,0,0,2025-03-15,2025-05-14,0,0,Produkt,Anden avis/produkt,2025-05-14,1,0,0,48.84109589041096,0-7 dage
122,2025-06-11,Mand,utm_campaign=Marts25&utm_content=A&utm_medium=content&utm_source=jp.dk,0,0,0,0,0,2025-03-10,2025-05-09,0,0,Tid,Ikke tid,2025-07-09,0,1,0,53.81369863013698,6+ måneder
1602,2025-03-17,Mand,utm_campaign=Marts25&utm_content=B&utm_medium=content&utm_source=jp.dk,1,1,113,2,111,2025-03-17,2025-05-16,0,0,Økonomi,Pris,2025-05-16,1,0,0,40.02465753424657,6+ måneder
376,3000-01-01,Mand,utm_campaign=Marts25&utm_content=A&utm_medium=content&utm_source=jp.dk,0,0,0,0,0,2025-03-17,2025-05-16,0,0,Ingen afmelding,Ingen afmelding,3000-01-01,0,1,0,52.05205479452055,0-7 dage
365,2026-02-26,Kvinde,utm_campaign=Marts25&utm_content=A&utm_medium=content&utm_source=jp.dk,0,0,0,0,0,2025-03-14,2025-05-13,0,0,Økonomi,Pris,2026-03-13,0,1,0,49.391780821917806,0-7 dage
579,2025-09-30,Mand,utm_campaign=Marts25&utm_content=a&utm_medium=mail&utm_source=mail,0,1,3,2,1,2025-03-05,2025-05-04,0,0,Andet,kunden ønsker ikke at oplyse,2025-10-04,0,1,0,76.76164383561644,6+ måneder
375,2025-03-24,Mand,utm_campaign=Marts25&utm_content=A&utm_medium=content&utm_source=jp.dk,1,1,0,0,0,2025-03-18,2025-03-23,3,4,Andet,Administrativt,2025-03-23,1,0,0,56.52054794520548,6+ måneder
492,2025-05-12,Mand,utm_campaign=Marts25&utm_content=A&utm_medium=content&utm_source=jp.dk,0,1,11,6,7,2025-03-06,2025-05-05,1,0,Økonomi,Pris,2025-06-05,0,1,0,70.34246575342466,6+ måneder
506,2025-10-20,Mand,utm_campaign=Basis_22&utm_content=HeaderButtonRaised&utm_medium=Matrice&utm_source=jp.dk,0,1,7,3,4,2025-03-24,2025-05-23,0,0,Økonomi,Pris,2025-10-23,0,1,0,50.515068493150686,6+ måneder
312,2025-05-16,Mand,utm_campaign=Marts25&utm_content=sc_b&utm_medium=mail&utm_source=mail,1,1,2,1,1,2025-03-22,2025-05-21,0,0,Andet,kunden ønsker ikke at oplyse,2025-05-21,1,0,0,69.25479452054795,6+ måneder
479,2025-03-09,Mand,utm_campaign=Marts25&utm_content=B&utm_medium=content&utm_source=jp.dk,0,0,5,2,2,2025-03-09,2025-05-08,0,0,Tid,Ikke tid,2025-05-08,1,0,0,45.52328767123288,6+ måneder
390,2025-08-05,Mand,utm_campaign=Marts25&utm_content=B&utm_medium=content&utm_source=jp.dk,0,0,3,3,0,2025-03-16,2025-05-15,0,0,Økonomi,Pris,2025-08-15,0,1,0,51.52054794520548,6+ måneder
225,2025-04-23,Kvinde,utm_campaign=Marts25&utm_content=A&utm_medium=content&utm_source=jp.dk,0,1,2,1,0,2025-03-19,2025-05-18,0,0,Produkt,Redaktionelt indhold / holdning,2025-05-18,1,0,0,48.536986301369865,6+ måneder
918,3000-01-01,Mand,utm_campaign=Marts25&utm_content=sc_a&utm_medium=mail&utm_source=mail,0,1,1,1,0,2025-03-23,2025-05-22,0,0,Ingen afmelding,Ingen afmelding,3000-01-01,0,1,0,60.172602739726024,6+ måneder
122,2025-06-13,Kvinde,utm_campaign=Marts25&utm_content=B&utm_medium=content&utm_source=jp.dk,0,0,0,0,0,2025-03-10,2025-05-09,0,0,Tid,Ikke tid,2025-07-09,0,1,0,31.838356164383562,6+ måneder
606,2025-11-04,Mand,utm_campaign=Basis_22&utm_content=HeaderButtonRaised&utm_medium=Matrice&utm_source=jp.dk,1,1,3,3,1,2025-03-11,2025-05-10,4,4,Økonomi,Pris,2025-11-10,0,1,0,83.43835616438356,6+ måneder
153,2025-07-08,Kvinde,utm_campaign=Marts25&utm_content=B&utm_medium=content&utm_source=jp.dk,0,0,0,0,0,2025-03-05,2025-05-04,0,0,Økonomi,Pris,2025-08-04,0,1,0,20.90958904109589,0-7 dage
467,3000-01-01,Mand,utm_campaign=Marts25&utm_content=A&utm_medium=content&utm_source=jp.dk,0,0,1,1,0,2025-03-15,2025-05-14,0,0,Ingen afmelding,Ingen afmelding,3000-01-01,0,1,0,60.81643835616438,6+ måneder
337,2026-01-10,Mand,utm_campaign=Basis_22&utm_content=HeaderButtonRaised&utm_medium=Matrice&utm_source=jp.dk,0,0,0,0,0,2025-03-08,2025-05-07,0,0,Tid,Ikke tid,2026-02-07,0,1,0,84.32602739726028,6+ måneder
243,2025-03-16,Kvinde,utm_campaign=Marts25&utm_content=A&utm_medium=content&utm_source=jp.dk,0,0,2,1,0,2025-03-16,2025-05-15,0,0,Produkt,Redaktionelt indhold / holdning,2025-05-15,1,0,0,30.252054794520546,6+ måneder
92,2025-05-13,Mand,utm_campaign=Marts25&utm_content=A&utm_medium=content&utm_source=jp.dk,0,0,0,0,0,2025-03-10,2025-05-09,0,0,Tid,Ikke tid,2025-06-09,0,1,0,37.30684931506849,1-6 måneder
617,2025-05-21,Mand,utm_campaign=Marts25&utm_content=sc_b&utm_medium=mail&utm_source=mail,1,1,10,5,5,2025-03-23,2025-05-22,0,0,Tid,Ikke tid,2025-05-22,1,0,0,70.08767123287672,6+ måneder
61,2025-03-13,Kvinde,utm_campaign=Marts25&utm_content=B&utm_medium=content&utm_source=jp.dk,0,0,0,0,0,2025-03-12,2025-05-11,0,0,Produkt,Redaktionelt indhold / holdning,2025-05-11,1,0,0,53.74246575342466,0-7 dage
92,2025-05-06,Mand,utm_campaign=Marts25&utm_content=A&utm_medium=content&utm_source=jp.dk,1,1,0,0,0,2025-03-04,2025-05-03,0,1,Produkt,Anden avis/produkt,2025-06-03,0,1,0,48.18630136986302,0-7 dage
275,2025-11-28,Kvinde,utm_campaign=Marts25&utm_content=B&utm_medium=content&utm_source=jp.dk,0,0,0,0,0,2025-03-14,2025-05-13,1,1,Tid,Ikke tid,2025-12-13,0,1,0,45.1972602739726,6+ måneder
892,3000-01-01,Kvinde,utm_campaign=Marts25&utm_content=sc_a&utm_medium=mail&utm_source=mail,1,1,1,1,0,2025-03-22,2025-05-21,0,0,Ingen afmelding,Ingen afmelding,3000-01-01,0,1,0,88.08493150684932,6+ måneder
1669,3000-01-01,Mand,utm_campaign=Marts25&utm_content=b&utm_medium=mail&utm_source=mail,0,1,4,3,0,2025-03-05,2025-05-04,0,0,Ingen afmelding,Ingen afmelding,3000-01-01,0,1,0,70.28219178082192,6+ måneder
487,2025-09-09,Mand,utm_campaign=Basis_22&utm_content=HeaderButtonRaised&utm_medium=Matrice&utm_source=jp.dk,0,0,5,4,0,2025-03-06,2025-05-05,0,0,Andet,kunden ønsker ikke at oplyse,2025-10-05,0,1,0,43.66027397260274,6+ måneder
1602,2025-05-22,Mand,utm_campaign=Marts25&utm_content=B&utm_medium=content&utm_source=jp.dk,0,1,5,3,1,2025-03-09,2025-05-08,0,0,Andet,kunden ønsker ikke at oplyse,2025-06-08,0,1,0,58.915068493150685,6+ måneder
433,3000-01-01,Mand,utm_campaign=Morgen&utm_content=2025-03-21&utm_medium=email&utm_source=jp,1,1,1,0,0,2025-03-21,2025-05-20,5,6,Ingen afmelding,Ingen afmelding,3000-01-01,0,1,0,53.86027397260274,6+ måneder
92,2025-03-07,Kvinde,utm_campaign=Marts25&utm_content=b&utm_medium=mail&utm_source=mail,0,0,1,1,0,2025-03-05,2025-05-04,0,0,Økonomi,Pris,2025-05-04,1,0,0,64.78904109589041,6+ måneder
122,2025-06-20,Mand,utm_campaign=Marts25&utm_content=A&utm_medium=content&utm_source=jp.dk,0,0,0,0,0,2025-03-18,2025-05-17,0,0,Tid,Ikke tid,2025-07-17,0,1,0,46.45205479452055,6+ måneder
421,2025-03-24,Kvinde,utm_campaign=Marts25&utm_content=sc_b&utm_medium=mail&utm_source=mail,1,1,2,2,1,2025-03-22,2025-05-21,9,9,Andet,kunden ønsker ikke at oplyse,2025-05-21,1,0,0,74.51506849315068,6+ måneder
117,2025-04-05,Kvinde,utm_campaign=Marts25&utm_content=sc_b&utm_medium=mail&utm_source=mail,0,1,3,3,3,2025-03-22,2025-05-21,1,1,Andet,Ingen årsag – ingen tlf kontakt,2025-05-21,1,0,0,79.45479452054795,6+ måneder
1636,3000-01-01,Mand,utm_campaign=Marts25&utm_content=a&utm_medium=mail&utm_source=mail,1,1,11,3,7,2025-03-08,2025-05-07,0,0,Ingen afmelding,Ingen afmelding,3000-01-01,0,1,0,69.1041095890411,6+ måneder
61,2025-04-16,Kvinde,utm_campaign=Marts25&utm_content=B&utm_medium=content&utm_source=jp.dk,0,0,0,0,0,2025-03-06,2025-05-05,0,0,Produkt,Redaktionelt indhold / holdning,2025-05-05,1,0,0,61.53972602739726,0-7 dage
61,2025-03-10,Kvinde,utm_campaign=Marts25&utm_content=B&utm_medium=content&utm_source=jp.dk,0,0,0,0,0,2025-03-08,2025-05-07,0,0,Produkt,Redaktionelt indhold / holdning,2025-05-07,1,0,0,36.62739726027397,0-7 dage
122,2025-05-25,Mand,utm_campaign=Marts25&utm_content=A&utm_medium=content&utm_source=jp.dk,0,0,1,0,0,2025-03-23,2025-05-22,0,0,Produkt,Redaktionelt indhold / holdning,2025-06-22,0,1,0,31.421917808219177,6+ måneder
117,2025-03-30,Kvinde,utm_campaign=Marts25&utm_content=sc_b&utm_medium=mail&utm_source=mail,0,1,2,2,2,2025-03-23,2025-05-22,17,16,Andet,kunden ønsker ikke at oplyse,2025-05-22,1,0,0,81.68493150684931,6+ måneder
543,3000-01-01,Kvinde,utm_campaign=Marts25&utm_content=B&utm_medium=content&utm_source=jp.dk,0,1,1,1,0,2025-03-04,2025-05-03,0,0,Ingen afmelding,Ingen afmelding,3000-01-01,0,1,0,65.34246575342466,6+ måneder
153,2025-07-21,Kvinde,utm_campaign=Marts25&utm_content=A&utm_medium=content&utm_source=jp.dk,0,0,0,0,0,2025-03-19,2025-05-18,0,0,Tid,Ikke tid,2025-08-18,0,1,0,34.391780821917806,0-7 dage
634,2025-09-26,Mand,utm_campaign=Marts25&utm_medium=Matrice&utm_source=jp.dk,1,1,2,0,1,2025-03-08,2025-05-07,4,4,Andet,Administrativt,2025-09-25,0,1,0,79.61369863013698,6+ måneder
820,2025-04-28,Mand,utm_campaign=Basis_22&utm_content=HeaderButtonRaised&utm_medium=Matrice&utm_source=jp.dk,0,1,7,7,1,2025-03-03,2025-05-02,0,0,Andet,Ingen årsag – ingen tlf kontakt,2025-05-02,1,0,0,73.03013698630137,6+ måneder
92,2025-05-20,Kvinde,utm_campaign=Marts25&utm_content=A&utm_medium=content&utm_source=jp.dk,1,1,0,0,0,2025-03-13,2025-05-12,0,0,Produkt,Anden avis/produkt,2025-06-12,0,1,0,64.85479452054794,6+ måneder
1267,3000-01-01,Mand,utm_campaign=Basis_22&utm_content=HeaderButtonRaised&utm_medium=Matrice&utm_source=jp.dk,1,1,7,5,2,2025-03-13,2025-05-12,0,2,Ingen afmelding,Ingen afmelding,3000-01-01,0,1,0,76.01369863013699,6+ måneder
61,2025-04-07,Kvinde,utm_campaign=Marts25&utm_content=A&utm_medium=content&utm_source=jp.dk,0,0,0,0,0,2025-03-09,2025-05-08,0,0,Tid,Ikke tid,2025-05-08,1,0,0,38.78904109589041,0-7 dage
461,2025-04-18,Mand,utm_campaign=Marts25&utm_content=sc_b&utm_medium=mail&utm_source=mail,1,1,12,4,10,2025-03-21,2025-05-20,1,1,Produkt,Redaktionelt indhold / holdning,2025-05-20,1,0,0,76.31232876712329,6+ måneder
537,3000-01-01,Kvinde,utm_campaign=Marts25&utm_content=A&utm_medium=content&utm_source=jp.dk,0,1,2,1,0,2025-03-09,2025-05-08,0,0,Ingen afmelding,Ingen afmelding,3000-01-01,0,1,0,53.59452054794521,6+ måneder
92,2025-05-24,Mand,utm_campaign=Marts25&utm_medium=Weblayer&utm_source=jp.dk,0,0,0,0,0,2025-03-22,2025-05-21,0,0,Produkt,Redaktionelt indhold / holdning,2025-06-21,0,1,0,56.69041095890411,0-7 dage
252,2025-05-23,Mand,utm_campaign=Marts25&utm_content=a&utm_medium=mail&utm_source=mail,0,1,2,1,1,2025-03-10,2025-05-09,0,0,Tid,Ikke tid,2025-06-09,0,1,0,72.33972602739726,6+ måneder
122,2025-06-20,Mand,utm_campaign=Marts25&utm_content=A&utm_medium=content&utm_source=jp.dk,0,0,0,0,0,2025-03-14,2025-05-13,0,0,Tid,Ikke tid,2025-07-13,0,1,0,59.06301369863014,6+ måneder
1214,3000-01-01,Mand,utm_campaign=Marts25&utm_content=B&utm_medium=content&utm_source=jp.dk,0,1,1,1,0,2025-03-03,2025-05-02,0,0,Ingen afmelding,Ingen afmelding,3000-01-01,0,1,0,54.172602739726024,6+ måneder
668,2025-06-10,Mand,utm_campaign=Marts25&utm_content=b&utm_medium=mail&utm_source=mail,0,1,3,1,0,2025-03-05,2025-05-04,0,0,Andet,kunden ønsker ikke at oplyse,2025-07-04,0,1,0,69.77534246575343,6+ måneder
61,2025-03-10,Mand,utm_campaign=Marts25&utm_content=B&utm_medium=content&utm_source=jp.dk,0,0,0,0,0,2025-03-10,2025-05-09,0,0,Andet,kunden ønsker ikke at oplyse,2025-05-09,1,0,0,62.136986301369866,0-7 dage
1212,2025-06-05,Mand,utm_campaign=Marts25&utm_content=sc_a&utm_medium=mail&utm_source=mail,1,1,4,3,2,2025-03-21,2025-05-20,0,0,Produkt,Redaktionelt indhold / holdning,2025-06-20,0,1,0,81.34246575342466,6+ måneder
1763,2025-10-09,Mand,utm_campaign=Marts25&utm_content=A&utm_medium=content&utm_source=jp.dk,1,0,24,14,2,2025-03-05,2025-05-04,0,0,Andet,kunden ønsker ikke at oplyse,2025-11-04,0,1,0,73.20821917808219,6+ måneder
905,2025-05-03,Kvinde,utm_campaign=Marts25&utm_content=A&utm_medium=content&utm_source=jp.dk,0,0,8,7,1,2025-03-17,2025-05-16,0,0,Økonomi,Pris,2025-05-16,1,0,0,60.43835616438356,6+ måneder
122,2025-07-07,Mand,utm_campaign=Marts25&utm_content=A&utm_medium=content&utm_source=jp.dk,1,0,0,0,0,2025-03-10,2025-05-09,0,0,Økonomi,Pris,2025-07-09,0,1,0,42.95068493150685,0-7 dage
610,2025-12-10,Mand,utm_campaign=Marts25&utm_content=sc_b&utm_medium=mail&utm_source=mail,0,1,3,2,1,2025-03-21,2025-05-20,0,0,Økonomi,Pris,2025-12-20,0,1,0,50.57534246575342,6+ måneder
245,2025-11-02,,utm_campaign=Marts25&utm_medium=Matrice&utm_source=jp.dk,1,1,0,0,0,2025-03-09,2025-05-08,0,0,Tid,Ikke tid,2025-11-08,0,1,0,23.86849315068493,0-7 dage
291,2025-08-11,Kvinde,utm_campaign=Marts25&utm_content=B&utm_medium=content&utm_source=jp.dk,1,1,0,0,0,2025-03-09,2025-05-08,0,0,Tid,Ikke tid,2025-09-08,0,1,0,61.534246575342465,6+ måneder
81,2025-06-04,Mand,utm_campaign=Marts25&utm_content=A&utm_medium=content&utm_source=jp.dk,0,0,0,0,0,2025-03-16,2025-05-15,0,0,Andet,Administrativt,2025-06-04,0,1,1,49.8986301369863,0-7 dage
184,2025-08-10,Mand,utm_campaign=Basis_22&utm_content=HeaderButtonRaised&utm_medium=Matrice&utm_source=jp.dk,0,0,0,0,0,2025-03-03,2025-05-02,0,0,Tid,Ikke tid,2025-09-02,0,1,0,45.97260273972603,0-7 dage
400,3000-01-01,Mand,utm_campaign=Marts25&utm_content=a&utm_medium=mail&utm_source=mail,0,1,1,1,1,2025-03-07,2025-05-06,1,1,Ingen afmelding,Ingen afmelding,3000-01-01,0,1,0,48.821917808219176,6+ måneder
92,2025-05-20,Mand,utm_campaign=Basis_22&utm_content=HeaderButtonRaised&utm_medium=Matrice&utm_source=jp.dk,0,0,0,0,0,2025-03-11,2025-05-10,0,0,Tid,Ikke tid,2025-06-10,0,1,0,74.89315068493151,6+ måneder
61,2025-03-14,Kvinde,utm_campaign=Basis_22&utm_content=HeaderButtonRaised&utm_medium=Matrice&utm_source=jp.dk,0,0,0,0,0,2025-03-06,2025-05-05,0,0,Økonomi,Pris,2025-05-05,1,0,0,23.96712328767123,1-6 måneder
443,2025-08-17,Mand,utm_campaign=Marts25&utm_content=a&utm_medium=mail&utm_source=mail,1,1,2,2,0,2025-03-05,2025-05-04,3,3,Tid,Ikke tid,2025-09-04,0,1,0,86.54246575342465,6+ måneder
248,2025-06-26,Mand,utm_campaign=Marts25&utm_content=sc_a&utm_medium=mail&utm_source=mail,0,1,2,2,2,2025-03-21,2025-05-20,0,0,Tid,Ikke tid,2025-07-20,0,1,0,76.83013698630137,6+ måneder
568,3000-01-01,Mand,utm_campaign=Marts25&utm_content=B&utm_medium=content&utm_source=jp.dk,1,1,9,2,8,2025-03-22,2025-05-21,1,1,Ingen afmelding,Ingen afmelding,3000-01-01,0,1,0,55.04657534246575,6+ måneder
61,2025-04-10,Kvinde,utm_campaign=Marts25&utm_content=A&utm_medium=content&utm_source=jp.dk,1,1,0,0,0,2025-03-13,2025-05-12,0,0,Tid,Ikke tid,2025-05-12,1,0,0,62.09315068493151,0-7 dage
184,2025-09-01,Mand,utm_campaign=Marts25&utm_content=A&utm_medium=content&utm_source=jp.dk,0,0,0,0,0,2025-03-19,2025-05-18,0,0,Økonomi,Pris,2025-09-18,0,1,0,35.794520547945204,0-7 dage
61,2025-03-12,Kvinde,utm_campaign=Marts25&utm_content=A&utm_medium=content&utm_source=jp.dk,0,0,0,0,0,2025-03-12,2025-05-11,0,0,Andet,kunden ønsker ikke at oplyse,2025-05-11,1,0,0,54.95616438356164,6+ måneder
883,2025-03-21,Mand,utm_campaign=Marts25&utm_content=sc_b&utm_medium=mail&utm_source=mail,0,1,21,9,10,2025-03-21,2025-05-20,0,0,Andet,kunden ønsker ikke at oplyse,2025-05-20,1,0,0,50.07945205479452,6+ måneder
378,3000-01-01,Mand,utm_campaign=Marts25&utm_content=B&utm_medium=content&utm_source=jp.dk,0,0,1,0,1,2025-03-22,2025-05-21,0,0,Ingen afmelding,Ingen afmelding,3000-01-01,0,1,0,58.31780821917808,6+ måneder
122,2025-06-17,Kvinde,utm_campaign=Marts25&utm_content=A&utm_medium=content&utm_source=jp.dk,0,0,0,0,0,2025-03-13,2025-05-12,0,0,Tid,Ikke tid,2025-07-12,0,1,0,52.74794520547945,0-7 dage
325,2025-09-30,Kvinde,utm_campaign=Basis_22&utm_content=HeaderButtonRaised&utm_medium=Matrice&utm_source=jp.dk,1,1,1,1,0,2025-03-11,2025-05-10,0,2,Andet,kunden ønsker ikke at oplyse,2025-10-10,0,1,0,33.04931506849315,6+ måneder
1294,3000-01-01,Mand,utm_campaign=Marts25&utm_content=A&utm_medium=content&utm_source=jp.dk,0,0,4,2,1,2025-03-19,2025-05-18,0,0,Ingen afmelding,Ingen afmelding,3000-01-01,0,1,0,55.827397260273976,6+ måneder
122,2025-06-17,Mand,utm_campaign=Basis_22&utm_content=HeaderButtonRaised&utm_medium=Matrice&utm_source=jp.dk,0,0,0,0,0,2025-03-03,2025-05-02,0,0,Produkt,Redaktionelt indhold / holdning,2025-07-02,0,1,0,34.583561643835615,6+ måneder
1080,2025-06-11,Kvinde,utm_campaign=Basis_22&utm_content=HeaderButtonRaised&utm_medium=Matrice&utm_source=jp.dk,1,1,16,4,10,2025-03-11,2025-05-10,0,0,Ingen afmelding,Ingen afmelding,3000-01-01,0,1,0,82.35068493150685,6+ måneder
85,2025-03-28,Kvinde,utm_campaign=Marts25&utm_content=A&utm_medium=content&utm_source=jp.dk,0,0,0,0,0,2025-03-18,2025-05-17,0,0,Produkt,Anden avis/produkt,2025-05-17,1,0,0,82.64931506849315,6+ måneder
1404,2026-02-17,Mand,utm_campaign=Marts25&utm_content=B&utm_medium=content&utm_source=jp.dk,1,1,8,5,0,2025-03-16,2025-05-15,0,0,Tid,Ikke tid,2026-03-15,0,1,0,69.65753424657534,6+ måneder
61,2025-03-23,Kvinde,utm_campaign=Marts25&utm_content=A&utm_medium=content&utm_source=jp.dk,0,0,0,0,0,2025-03-23,2025-05-22,0,0,Produkt,Redaktionelt indhold / holdning,2025-05-22,1,0,0,56.42739726027397,0-7 dage
173,2025-05-06,Kvinde,utm_campaign=Marts25&utm_medium=topticker&utm_source=jp.dk,1,1,2,1,1,2025-03-10,2025-05-09,0,0,Andet,kunden ønsker ikke at oplyse,2025-05-09,1,0,0,56.75890410958904,6+ måneder
782,2025-05-28,Mand,utm_campaign=Marts25&utm_content=sc_a&utm_medium=mail&utm_source=mail,1,1,11,7,6,2025-03-21,2025-05-20,5,5,Tid,Ikke tid,2025-06-20,0,1,0,78.04109589041096,6+ måneder
99,2025-06-19,Mand,utm_campaign=Marts25&utm_content=sc_a&utm_medium=mail&utm_source=mail,0,1,0,0,0,2025-03-21,2025-05-20,0,1,Tid,Ikke tid,2025-06-20,0,1,0,61.917808219178085,6+ måneder
128,2025-06-26,Kvinde,utm_campaign=Basis_22&utm_content=HeaderButtonRaised&utm_medium=Matrice&utm_source=jp.dk,1,0,1,1,0,2025-03-22,2025-05-21,0,0,Tid,Ikke tid,2025-07-21,0,1,0,52.967123287671235,6+ måneder
409,2025-07-10,Mand,utm_campaign=Marts25&utm_content=A&utm_medium=content&utm_source=jp.dk,0,1,3,3,1,2025-03-08,2025-05-07,1,1,Tid,Ikke tid,2025-08-07,0,1,0,75.8054794520548,6+ måneder
521,2025-03-17,Mand,utm_campaign=Basis_22&utm_content=HeaderButtonRaised&utm_medium=Matrice&utm_source=jp.dk,1,1,6,5,3,2025-03-09,2025-05-08,2,2,Økonomi,Pris,2025-05-08,1,0,0,80.4876712328767,6+ måneder
729,3000-01-01,Kvinde,utm_campaign=Marts25&utm_content=a&utm_medium=mail&utm_source=mail,1,1,2,2,0,2025-03-05,2025-05-04,0,0,Ingen afmelding,Ingen afmelding,3000-01-01,0,1,0,57.057534246575344,6+ måneder
677,2025-10-19,Mand,utm_campaign=Marts25&utm_content=a&utm_medium=mail&utm_source=mail,1,1,9,7,3,2025-03-05,2025-05-04,9,11,Tid,Ikke tid,2025-11-04,0,1,0,67.78356164383561,6+ måneder
896,2025-07-31,Mand,utm_campaign=Marts25&utm_content=B&utm_medium=content&utm_source=jp.dk,0,1,4,3,2,2025-03-03,2025-05-02,1,1,Produkt,Redaktionelt indhold / holdning,2025-08-02,0,1,0,61.37534246575343,6+ måneder
235,2025-05-21,Kvinde,utm_campaign=Marts25&utm_content=sc_b&utm_medium=mail&utm_source=mail,1,0,3,2,2,2025-03-22,2025-05-21,0,0,Andet,Ingen årsag – ingen tlf kontakt,2025-05-21,1,0,0,70.04931506849314,6+ måneder
153,2025-07-11,Mand,utm_campaign=Basis_22&utm_content=HeaderButtonRaised&utm_medium=Matrice&utm_source=jp.dk,0,0,0,0,0,2025-03-09,2025-05-08,0,0,Andet,kunden ønsker ikke at oplyse,2025-08-08,0,1,0,60.556164383561644,6+ måneder
78,2025-04-04,Kvinde,utm_campaign=Marts25&utm_content=B&utm_medium=content&utm_source=jp.dk,0,1,0,0,0,2025-03-22,2025-05-21,0,0,Produkt,Redaktionelt indhold / holdning,2025-05-21,1,0,0,60.035616438356165,6+ måneder
1421,2025-12-05,Mand,utm_campaign=Basis_22&utm_content=HeaderButtonRaised&utm_medium=Matrice&utm_source=jp.dk,0,1,4,2,0,2025-03-11,2025-05-10,0,0,Andet,Ingen årsag – ingen tlf kontakt,2025-12-10,0,1,0,72.31506849315069,6+ måneder
327,2025-05-07,Kvinde,utm_campaign=Marts25&utm_content=A&utm_medium=content&utm_source=jp.dk,1,1,3,1,2,2025-03-15,2025-05-14,0,0,Andet,kunden ønsker ikke at oplyse,2025-05-14,1,0,0,60.81369863013698,6+ måneder
61,2025-03-12,Mand,utm_campaign=Marts25&utm_content=B&utm_medium=content&utm_source=jp.dk,0,0,0,0,0,2025-03-11,2025-05-10,0,0,Tid,Ikke tid,2025-05-10,1,0,0,37.26301369863014,0-7 dage
1415,2025-03-08,Mand,utm_campaign=Marts25&utm_content=B&utm_medium=content&utm_source=jp.dk,0,0,13,13,0,2025-03-08,2025-05-07,0,0,Økonomi,Pris,2025-05-07,1,0,0,48.0958904109589,6+ måneder
335,2025-03-21,Mand,utm_campaign=Marts25&utm_content=b&utm_medium=mail&utm_source=mail,1,0,2,2,0,2025-03-05,2025-05-04,0,0,Produkt,Redaktionelt indhold / holdning,2025-05-04,1,0,0,64.88767123287671,6+ måneder
1345,2025-03-16,Mand,utm_campaign=Marts25&utm_content=A&utm_medium=content&utm_source=jp.dk,0,0,2,1,0,2025-03-16,2025-05-15,0,0,Økonomi,Pris,2025-05-15,1,0,0,43.23287671232877,6+ måneder
667,2025-03-28,Mand,utm_campaign=Marts25&utm_content=a&utm_medium=mail&utm_source=mail,1,1,8,2,3,2025-03-05,2025-05-04,0,0,Andet,Ingen årsag – ingen tlf kontakt,2025-05-04,1,0,0,85.97260273972603,6+ måneder
61,2025-03-08,,utm_campaign=Marts25&utm_content=A&utm_medium=content&utm_source=jp.dk,0,0,0,0,0,2025-03-08,2025-05-07,0,0,Økonomi,Pris,2025-05-07,1,0,0,26.293150684931508,0-7 dage
799,2025-04-30,Mand,utm_campaign=Marts25&utm_content=B&utm_medium=content&utm_source=jp.dk,1,1,16,4,11,2025-03-10,2025-05-09,0,0,Økonomi,Pris,2025-05-09,1,0,0,69.46027397260274,6+ måneder
61,2025-03-28,Mand,utm_campaign=Marts25&utm_content=B&utm_medium=content&utm_source=jp.dk,0,0,0,0,0,2025-03-08,2025-05-07,0,0,Andet,kunden ønsker ikke at oplyse,2025-05-07,1,0,0,143.03835616438357,0-7 dage
61,2025-03-11,Kvinde,utm_campaign=Marts25&utm_content=B&utm_medium=content&utm_source=jp.dk,0,0,0,0,0,2025-03-11,2025-05-10,0,0,Produkt,Anden avis/produkt,2025-05-10,1,0,0,54.30684931506849,6+ måneder
1379,2025-03-13,Kvinde,utm_campaign=Marts25&utm_content=b&utm_medium=mail&utm_source=mail,1,0,16,8,6,2025-03-10,2025-05-09,0,0,Andet,kunden ønsker ikke at oplyse,2025-05-09,1,0,0,58.038356164383565,6+ måneder
130,2025-07-29,Kvinde,utm_campaign=Marts25&utm_medium=Matrice&utm_source=jp.dk,1,0,0,0,0,2025-03-21,2025-05-20,0,2,Salg,Misforstået salgsaftale,2025-07-28,0,1,0,67.24931506849315,6+ måneder
91,2025-04-19,Kvinde,utm_campaign=Marts25&utm_medium=Matrice&utm_source=jp.dk,0,0,0,0,0,2025-03-22,2025-05-21,0,0,Andet,kunden ønsker ikke at oplyse,2025-05-21,1,0,0,45.2,6+ måneder
372,2025-03-06,Mand,utm_campaign=Marts25&utm_content=b&utm_medium=mail&utm_source=mail,0,0,1,1,1,2025-03-05,2025-05-04,1,1,Andet,kunden ønsker ikke at oplyse,2025-05-04,1,0,0,69.07945205479452,6+ måneder
389,3000-01-01,Mand,utm_campaign=Marts25&utm_content=A&utm_medium=content&utm_source=jp.dk,0,1,1,0,1,2025-03-18,2025-05-17,0,0,Ingen afmelding,Ingen afmelding,3000-01-01,0,1,0,66.20821917808219,6+ måneder
719,3000-01-01,Mand,utm_campaign=Marts25&utm_content=sc_b&utm_medium=mail&utm_source=mail,0,1,2,1,0,2025-03-21,2025-05-20,0,0,Ingen afmelding,Ingen afmelding,3000-01-01,0,1,0,90.98082191780821,6+ måneder
383,2025-04-09,Mand,utm_campaign=Marts25&utm_medium=Matrice&utm_source=jp.dk,0,1,3,3,0,2025-03-13,2025-05-12,0,0,Tid,Ikke tid,2025-05-12,1,0,0,33.56438356164384,6+ måneder
736,3000-01-01,Mand,utm_campaign=Marts25&utm_content=sc_a&utm_medium=mail&utm_source=mail,0,0,1,1,0,2025-03-23,2025-05-22,0,0,Ingen afmelding,Ingen afmelding,3000-01-01,0,1,0,73.87123287671233,6+ måneder
384,2025-03-24,Kvinde,utm_campaign=Marts25&utm_content=A&utm_medium=content&utm_source=jp.dk,0,0,1,1,0,2025-03-20,2025-05-19,0,0,Produkt,Redaktionelt indhold / holdning,2025-05-19,1,0,0,61.2,6+ måneder
92,2025-06-14,Kvinde,utm_campaign=Marts25&utm_content=B&utm_medium=content&utm_source=jp.dk,0,0,0,0,0,2025-03-17,2025-05-16,0,0,Andet,RVS,2025-06-16,0,1,0,48.583561643835615,6+ måneder
1266,2025-11-04,Mand,utm_campaign=Marts25&utm_content=A&utm_medium=content&utm_source=jp.dk,1,1,5,5,0,2025-03-09,2025-05-08,0,0,Andet,kunden ønsker ikke at oplyse,2025-11-08,0,1,0,51.43835616438356,6+ måneder
640,2025-09-11,Mand,utm_campaign=Marts25&utm_content=a&utm_medium=mail&utm_source=mail,0,1,3,3,1,2025-03-05,2025-05-04,0,0,Andet,Administrativt,2025-09-14,0,1,0,75.17260273972603,6+ måneder
375,3000-01-01,Mand,utm_campaign=Marts25&utm_content=A&utm_medium=content&utm_source=jp.dk,1,1,0,0,0,2025-03-18,2025-05-17,0,0,Ingen afmelding,Ingen afmelding,3000-01-01,0,1,0,60.676712328767124,6+ måneder
376,3000-01-01,Mand,utm_campaign=Marts25&utm_content=A&utm_medium=content&utm_source=jp.dk,0,0,0,0,0,2025-03-17,2025-05-16,0,0,Ingen afmelding,Ingen afmelding,3000-01-01,0,1,0,46.30684931506849,0-7 dage
542,2025-05-23,,utm_campaign=Marts25&utm_content=b&utm_medium=mail&utm_source=mail,1,1,6,3,4,2025-03-05,2025-05-04,1,1,Produkt,Anden avis/produkt,2025-06-04,0,1,0,77.16712328767123,6+ måneder
329,2025-04-14,Kvinde,utm_campaign=Marts25&utm_content=A&utm_medium=content&utm_source=jp.dk,0,1,7,1,7,2025-03-05,2025-05-04,2,2,Andet,Ingen årsag – ingen tlf kontakt,2025-05-04,1,0,0,83.82191780821918,6+ måneder
245,2025-10-30,Mand,utm_campaign=Marts25&utm_content=A&utm_medium=content&utm_source=jp.dk,1,1,0,0,0,2025-03-18,2025-05-17,0,0,Tid,Ikke tid,2025-11-17,0,1,0,56.323287671232876,6+ måneder
1142,2025-05-22,Mand,utm_campaign=Marts25&utm_content=B&utm_medium=content&utm_source=jp.dk,0,1,16,11,4,2025-03-22,2025-05-21,0,0,Tid,Ikke tid,2025-06-21,0,1,0,51.843835616438355,6+ måneder
61,2025-04-12,Mand,utm_campaign=Marts25&utm_content=B&utm_medium=content&utm_source=jp.dk,1,1,0,0,0,2025-03-21,2025-05-20,0,0,Tid,Ikke tid,2025-05-20,1,0,0,65.04109589041096,0-7 dage
372,3000-01-01,Mand,utm_campaign=Marts25&utm_medium=Weblayer&utm_source=jp.dk,0,0,0,0,0,2025-03-21,2025-05-20,0,0,Ingen afmelding,Ingen afmelding,3000-01-01,0,1,0,65.67945205479452,6+ måneder
246,2025-03-14,Kvinde,utm_campaign=Basis_22&utm_content=HeaderButtonRaised&utm_medium=Matrice&utm_source=jp.dk,0,1,5,3,3,2025-03-13,2025-05-12,0,0,Andet,Ingen årsag – ingen tlf kontakt,2025-05-12,1,0,0,61.794520547945204,6+ måneder
291,2025-12-02,Kvinde,utm_campaign=Marts25&utm_medium=Matrice&utm_source=jp.dk,0,0,0,0,0,2025-03-13,2025-05-12,0,0,Tid,Ikke tid,2025-12-12,0,1,0,70.37534246575342,0-7 dage
425,2025-09-25,Mand,utm_campaign=Marts25&utm_content=sc_b&utm_medium=mail&utm_source=mail,1,1,2,1,1,2025-03-21,2025-05-20,1,1,Tid,Ikke tid,2025-09-24,0,1,0,80.9945205479452,6+ måneder
382,3000-01-01,Mand,utm_campaign=Marts25&utm_content=A&utm_medium=content&utm_source=jp.dk,0,1,0,0,0,2025-03-11,2025-05-10,0,0,Ingen afmelding,Ingen afmelding,3000-01-01,0,1,0,48.057534246575344,6+ måneder
806,3000-01-01,Mand,utm_campaign=Marts25&utm_content=b&utm_medium=mail&utm_source=mail,1,1,1,0,0,2025-03-05,2025-05-04,4,4,Ingen afmelding,Ingen afmelding,3000-01-01,0,1,0,79.8,6+ måneder
862,2025-08-29,Mand,utm_campaign=Marts25&utm_content=A&utm_medium=content&utm_source=jp.dk,1,1,3,3,1,2025-03-09,2025-05-08,1,1,Tid,Ikke tid,2025-09-08,0,1,0,79.15890410958905,6+ måneder
431,2025-05-15,Mand,utm_campaign=Marts25&utm_content=sc_b&utm_medium=mail&utm_source=mail,1,1,6,3,1,2025-03-21,2025-05-20,0,0,Tid,Ikke tid,2025-05-20,1,0,0,63.43561643835616,6+ måneder
61,2025-03-22,Mand,utm_campaign=Basis_22&utm_content=HeaderButtonRaised&utm_medium=Matrice&utm_source=jp.dk,0,0,0,0,0,2025-03-22,2025-05-21,0,0,Andet,kunden ønsker ikke at oplyse,2025-05-21,1,0,0,51.23287671232877,0-7 dage
725,2025-04-16,Mand,utm_campaign=Marts25&utm_content=sc_a&utm_medium=mail&utm_source=mail,1,1,2,1,0,2025-03-21,2025-04-16,0,0,Produkt,Redaktionelt indhold / holdning,2025-04-16,1,0,0,1.063013698630137,6+ måneder
458,2025-03-11,Mand,utm_campaign=Basis_22&utm_content=HeaderButtonRaised&utm_medium=Matrice&utm_source=jp.dk,0,1,3,2,0,2025-03-11,2025-05-10,3,3,Salg,Tidsbestemt / kampagneløb,2025-05-10,1,0,0,70.1945205479452,6+ måneder
275,2025-11-26,Mand,utm_campaign=Marts25&utm_content=A&utm_medium=content&utm_source=jp.dk,0,0,0,0,0,2025-03-17,2025-05-16,0,0,Produkt,Redaktionelt indhold / holdning,2025-12-16,0,1,0,49.66027397260274,0-7 dage
581,2025-06-24,Mand,utm_campaign=Marts25&utm_content=sc_a&utm_medium=mail&utm_source=mail,0,1,8,6,3,2025-03-22,2025-05-21,4,4,Tid,Ikke tid,2025-07-21,0,1,0,69.10958904109589,6+ måneder
92,2025-05-17,,utm_campaign=Marts25&utm_content=B&utm_medium=content&utm_source=jp.dk,0,0,0,0,0,2025-03-15,2025-05-14,0,0,Produkt,Redaktionelt indhold / holdning,2025-06-14,0,1,0,41.18904109589041,6+ måneder
92,2025-05-08,Mand,utm_campaign=Basis_22&utm_content=HeaderButtonRaised&utm_medium=Matrice&utm_source=jp.dk,0,0,0,0,0,2025-03-04,2025-05-03,0,0,Produkt,Redaktionelt indhold / holdning,2025-06-03,0,1,0,37.83287671232877,0-7 dage
153,2025-08-04,Kvinde,utm_campaign=Basis_22&utm_content=MegaMenu&utm_medium=Matrice&utm_source=jp.dk,0,0,0,0,0,2025-03-06,2025-05-05,0,0,Andet,Ingen årsag – ingen tlf kontakt,2025-08-05,0,1,0,43.14794520547945,0-7 dage
68,2025-05-15,Kvinde,utm_campaign=Marts25&utm_content=sc_b&utm_medium=mail&utm_source=mail,0,1,1,1,1,2025-03-21,2025-05-20,1,1,Andet,Ingen årsag – ingen tlf kontakt,2025-05-20,1,0,0,64.14246575342466,6+ måneder
61,2025-05-20,Kvinde,utm_campaign=Marts25&utm_content=B&utm_medium=content&utm_source=jp.dk,0,0,0,0,0,2025-03-24,2025-05-23,0,0,Tid,Ikke tid,2025-05-23,1,0,0,51.73972602739726,6+ måneder
245,2025-10-14,Kvinde,utm_campaign=Marts25&utm_content=A&utm_medium=content&utm_source=jp.dk,1,1,0,0,0,2025-03-10,2025-05-09,0,0,Tid,Ikke tid,2025-11-09,0,1,0,75.5068493150685,6+ måneder
61,2025-04-15,Mand,utm_campaign=Marts25&utm_content=B&utm_medium=content&utm_source=jp.dk,0,0,0,0,0,2025-03-15,2025-05-14,0,0,Tid,Ikke tid,2025-05-14,1,0,0,57.42739726027397,6+ måneder
1513,2025-05-06,Mand,utm_campaign=Marts25&utm_content=a&utm_medium=mail&utm_source=mail,0,1,8,4,4,2025-03-05,2025-05-04,2,2,Tid,Ikke tid,2025-06-04,0,1,0,67.86849315068493,6+ måneder
955,2025-04-12,Mand,utm_campaign=Marts25&utm_content=B&utm_medium=content&utm_source=jp.dk,0,1,9,6,2,2025-03-14,2025-05-13,1,1,Andet,kunden ønsker ikke at oplyse,2025-05-13,1,0,0,59.81369863013698,6+ måneder
436,2025-04-04,Mand,utm_campaign=Marts25&utm_content=A&utm_medium=content&utm_source=jp.dk,0,0,7,3,4,2025-03-09,2025-05-08,0,0,Produkt,Redaktionelt indhold / holdning,2025-05-08,1,0,0,61.23287671232877,6+ måneder
245,2025-11-13,Mand,,0,1,0,0,0,2025-03-21,2025-05-20,7,7,Tid,Ikke tid,2025-11-20,0,1,0,55.40821917808219,6+ måneder
616,2025-03-05,Mand,utm_campaign=Marts25&utm_content=A&utm_medium=content&utm_source=jp.dk,0,0,5,4,1,2025-03-05,2025-05-04,0,0,Andet,kunden ønsker ikke at oplyse,2025-05-04,1,0,0,49.15890410958904,6+ måneder
61,2025-03-09,Mand,utm_campaign=Marts25&utm_content=A&utm_medium=content&utm_source=jp.dk,0,0,0,0,0,2025-03-09,2025-05-08,0,0,Produkt,Redaktionelt indhold / holdning,2025-05-08,1,0,0,55.43287671232877,6+ måneder
676,2025-10-23,Mand,utm_campaign=Marts25&utm_content=sc_a&utm_medium=mail&utm_source=mail,0,1,1,1,0,2025-03-21,2025-05-20,0,0,Andet,Administrativt,2025-10-23,0,1,0,55.726027397260275,6+ måneder
466,2025-04-22,Mand,utm_campaign=Marts25&utm_content=sc_a&utm_medium=mail&utm_source=mail,1,1,1,1,0,2025-03-21,2025-05-20,0,0,Andet,kunden ønsker ikke at oplyse,2025-05-20,1,0,0,49.172602739726024,6+ måneder
377,2025-10-27,Mand,utm_campaign=Marts25&utm_content=A&utm_medium=content&utm_source=jp.dk,0,0,0,0,0,2025-03-16,2025-05-15,0,0,Andet,kunden ønsker ikke at oplyse,2025-11-15,0,1,0,80.37534246575342,6+ måneder
1602,2025-11-24,Mand,utm_campaign=Marts25&utm_content=A&utm_medium=content&utm_source=jp.dk,0,0,1,0,0,2025-03-10,2025-05-09,0,0,Tid,Ikke tid,2025-12-09,0,1,0,66.27397260273973,6+ måneder
246,2025-10-07,Kvinde,utm_campaign=&utm_content=genbesog_JP_digital&utm_medium=ppc&utm_source=adwords&utm_term=jyllands+posten+tilbud,0,0,0,0,0,2025-03-11,2025-05-10,0,0,Tid,Ikke tid,2025-11-11,0,1,0,79.35890410958905,0-7 dage
63,2025-05-23,Kvinde,utm_campaign=Marts25&utm_content=A&utm_medium=content&utm_source=jp.dk,1,1,0,0,0,2025-03-21,2025-05-20,0,0,Tid,Ikke tid,2025-05-22,0,1,1,44.463013698630135,6+ måneder
1680,2025-12-04,Mand,utm_campaign=Marts25&utm_content=B&utm_medium=content&utm_source=jp.dk,0,0,3,1,1,2025-03-04,2025-05-03,0,0,Økonomi,Pris,2026-01-03,0,1,0,68.27945205479452,6+ måneder
389,2025-05-12,Mand,utm_campaign=Marts25&utm_content=A&utm_medium=content&utm_source=jp.dk,0,0,4,1,2,2025-03-03,2025-05-02,0,0,Produkt,Anden avis/produkt,2025-06-02,0,1,0,61.03013698630137,6+ måneder
153,2025-07-02,Kvinde,utm_campaign=Marts25&utm_content=B&utm_medium=content&utm_source=jp.dk,1,1,1,0,0,2025-03-11,2025-05-10,0,0,Andet,kunden ønsker ikke at oplyse,2025-07-10,0,1,0,39.49041095890411,6+ måneder
396,2026-01-25,Mand,utm_campaign=Marts25&utm_content=A&utm_medium=content&utm_source=jp.dk,0,0,1,0,1,2025-03-04,2025-05-03,0,0,Økonomi,Pris,2026-02-03,0,1,0,51.59452054794521,6+ måneder
61,2025-03-11,Mand,utm_campaign=Marts25&utm_content=A&utm_medium=content&utm_source=jp.dk,0,0,0,0,0,2025-03-10,2025-05-09,3,4,Produkt,Redaktionelt indhold / holdning,2025-05-09,1,0,0,45.57260273972603,6+ måneder
408,3000-01-01,Mand,,0,1,2,1,2,2025-03-06,2025-05-05,1,0,Ingen afmelding,Ingen afmelding,3000-01-01,0,1,0,76.03561643835616,6+ måneder
275,2025-11-25,Kvinde,utm_campaign=Marts25&utm_content=a&utm_medium=mail&utm_source=mail,1,1,0,0,0,2025-03-05,2025-05-04,0,0,Tid,Ikke tid,2025-12-04,0,1,0,38.78630136986301,0-7 dage
1200,2025-06-21,Mand,utm_campaign=Morgen&utm_content=2025-03-19&utm_medium=email&utm_source=jp,0,1,23,9,12,2025-03-19,2025-05-18,5,6,Tid,Ikke tid,2025-07-18,0,1,0,66.5041095890411,6+ måneder
1037,2025-06-23,Kvinde,utm_campaign=Marts25&utm_content=B&utm_medium=content&utm_source=jp.dk,0,1,14,7,6,2025-03-20,2025-05-19,0,0,Andet,kunden ønsker ikke at oplyse,2025-07-19,0,1,0,54.00821917808219,6+ måneder
386,3000-01-01,Mand,utm_campaign=Marts25&utm_content=A&utm_medium=content&utm_source=jp.dk,0,1,0,0,0,2025-03-07,2025-05-06,0,0,Ingen afmelding,Ingen afmelding,3000-01-01,0,1,0,56.33424657534247,0-7 dage
409,3000-01-01,Mand,utm_campaign=Marts25&utm_content=B&utm_medium=content&utm_source=jp.dk,1,1,2,0,2,2025-03-05,2025-05-04,2,2,Ingen afmelding,Ingen afmelding,3000-01-01,0,1,0,80.48493150684932,6+ måneder
306,2025-08-21,Mand,utm_campaign=Marts25&utm_content=sc_a&utm_medium=mail&utm_source=mail,0,1,0,0,0,2025-03-21,2025-05-20,1,2,Tid,Ikke tid,2025-09-20,0,1,0,73.76712328767124,0-7 dage
853,2025-04-05,Kvinde,utm_campaign=Marts25&utm_content=a&utm_medium=mail&utm_source=mail,1,1,7,4,3,2025-03-05,2025-05-04,0,0,Andet,kunden ønsker ikke at oplyse,2025-05-04,1,0,0,74.48493150684932,6+ måneder
227,2025-07-04,Mand,utm_campaign=Marts25&utm_content=A&utm_medium=content&utm_source=jp.dk,1,0,1,1,0,2025-03-18,2025-05-17,1,1,Produkt,Redaktionelt indhold / holdning,2025-07-17,0,1,0,69.35616438356165,6+ måneder
152,2025-05-04,Kvinde,utm_campaign=&utm_content=genbesog_JP_digital&utm_medium=ppc&utm_source=adwords&utm_term=jyllands-posten+abonnement,0,0,1,1,0,2025-03-11,2025-05-10,0,0,Tid,Ikke tid,2025-05-10,1,0,0,71.95890410958904,6+ måneder
224,2025-07-01,Mand,utm_campaign=Marts25&utm_content=a&utm_medium=mail&utm_source=mail,0,1,2,2,0,2025-03-05,2025-05-04,0,0,Tid,Ikke tid,2025-07-04,0,1,0,51.21643835616438,6+ måneder
483,2025-12-04,Kvinde,utm_campaign=Basis_22&utm_content=HeaderButtonRaised&utm_medium=Matrice&utm_source=jp.dk,0,0,4,1,2,2025-03-11,2025-05-10,1,1,Digitalt,Tekniske problemer (kunde),2025-12-10,0,1,0,71.37260273972603,6+ måneder
101,2025-03-07,Kvinde,utm_campaign=Basis_22&utm_content=HeaderButtonRaised&utm_medium=Matrice&utm_source=jp.dk,0,0,0,0,0,2025-03-03,2025-05-02,0,0,Produkt,Redaktionelt indhold / holdning,2025-05-02,1,0,0,49.72054794520548,0-7 dage
214,2025-09-17,Mand,utm_campaign=Marts25&utm_content=B&utm_medium=content&utm_source=jp.dk,0,0,0,0,0,2025-03-07,2025-05-06,0,0,Tid,Ikke tid,2025-10-06,0,1,0,63.99178082191781,6+ måneder
751,2025-05-20,Mand,utm_campaign=Marts25&utm_content=sc_b&utm_medium=mail&utm_source=mail,1,1,9,6,2,2025-03-21,2025-05-20,6,6,Tid,Ikke tid,2025-05-20,1,0,0,75.54246575342465,6+ måneder
533,2025-06-18,Mand,utm_campaign=Marts25&utm_content=A&utm_medium=content&utm_source=jp.dk,0,1,2,1,0,2025-03-04,2025-05-03,3,4,Andet,RVS,2025-06-17,0,1,0,64.61917808219178,6+ måneder
735,2025-03-04,Mand,utm_campaign=Basis_22&utm_content=HeaderButtonRaised&utm_medium=Matrice&utm_source=jp.dk,0,1,10,5,7,2025-03-04,2025-05-03,2,3,Økonomi,Pris,2025-05-03,1,0,0,59.92602739726028,6+ måneder
153,2025-07-27,Mand,utm_campaign=Marts25&utm_content=A&utm_medium=content&utm_source=jp.dk,1,1,0,0,0,2025-03-24,2025-05-23,0,0,Tid,Ikke tid,2025-08-23,0,1,0,62.172602739726024,0-7 dage
379,3000-01-01,Mand,utm_campaign=Marts25&utm_medium=Matrice&utm_source=jp.dk,0,1,0,0,0,2025-03-14,2025-05-13,1,2,Ingen afmelding,Ingen afmelding,3000-01-01,0,1,0,73.8054794520548,6+ måneder
903,2025-05-21,Mand,utm_campaign=Marts25&utm_medium=Weblayer&utm_source=jp.dk,0,0,6,5,1,2025-03-21,2025-05-20,0,0,Produkt,Anden avis/produkt,2025-05-20,1,0,0,78.73424657534247,6+ måneder
119,2025-03-10,Kvinde,utm_campaign=Marts25&utm_content=A&utm_medium=content&utm_source=jp.dk,0,0,2,0,0,2025-03-08,2025-05-07,0,1,Andet,Ingen årsag – ingen tlf kontakt,2025-05-07,1,0,0,76.59178082191781,6+ måneder
245,2025-10-23,Mand,utm_campaign=Marts25&utm_content=A&utm_medium=content&utm_source=jp.dk,0,0,0,0,0,2025-03-17,2025-05-16,0,0,Produkt,Redaktionelt indhold / holdning,2025-11-16,0,1,0,42.602739726027394,6+ måneder
1404,3000-01-01,Mand,utm_campaign=Basis_22&utm_content=HeaderButtonRaised&utm_medium=Matrice&utm_source=jp.dk,0,1,17,11,10,2025-03-08,2025-05-07,0,0,Ingen afmelding,Ingen afmelding,3000-01-01,0,1,0,52.97260273972603,6+ måneder
251,2025-03-15,Mand,utm_campaign=Marts25&utm_content=A&utm_medium=content&utm_source=jp.dk,0,0,2,0,2,2025-03-15,2025-05-14,0,0,Andet,kunden ønsker ikke at oplyse,2025-05-14,1,0,0,48.06849315068493,6+ måneder
370,3000-01-01,Mand,utm_campaign=Basis_22&utm_content=MegaMenu&utm_medium=Matrice&utm_source=jp.dk,0,0,0,0,0,2025-03-23,2025-05-22,0,0,Ingen afmelding,Ingen afmelding,3000-01-01,0,1,0,97.25753424657535,6+ måneder
680,2025-05-25,Mand,utm_campaign=Marts25&utm_content=B&utm_medium=content&utm_source=jp.dk,0,0,2,2,0,2025-03-23,2025-05-22,0,0,Økonomi,Pris,2025-06-22,0,1,0,78.0958904109589,6+ måneder
1202,2025-03-28,Mand,utm_campaign=Marts25&utm_medium=Matrice&utm_source=jp.dk,1,1,23,6,14,2025-03-05,2025-05-04,5,6,Andet,kunden ønsker ikke at oplyse,2025-05-04,1,0,0,78.23835616438356,6+ måneder
61,2025-04-11,Kvinde,utm_campaign=Marts25&utm_content=A&utm_medium=content&utm_source=jp.dk,0,0,0,0,0,2025-03-21,2025-05-20,0,0,Produkt,Redaktionelt indhold / holdning,2025-05-20,1,0,0,49.87945205479452,6+ måneder
275,2025-12-10,Kvinde,utm_campaign=Marts25&utm_content=A&utm_medium=content&utm_source=jp.dk,0,0,0,0,0,2025-03-14,2025-05-13,0,0,Tid,Ikke tid,2025-12-13,0,1,0,55.42739726027397,0-7 dage
68,2025-04-06,Kvinde,utm_campaign=Marts25&utm_content=B&utm_medium=content&utm_source=jp.dk,0,1,1,0,1,2025-03-23,2025-05-22,0,0,Produkt,Redaktionelt indhold / holdning,2025-05-22,1,0,0,54.71506849315068,6+ måneder
167,2025-05-05,Mand,utm_campaign=Marts25&utm_content=B&utm_medium=content&utm_source=jp.dk,0,0,3,1,2,2025-03-20,2025-05-19,0,0,Produkt,Redaktionelt indhold / holdning,2025-05-19,1,0,0,49.16164383561644,6+ måneder
1531,3000-01-01,Kvinde,utm_campaign=Basis_22&utm_content=HeaderButtonRaised&utm_medium=Matrice&utm_source=jp.dk,1,1,3,0,1,2025-03-11,2025-05-10,0,0,Ingen afmelding,Ingen afmelding,3000-01-01,0,1,0,65.97534246575343,6+ måneder
212,2025-05-28,Kvinde,utm_campaign=Marts25&utm_content=b&utm_medium=mail&utm_source=mail,0,1,2,2,2,2025-03-14,2025-05-13,0,0,Andet,kunden ønsker ikke at oplyse,2025-06-13,0,1,0,59.19178082191781,6+ måneder
384,3000-01-01,Mand,utm_campaign=Marts25&utm_content=A&utm_medium=content&utm_source=jp.dk,0,0,0,0,0,2025-03-09,2025-05-08,0,0,Ingen afmelding,Ingen afmelding,3000-01-01,0,1,0,57.38904109589041,0-7 dage
166,2025-03-20,Mand,utm_campaign=Marts25&utm_content=A&utm_medium=content&utm_source=jp.dk,0,1,1,1,0,2025-03-04,2025-05-03,0,0,Tid,Ikke tid,2025-05-03,1,0,0,79.63287671232877,1-6 måneder
89,2025-05-02,Kvinde,utm_campaign=Marts25&utm_content=A&utm_medium=content&utm_source=jp.dk,0,0,1,0,0,2025-03-15,2025-05-14,0,0,Tid,Ikke tid,2025-05-14,1,0,0,58.12602739726027,6+ måneder
135,2025-05-19,Kvinde,utm_campaign=Marts25&utm_content=sc_a&utm_medium=mail&utm_source=mail,0,1,8,4,4,2025-03-21,2025-05-20,9,7,Økonomi,Pris,2025-05-20,1,0,0,88.27123287671233,6+ måneder
61,2025-04-09,Kvinde,utm_campaign=Marts25&utm_content=B&utm_medium=content&utm_source=jp.dk,0,0,0,0,0,2025-03-19,2025-05-18,0,0,Tid,Ikke tid,2025-05-18,1,0,0,60.4986301369863,0-7 dage
383,3000-01-01,Mand,utm_campaign=Marts25&utm_content=A&utm_medium=content&utm_source=jp.dk,0,0,0,0,0,2025-03-10,2025-05-09,0,0,Ingen afmelding,Ingen afmelding,3000-01-01,0,1,0,66.26849315068493,0-7 dage
388,3000-01-01,Mand,utm_campaign=Marts25&utm_content=a&utm_medium=mail&utm_source=mail,1,0,0,0,0,2025-03-05,2025-05-04,0,0,Ingen afmelding,Ingen afmelding,3000-01-01,0,1,0,76.25205479452055,6+ måneder
304,2025-05-27,Mand,utm_campaign=Marts25&utm_content=B&utm_medium=content&utm_source=jp.dk,1,1,0,0,0,2025-03-23,2025-05-22,0,0,Produkt,Redaktionelt indhold / holdning,2025-06-22,0,1,0,82.34794520547945,0-7 dage
1355,2025-05-09,Mand,utm_campaign=Basis_22&utm_content=HeaderButtonRaised&utm_medium=Matrice&utm_source=jp.dk,0,1,18,9,9,2025-03-11,2025-05-10,0,0,Andet,Ingen årsag – ingen tlf kontakt,2025-05-10,1,0,0,83.8986301369863,6+ måneder
1210,2025-03-28,Mand,utm_campaign=Marts25&utm_content=sc_b&utm_medium=mail&utm_source=mail,1,1,26,9,15,2025-03-21,2025-05-20,0,0,Økonomi,Pris,2025-05-20,1,0,0,73.43287671232876,6+ måneder
563,3000-01-01,,utm_campaign=Basis_22&utm_content=HeaderButtonRaised&utm_medium=Matrice&utm_source=jp.dk,0,1,2,2,0,2025-03-11,2025-05-10,0,0,Ingen afmelding,Ingen afmelding,3000-01-01,0,1,0,49.912328767123284,6+ måneder
347,2025-04-23,Mand,utm_campaign=Marts25&utm_content=sc_a&utm_medium=mail&utm_source=mail,1,1,3,2,0,2025-03-21,2025-05-20,0,0,Tid,Ikke tid,2025-05-20,1,0,0,49.94794520547945,6+ måneder
306,2025-03-21,Kvinde,utm_campaign=Marts25&utm_content=B&utm_medium=content&utm_source=jp.dk,0,0,2,1,1,2025-03-20,2025-05-19,0,0,Andet,kunden ønsker ikke at oplyse,2025-05-19,1,0,0,70.47945205479452,6+ måneder
61,2025-03-22,Mand,utm_campaign=Marts25&utm_content=B&utm_medium=content&utm_source=jp.dk,0,0,0,0,0,2025-03-14,2025-05-13,0,0,Tid,Ikke tid,2025-05-13,1,0,0,54.772602739726025,6+ måneder
1137,2025-04-28,Mand,utm_campaign=Marts25&utm_content=b&utm_medium=mail&utm_source=mail,1,1,10,4,5,2025-03-05,2025-05-04,1,1,Andet,kunden ønsker ikke at oplyse,2025-05-04,1,0,0,74.59178082191781,6+ måneder
1128,2025-04-07,Mand,utm_campaign=Basis_22&utm_content=MegaMenu&utm_medium=Matrice&utm_source=jp.dk,1,1,25,11,15,2025-03-21,2025-05-20,0,0,Produkt,Redaktionelt indhold / holdning,2025-05-20,1,0,0,75.0958904109589,6+ måneder
92,2025-05-14,Kvinde,utm_campaign=Marts25&utm_content=B&utm_medium=content&utm_source=jp.dk,0,1,0,0,0,2025-03-12,2025-05-11,0,0,Tid,Ikke tid,2025-06-11,0,1,0,41.0958904109589,0-7 dage
123,2025-04-18,Mand,utm_campaign=Marts25&utm_content=A&utm_medium=content&utm_source=jp.dk,0,0,1,1,0,2025-03-22,2025-05-21,0,0,Produkt,Anden avis/produkt,2025-05-21,1,0,0,43.27945205479452,6+ måneder
931,2025-04-02,Mand,utm_campaign=Marts25&utm_content=a&utm_medium=mail&utm_source=mail,1,1,11,7,2,2025-03-05,2025-05-04,0,0,Produkt,Redaktionelt indhold / holdning,2025-05-04,1,0,0,51.942465753424656,6+ måneder
508,2025-12-12,Mand,utm_campaign=Marts25&utm_content=b&utm_medium=mail&utm_source=mail,1,1,1,1,0,2025-03-06,2025-05-05,0,0,Økonomi,Prisstigning,2026-01-05,0,1,0,67.95068493150686,6+ måneder
61,2025-03-07,Mand,utm_campaign=Marts25&utm_content=B&utm_medium=content&utm_source=jp.dk,0,1,0,0,0,2025-03-07,2025-05-06,0,0,Produkt,Redaktionelt indhold / holdning,2025-05-06,1,0,0,52.271232876712325,0-7 dage
1150,2025-12-09,Kvinde,utm_campaign=Marts25&utm_content=A&utm_medium=content&utm_source=jp.dk,1,1,4,1,2,2025-03-07,2025-05-06,0,0,Økonomi,Pris,2026-01-06,0,1,0,63.33698630136986,6+ måneder
337,2025-05-18,Mand,utm_campaign=Marts25&utm_content=A&utm_medium=content&utm_source=jp.dk,0,0,1,1,0,2025-03-16,2025-05-15,0,0,Tid,Ikke tid,2025-05-15,1,0,0,50.778082191780825,6+ måneder
371,3000-01-01,Mand,utm_campaign=Marts25&utm_content=sc_b&utm_medium=mail&utm_source=mail,0,1,0,0,0,2025-03-22,2025-05-21,7,7,Ingen afmelding,Ingen afmelding,3000-01-01,0,1,0,77.63835616438357,6+ måneder
667,2025-03-17,Mand,utm_campaign=Marts25&utm_content=A&utm_medium=content&utm_source=jp.dk,0,1,2,2,0,2025-03-03,2025-05-02,1,1,Andet,kunden ønsker ikke at oplyse,2025-05-02,1,0,0,78.02465753424657,6+ måneder
926,3000-01-01,Mand,utm_campaign=Marts25&utm_content=B&utm_medium=content&utm_source=jp.dk,0,0,6,3,0,2025-03-19,2025-05-18,0,0,Ingen afmelding,Ingen afmelding,3000-01-01,0,1,0,53.726027397260275,6+ måneder
305,2025-06-16,Mand,utm_campaign=Marts25&utm_content=A&utm_medium=content&utm_source=jp.dk,0,1,1,1,0,2025-03-11,2025-05-10,0,0,Andet,kunden ønsker ikke at oplyse,2025-06-10,0,1,0,50.61643835616438,6+ måneder
1105,2025-03-19,Mand,utm_campaign=Marts25&utm_content=A&utm_medium=content&utm_source=jp.dk,0,1,8,8,0,2025-03-19,2025-05-18,0,0,Andet,kunden ønsker ikke at oplyse,2025-05-18,1,0,0,75.96164383561644,6+ måneder
277,2025-08-22,Mand,utm_campaign=Marts25&utm_content=sc_b&utm_medium=mail&utm_source=mail,1,1,1,1,1,2025-03-21,2025-05-20,0,0,Tid,Ikke tid,2025-09-20,0,1,0,64.97260273972603,1-6 måneder
184,2025-08-22,Kvinde,utm_campaign=Basis_22&utm_content=HeaderButtonRaised&utm_medium=Matrice&utm_source=jp.dk,0,0,0,0,0,2025-03-19,2025-05-18,0,0,Tid,Ikke tid,2025-09-18,0,1,0,36.12328767123287,6+ måneder
103,2025-03-12,Kvinde,utm_campaign=Marts25&utm_content=B&utm_medium=content&utm_source=jp.dk,0,1,3,0,2,2025-03-09,2025-05-08,3,3,Andet,Ingen årsag – ingen tlf kontakt,2025-05-08,1,0,0,64.44657534246575,6+ måneder
700,3000-01-01,Mand,utm_campaign=Marts25&utm_content=sc_b&utm_medium=mail&utm_source=mail,1,1,4,3,3,2025-03-21,2025-05-20,2,3,Ingen afmelding,Ingen afmelding,3000-01-01,0,1,0,60.42191780821918,6+ måneder
250,2025-03-24,Mand,utm_campaign=Basis_22&utm_content=HeaderButtonRaised&utm_medium=Matrice&utm_source=jp.dk,0,1,11,8,4,2025-03-11,2025-05-10,3,3,Tid,Ikke tid,2025-05-10,1,0,0,74.97534246575343,6+ måneder
92,2025-06-09,Mand,utm_campaign=Marts25&utm_content=B&utm_medium=content&utm_source=jp.dk,0,0,0,0,0,2025-03-24,2025-05-23,0,1,Økonomi,Pris,2025-06-23,0,1,0,27.64109589041096,6+ måneder
722,2025-04-30,Kvinde,utm_campaign=Marts25&utm_content=a&utm_medium=mail&utm_source=mail,0,1,2,2,0,2025-03-05,2025-05-04,5,6,Produkt,Anden avis/produkt,2025-05-04,1,0,0,78.43013698630136,6+ måneder
1609,3000-01-01,Kvinde,utm_campaign=Marts25&utm_content=sc_a&utm_medium=mail&utm_source=mail,0,1,12,2,10,2025-03-23,2025-05-22,0,0,Ingen afmelding,Ingen afmelding,3000-01-01,0,1,0,68.07945205479452,6+ måneder
244,2025-03-25,Kvinde,utm_campaign=Marts25&utm_content=B&utm_medium=content&utm_source=jp.dk,1,1,2,2,0,2025-03-11,2025-05-10,0,0,Andet,kunden ønsker ikke at oplyse,2025-05-10,1,0,0,52.24109589041096,6+ måneder
62,2025-05-22,Kvinde,utm_campaign=Basis_22&utm_content=HeaderButtonRaised&utm_medium=Matrice&utm_source=jp.dk,0,0,0,0,0,2025-03-21,2025-05-20,0,0,Salg,Annulleret køb,2025-05-21,0,1,1,41.92054794520548,0-7 dage
383,3000-01-01,Mand,utm_campaign=&utm_content=genbesog_JP_digital&utm_medium=ppc&utm_source=adwords&utm_term=jyllands-posten+abonnementer,0,0,0,0,0,2025-03-10,2025-05-09,0,0,Ingen afmelding,Ingen afmelding,3000-01-01,0,1,0,73.42739726027398,0-7 dage
1031,2025-05-12,Mand,utm_campaign=Marts25&utm_content=sc_b&utm_medium=mail&utm_source=mail,1,1,13,7,6,2025-03-24,2025-05-23,0,1,Andet,Ingen årsag – ingen tlf kontakt,2025-05-23,1,0,0,83.2931506849315,6+ måneder
272,2025-03-15,Kvinde,utm_campaign=Marts25&utm_content=A&utm_medium=content&utm_source=jp.dk,0,0,2,2,0,2025-03-15,2025-05-14,0,0,Andet,kunden ønsker ikke at oplyse,2025-05-14,1,0,0,42.94794520547945,6+ måneder
92,2025-05-22,Mand,utm_campaign=Marts25&utm_content=A&utm_medium=content&utm_source=jp.dk,0,0,0,0,0,2025-03-04,2025-05-03,0,0,Digitalt,Tekniske problemer (kunde),2025-06-03,0,1,0,69.24383561643836,1-6 måneder
1497,3000-01-01,Mand,utm_campaign=Marts25&utm_content=b&utm_medium=mail&utm_source=mail,0,1,8,2,5,2025-03-05,2025-05-04,3,3,Ingen afmelding,Ingen afmelding,3000-01-01,0,1,0,82.6109589041096,6+ måneder
1095,2025-07-28,Mand,utm_campaign=Marts25&utm_content=A&utm_medium=content&utm_source=jp.dk,0,0,10,10,0,2025-03-15,2025-05-14,0,0,Andet,kunden ønsker ikke at oplyse,2025-08-14,0,1,0,59.082191780821915,6+ måneder
390,2025-03-23,Mand,utm_campaign=Marts25&utm_content=sc_a&utm_medium=mail&utm_source=mail,0,1,2,2,2,2025-03-23,2025-05-22,0,2,Tid,Ikke tid,2025-05-22,1,0,0,66.8986301369863,6+ måneder
585,2025-04-16,Mand,utm_campaign=Marts25&utm_content=e-avis_ikkeabn&utm_medium=matrice&utm_source=jp.dk,0,0,5,3,2,2025-03-23,2025-05-22,4,3,Produkt,Anden avis/produkt,2025-05-22,1,0,0,72.9068493150685,6+ måneder
461,2025-12-12,Mand,utm_campaign=Marts25&utm_content=sc_a&utm_medium=mail&utm_source=mail,0,1,16,6,11,2025-03-21,2025-05-20,0,0,Produkt,Digital platform,2025-12-20,0,1,0,24.202739726027396,6+ måneder
566,3000-01-01,Mand,utm_campaign=Basis_22&utm_content=HeaderButtonRaised&utm_medium=Matrice&utm_source=jp.dk,0,0,3,1,1,2025-03-21,2025-05-20,0,0,Ingen afmelding,Ingen afmelding,3000-01-01,0,1,0,32.67123287671233,6+ måneder
457,2025-04-26,,utm_campaign=Marts25&utm_content=a&utm_medium=mail&utm_source=mail,1,1,8,3,5,2025-03-06,2025-05-05,0,0,Økonomi,Pris,2025-05-05,1,0,0,66.78630136986301,6+ måneder
383,3000-01-01,Kvinde,utm_campaign=Marts25&utm_content=A&utm_medium=content&utm_source=jp.dk,1,1,0,0,0,2025-03-10,2025-05-09,5,5,Ingen afmelding,Ingen afmelding,3000-01-01,0,1,0,72.58904109589041,6+ måneder
61,2025-04-22,Kvinde,utm_campaign=Marts25&utm_content=A&utm_medium=content&utm_source=jp.dk,0,0,0,0,0,2025-03-06,2025-05-05,0,0,Økonomi,Pris,2025-05-05,1,0,0,67.06575342465753,0-7 dage
123,2025-03-19,Mand,utm_campaign=Marts25&utm_content=B&utm_medium=content&utm_source=jp.dk,0,0,2,2,0,2025-03-19,2025-05-18,0,0,Produkt,Redaktionelt indhold / holdning,2025-05-18,1,0,0,36.66301369863014,6+ måneder
122,2025-06-26,Kvinde,utm_campaign=Marts25&utm_content=A&utm_medium=content&utm_source=jp.dk,0,0,0,0,0,2025-03-11,2025-05-10,0,0,Tid,Ikke tid,2025-07-10,0,1,0,46.153424657534245,6+ måneder
511,2025-04-01,Kvinde,utm_campaign=Marts25&utm_content=sc_a&utm_medium=mail&utm_source=mail,0,1,3,2,0,2025-03-21,2025-05-20,3,3,Andet,Ingen årsag – ingen tlf kontakt,2025-05-20,1,0,0,85.66849315068494,6+ måneder
1192,2025-05-23,Mand,utm_campaign=Marts25&utm_content=sc_b&utm_medium=mail&utm_source=mail,0,1,9,7,2,2025-03-21,2025-05-20,0,0,Andet,Ingen årsag – ingen tlf kontakt,2025-05-22,0,1,1,73.59726027397261,6+ måneder
1444,2025-03-08,Mand,utm_campaign=Marts25&utm_content=a&utm_medium=mail&utm_source=mail,1,1,9,5,2,2025-03-08,2025-05-07,0,0,Økonomi,Pris,2025-05-07,1,0,0,69.9972602739726,6+ måneder
251,2025-04-22,Mand,utm_campaign=Marts25&utm_medium=topticker&utm_source=jp.dk,0,1,2,2,0,2025-03-22,2025-05-21,0,0,Andet,Ingen årsag – ingen tlf kontakt,2025-05-21,1,0,0,73.81917808219178,6+ måneder
1258,2025-08-07,Kvinde,utm_campaign=Marts25&utm_content=b&utm_medium=mail&utm_source=mail,1,1,10,9,4,2025-03-05,2025-05-04,1,1,Tid,Ikke tid,2025-09-04,0,1,0,76.58630136986301,6+ måneder
1807,3000-01-01,Mand,utm_campaign=Marts25&utm_medium=adops&utm_source=jp.dk,1,0,13,4,8,2025-03-16,2025-05-15,0,0,Ingen afmelding,Ingen afmelding,3000-01-01,0,1,0,80.12328767123287,6+ måneder
536,2025-05-31,Kvinde,utm_campaign=Marts25&utm_medium=Matrice&utm_source=jp.dk,0,1,7,2,4,2025-03-22,2025-05-21,3,3,Tid,Ikke tid,2025-06-21,0,1,0,69.14520547945206,6+ måneder
61,2025-04-05,Mand,utm_campaign=Marts25&utm_content=sc_b&utm_medium=mail&utm_source=mail,1,0,0,0,0,2025-03-21,2025-05-20,0,0,Produkt,Redaktionelt indhold / holdning,2025-05-20,1,0,0,58.0027397260274,6+ måneder
328,2025-03-31,Mand,utm_campaign=Marts25&utm_content=sc_b&utm_medium=mail&utm_source=mail,1,1,1,1,1,2025-03-22,2025-05-21,0,0,Tid,Ikke tid,2025-05-21,1,0,0,71.42465753424658,6+ måneder
514,2025-04-09,Mand,utm_campaign=Marts25&utm_content=sc_a&utm_medium=mail&utm_source=mail,1,1,11,6,7,2025-03-22,2025-05-21,0,0,Andet,kunden ønsker ikke at oplyse,2025-05-21,1,0,0,77.34794520547945,6+ måneder
